case,scenario,family,span,policy,kind,bounded_truth,bounded_violation,bytes,certificate_bytes,closure_count,drops,elapsed_ms,immediate_truth,immediate_violation,logical_time,messages,phase,reason,root,serve,support_count,verify_ms
case-01,partition,public-lock,1,lww,main,True,False,34888,34834,0,0,3.1583490000031134,True,False,1,2,base,SERVE,n0/bundle,True,0,0.0127489999925956
case-01,partition,public-lock,1,lww,main,True,False,34888,34834,0,0,3.2922209999952656,True,False,4,2,partition-young,SERVE,n0/bundle,True,0,0.012678999993909201
case-01,partition,public-lock,1,lww,main,True,False,34888,34834,0,0,3.4745049999997946,True,False,14,2,partition-expired,SERVE,n0/bundle,True,0,0.010865999996667597
case-01,partition,public-lock,1,lww,main,True,False,34888,34834,0,0,3.472601999988001,True,False,27,2,recovered,SERVE,n0/bundle,True,0,0.011778000001072542
case-01,partition,public-lock,1,signed-index,main,True,False,34888,34834,0,0,3.151168000002258,True,False,1,2,base,SERVE,n0/bundle,True,0,0.012398999999163607
case-01,partition,public-lock,1,signed-index,main,True,False,34888,34834,0,0,3.2734920000052625,True,False,4,2,partition-young,SERVE,n0/bundle,True,0,0.011507000010624324
case-01,partition,public-lock,1,signed-index,main,True,False,34888,34834,0,0,3.5111910000011903,True,False,14,2,partition-expired,SERVE,n0/bundle,True,0,0.0115179999937709
case-01,partition,public-lock,1,signed-index,main,True,False,34888,34834,0,0,3.487684999996077,True,False,27,2,recovered,SERVE,n0/bundle,True,0,0.011917999998445339
case-01,partition,public-lock,1,transparency-only,main,True,False,34888,34834,0,0,3.16791400000227,True,False,1,2,base,SERVE,n0/bundle,True,0,0.02765199999998913
case-01,partition,public-lock,1,transparency-only,main,True,False,34888,34834,0,0,3.295344999997951,True,False,4,2,partition-young,SERVE,n0/bundle,True,0,0.026619999999866195
case-01,partition,public-lock,1,transparency-only,main,True,False,34888,34834,0,0,3.5650819999943906,True,False,14,2,partition-expired,SERVE,n0/bundle,True,0,0.025117999996382423
case-01,partition,public-lock,1,transparency-only,main,True,False,34888,34834,0,0,3.48304799999255,True,False,27,2,recovered,SERVE,n0/bundle,True,0,0.026390000002152192
case-01,partition,public-lock,1,root-only,main,True,False,35539,34834,62,0,16.295764000005875,True,False,1,8,base,SERVE,n0/bundle,True,2,11.568570999997974
case-01,partition,public-lock,1,root-only,main,True,False,35539,34834,62,0,16.313500999999064,True,False,4,8,partition-young,SERVE,n0/bundle,True,2,11.53051400000038
case-01,partition,public-lock,1,root-only,main,True,False,35543,34835,62,0,16.53837899999644,True,False,14,8,partition-expired,SERVE,n0/bundle,True,2,11.504334999997923
case-01,partition,public-lock,1,root-only,main,True,False,35543,34835,62,0,16.52329700000621,True,False,27,8,recovered,SERVE,n0/bundle,True,2,11.61666400000172
case-01,partition,public-lock,1,all-namespaces,main,True,False,52238,44364,62,0,36.06235699999161,True,False,1,74,base,SERVE,n0/bundle,True,2,15.062034999999696
case-01,partition,public-lock,1,all-namespaces,main,True,False,51171,44364,62,2,34.67783099999622,True,False,4,66,partition-young,SERVE,n0/bundle,True,2,14.9909579999985
case-01,partition,public-lock,1,all-namespaces,main,True,False,51211,44374,62,2,33.88437600000316,True,False,14,66,partition-expired,EXPIRED,n0/bundle,False,2,14.990197000003036
case-01,partition,public-lock,1,all-namespaces,main,True,False,52286,44376,62,0,36.24447199999281,True,False,27,74,recovered,SERVE,n0/bundle,True,2,15.01092799999526
case-01,partition,public-lock,1,scoped,main,True,False,39179,34834,62,0,19.775566999996386,True,False,1,18,base,SERVE,n0/bundle,True,2,11.55300700000339
case-01,partition,public-lock,1,scoped,main,True,False,39179,34834,62,0,19.897450999991406,True,False,4,18,partition-young,SERVE,n0/bundle,True,2,11.603925000002846
case-01,partition,public-lock,1,scoped,main,True,False,39187,34836,62,0,20.124512999998956,True,False,14,18,partition-expired,SERVE,n0/bundle,True,2,11.570294000009085
case-01,partition,public-lock,1,scoped,main,True,False,39187,34836,62,0,20.278665999995837,True,False,27,18,recovered,SERVE,n0/bundle,True,2,11.574871000007647
case-01,partition,public-lock,1,status-proof,main,True,False,18280,15292,62,0,4.462504000002809,True,False,1,6,base,SERVE,n0/bundle,True,2,0.45201100000724637
case-01,partition,public-lock,1,status-proof,main,True,False,18280,15292,62,0,4.499138999989327,True,False,4,6,partition-young,SERVE,n0/bundle,True,2,0.4593820000025062
case-01,partition,public-lock,1,status-proof,main,True,False,18284,15294,62,0,4.828334999999129,True,False,14,6,partition-expired,SERVE,n0/bundle,True,2,0.4369890000077703
case-01,partition,public-lock,1,status-proof,main,True,False,18284,15294,62,0,5.284833000004596,True,False,27,6,recovered,SERVE,n0/bundle,True,2,0.4420559999971374
case-02,partition,public-lock,3,lww,main,True,False,36778,36724,0,0,3.353662999998619,True,False,1,2,base,SERVE,n0/bundle,True,0,0.016724999994721657
case-02,partition,public-lock,3,lww,main,True,False,36778,36724,0,0,3.283186999993859,True,False,4,2,partition-young,SERVE,n0/bundle,True,0,0.011857999993480917
case-02,partition,public-lock,3,lww,main,True,False,36778,36724,0,0,3.560524999997483,True,False,14,2,partition-expired,SERVE,n0/bundle,True,0,0.01159800000039013
case-02,partition,public-lock,3,lww,main,True,False,36778,36724,0,0,3.513834999992582,True,False,27,2,recovered,SERVE,n0/bundle,True,0,0.011997999990853714
case-02,partition,public-lock,3,signed-index,main,True,False,36778,36724,0,0,3.1748940000113635,True,False,1,2,base,SERVE,n0/bundle,True,0,0.0123789999975088
case-02,partition,public-lock,3,signed-index,main,True,False,36778,36724,0,0,3.40666399999634,True,False,4,2,partition-young,SERVE,n0/bundle,True,0,0.011757000009993135
case-02,partition,public-lock,3,signed-index,main,True,False,36778,36724,0,0,3.5157780000076855,True,False,14,2,partition-expired,SERVE,n0/bundle,True,0,0.011938000000100146
case-02,partition,public-lock,3,signed-index,main,True,False,36778,36724,0,0,3.5094979999996667,True,False,27,2,recovered,SERVE,n0/bundle,True,0,0.012738999998873624
case-02,partition,public-lock,3,transparency-only,main,True,False,36778,36724,0,0,3.220423000001915,True,False,1,2,base,SERVE,n0/bundle,True,0,0.026159000000802735
case-02,partition,public-lock,3,transparency-only,main,True,False,36778,36724,0,0,3.2937739999994164,True,False,4,2,partition-young,SERVE,n0/bundle,True,0,0.024617000008220202
case-02,partition,public-lock,3,transparency-only,main,True,False,36778,36724,0,0,3.5823679999964497,True,False,14,2,partition-expired,SERVE,n0/bundle,True,0,0.024377000002573368
case-02,partition,public-lock,3,transparency-only,main,True,False,36778,36724,0,0,3.5314110000115306,True,False,27,2,recovered,SERVE,n0/bundle,True,0,0.025487999991469223
case-02,partition,public-lock,3,root-only,main,True,False,37431,36724,62,0,16.94182899998964,True,False,1,8,base,SERVE,n0/bundle,True,4,12.30419000000893
case-02,partition,public-lock,3,root-only,main,True,False,37431,36724,62,0,17.0732559999891,True,False,4,8,partition-young,SERVE,n0/bundle,True,4,12.341716999998198
case-02,partition,public-lock,3,root-only,main,True,False,37435,36725,62,0,17.46296299999983,True,False,14,8,partition-expired,SERVE,n0/bundle,True,4,12.294264999994198
case-02,partition,public-lock,3,root-only,main,True,False,37435,36725,62,0,17.24024799999313,True,False,27,8,recovered,SERVE,n0/bundle,True,4,12.28042500000015
case-02,partition,public-lock,3,all-namespaces,main,True,False,52256,44352,62,0,35.83808199999794,True,False,1,74,base,SERVE,n0/bundle,True,4,14.992681000009611
case-02,partition,public-lock,3,all-namespaces,main,True,False,51189,44352,62,2,34.406744999998295,True,False,4,66,partition-young,SERVE,n0/bundle,True,4,14.985651000003486
case-02,partition,public-lock,3,all-namespaces,main,True,False,51229,44362,62,2,34.025409999998146,True,False,14,66,partition-expired,EXPIRED,n0/bundle,False,4,14.980262999998217
case-02,partition,public-lock,3,all-namespaces,main,True,False,52304,44364,62,0,36.22135000000526,True,False,27,74,recovered,SERVE,n0/bundle,True,4,15.131601000007322
case-02,partition,public-lock,3,scoped,main,True,False,42405,36724,62,0,24.147997000000032,True,False,1,30,base,SERVE,n0/bundle,True,4,12.302718000000823
case-02,partition,public-lock,3,scoped,main,True,False,42405,36724,62,0,23.626961999994478,True,False,4,30,partition-young,SERVE,n0/bundle,True,4,12.22024400000521
case-02,partition,public-lock,3,scoped,main,True,False,42421,36728,62,0,23.682796999992206,True,False,14,30,partition-expired,SERVE,n0/bundle,True,4,12.239582999995946
case-02,partition,public-lock,3,scoped,main,True,False,42421,36728,62,0,23.79413399999919,True,False,27,30,recovered,SERVE,n0/bundle,True,4,12.428037000006498
case-02,partition,public-lock,3,status-proof,main,True,False,18692,15618,62,0,5.000014000003716,True,False,1,10,base,SERVE,n0/bundle,True,4,0.6109799999904908
case-02,partition,public-lock,3,status-proof,main,True,False,18692,15618,62,0,5.109169000007796,True,False,4,10,partition-young,SERVE,n0/bundle,True,4,0.6105399999967176
case-02,partition,public-lock,3,status-proof,main,True,False,18700,15622,62,0,5.452375999993819,True,False,14,10,partition-expired,SERVE,n0/bundle,True,4,0.6061929999958693
case-02,partition,public-lock,3,status-proof,main,True,False,18700,15622,62,0,5.378645000007509,True,False,27,10,recovered,SERVE,n0/bundle,True,4,0.6169790000001285
case-03,partition,public-lock,6,lww,main,True,False,39613,39559,0,0,3.3191910000027747,True,False,1,2,base,SERVE,n0/bundle,True,0,0.013060000000564287
case-03,partition,public-lock,6,lww,main,True,False,39613,39559,0,0,3.347574000002851,True,False,4,2,partition-young,SERVE,n0/bundle,True,0,0.01308999999594107
case-03,partition,public-lock,6,lww,main,True,False,39613,39559,0,0,3.613244999996823,True,False,14,2,partition-expired,SERVE,n0/bundle,True,0,0.012738999998873624
case-03,partition,public-lock,6,lww,main,True,False,39613,39559,0,0,3.582528999999113,True,False,27,2,recovered,SERVE,n0/bundle,True,0,0.01320999999165906
case-03,partition,public-lock,6,signed-index,main,True,False,39613,39559,0,0,3.516689000008455,True,False,1,2,base,SERVE,n0/bundle,True,0,0.013760999991063727
case-03,partition,public-lock,6,signed-index,main,True,False,39613,39559,0,0,3.5006749999979547,True,False,4,2,partition-young,SERVE,n0/bundle,True,0,0.013219999999591892
case-03,partition,public-lock,6,signed-index,main,True,False,39613,39559,0,0,3.6342469999937066,True,False,14,2,partition-expired,SERVE,n0/bundle,True,0,0.013010000003532696
case-03,partition,public-lock,6,signed-index,main,True,False,39613,39559,0,0,3.5821780000020453,True,False,27,2,recovered,SERVE,n0/bundle,True,0,0.01337000000489752
case-03,partition,public-lock,6,transparency-only,main,True,False,39613,39559,0,0,3.3548649999914915,True,False,1,2,base,SERVE,n0/bundle,True,0,0.04680099999632148
case-03,partition,public-lock,6,transparency-only,main,True,False,39613,39559,0,0,3.376067000004923,True,False,4,2,partition-young,SERVE,n0/bundle,True,0,0.02684099999328282
case-03,partition,public-lock,6,transparency-only,main,True,False,39613,39559,0,0,3.7122839999881307,True,False,14,2,partition-expired,SERVE,n0/bundle,True,0,0.029764000004206537
case-03,partition,public-lock,6,transparency-only,main,True,False,39613,39559,0,0,3.7016879999924868,True,False,27,2,recovered,SERVE,n0/bundle,True,0,0.026800000000548607
case-03,partition,public-lock,6,root-only,main,True,False,40269,39559,62,0,18.138371999995684,True,False,1,8,base,SERVE,n0/bundle,True,7,13.402846000005297
case-03,partition,public-lock,6,root-only,main,True,False,40269,39559,62,0,18.12537099999645,True,False,4,8,partition-young,SERVE,n0/bundle,True,7,13.295475000006718
case-03,partition,public-lock,6,root-only,main,True,False,40273,39560,62,0,18.52972100000727,True,False,14,8,partition-expired,SERVE,n0/bundle,True,7,13.38856499999963
case-03,partition,public-lock,6,root-only,main,True,False,40273,39560,62,0,18.43080200001168,True,False,27,8,recovered,SERVE,n0/bundle,True,7,13.242143999988798
case-03,partition,public-lock,6,all-namespaces,main,True,False,52283,44334,62,0,36.110923999999045,True,False,1,74,base,SERVE,n0/bundle,True,7,15.155917000001295
case-03,partition,public-lock,6,all-namespaces,main,True,False,51213,44334,62,2,34.48919999999589,True,False,4,66,partition-young,SERVE,n0/bundle,True,7,14.980072999989602
case-03,partition,public-lock,6,all-namespaces,main,True,False,51253,44344,62,2,34.061194999992495,True,False,14,66,partition-expired,EXPIRED,n0/bundle,False,7,14.971379000002116
case-03,partition,public-lock,6,all-namespaces,main,True,False,52331,44346,62,0,36.267980000005196,True,False,27,74,recovered,SERVE,n0/bundle,True,7,15.084981000001108
case-03,partition,public-lock,6,scoped,main,True,False,47259,39559,62,0,28.8407279999916,True,False,1,48,base,SERVE,n0/bundle,True,7,13.350662000007674
case-03,partition,public-lock,6,scoped,main,True,False,46724,39559,62,1,28.216237000009414,True,False,4,44,partition-young,SERVE,n0/bundle,True,7,13.290570999998863
case-03,partition,public-lock,6,scoped,main,True,False,46748,39565,62,1,27.714371000001847,True,False,14,44,partition-expired,EXPIRED,n0/bundle,False,7,13.276208999997152
case-03,partition,public-lock,6,scoped,main,True,False,47287,39566,62,0,29.22864299999617,True,False,27,48,recovered,SERVE,n0/bundle,True,7,13.314608000001726
case-03,partition,public-lock,6,status-proof,main,True,False,19310,16107,62,0,6.316819999995005,True,False,1,16,base,SERVE,n0/bundle,True,7,0.8719340000027387
case-03,partition,public-lock,6,status-proof,main,True,False,16318,16107,62,1,5.973832999998763,True,False,4,14,partition-young,SERVE,n0/bundle,True,7,0.8706219999936593
case-03,partition,public-lock,6,status-proof,main,True,False,16330,16113,0,1,5.261770000004162,True,False,14,14,partition-expired,EXPIRED,n0/bundle,False,0,0.6091980000064723
case-03,partition,public-lock,6,status-proof,main,True,False,19324,16114,62,0,6.685887000003277,True,False,27,16,recovered,SERVE,n0/bundle,True,7,0.8901810000025989
case-04,partition,generated,1,lww,main,True,False,65982,65928,0,0,7.3488359999913655,True,False,1,2,base,SERVE,n0/bundle,True,0,0.01888799999960611
case-04,partition,generated,1,lww,main,True,False,65982,65928,0,0,7.328975999996601,True,False,4,2,partition-young,SERVE,n0/bundle,True,0,0.018056999991244993
case-04,partition,generated,1,lww,main,True,False,65982,65928,0,0,8.38523800000246,True,False,14,2,partition-expired,SERVE,n0/bundle,True,0,0.0184980000028645
case-04,partition,generated,1,lww,main,True,False,65982,65928,0,0,8.439990999988822,True,False,27,2,recovered,SERVE,n0/bundle,True,0,0.018468000007487717
case-04,partition,generated,1,signed-index,main,True,False,65982,65928,0,0,7.285902000006672,True,False,1,2,base,SERVE,n0/bundle,True,0,0.019870000002697452
case-04,partition,generated,1,signed-index,main,True,False,65982,65928,0,0,7.40392900000586,True,False,4,2,partition-young,SERVE,n0/bundle,True,0,0.01812699998993139
case-04,partition,generated,1,signed-index,main,True,False,65982,65928,0,0,8.460332000012727,True,False,14,2,partition-expired,SERVE,n0/bundle,True,0,0.017877000004773436
case-04,partition,generated,1,signed-index,main,True,False,65982,65928,0,0,8.49095699999225,True,False,27,2,recovered,SERVE,n0/bundle,True,0,0.018918999998618347
case-04,partition,generated,1,transparency-only,main,True,False,65982,65928,0,0,7.301874999996016,True,False,1,2,base,SERVE,n0/bundle,True,0,0.03978000000870452
case-04,partition,generated,1,transparency-only,main,True,False,65982,65928,0,0,10.600206999995976,True,False,4,2,partition-young,SERVE,n0/bundle,True,0,0.03810700000883571
case-04,partition,generated,1,transparency-only,main,True,False,65982,65928,0,0,8.606392000004348,True,False,14,2,partition-expired,SERVE,n0/bundle,True,0,0.03889799999967636
case-04,partition,generated,1,transparency-only,main,True,False,65982,65928,0,0,8.511979000004999,True,False,27,2,recovered,SERVE,n0/bundle,True,0,0.039279000006331444
case-04,partition,generated,1,root-only,main,True,False,66634,65928,130,0,32.82544399999665,True,False,1,8,base,SERVE,n0/bundle,True,2,23.33350799999323
case-04,partition,generated,1,root-only,main,True,False,66634,65928,130,0,32.44923699999447,True,False,4,8,partition-young,SERVE,n0/bundle,True,2,23.22873999999331
case-04,partition,generated,1,root-only,main,True,False,66638,65929,130,0,33.67809999998883,True,False,14,8,partition-expired,SERVE,n0/bundle,True,2,23.35545100000047
case-04,partition,generated,1,root-only,main,True,False,66638,65929,130,0,33.62938500001178,True,False,27,8,recovered,SERVE,n0/bundle,True,2,23.379988000002072
case-04,partition,generated,1,all-namespaces,main,True,False,83347,75458,130,0,55.31981699999733,True,False,1,74,base,SERVE,n0/bundle,True,2,26.738649999998643
case-04,partition,generated,1,all-namespaces,main,True,False,82280,75458,130,2,54.469675999996525,True,False,4,66,partition-young,SERVE,n0/bundle,True,2,26.791729999999347
case-04,partition,generated,1,all-namespaces,main,True,False,82320,75468,130,2,52.41278699999441,True,False,14,66,partition-expired,EXPIRED,n0/bundle,False,2,26.69520499999578
case-04,partition,generated,1,all-namespaces,main,True,False,83395,75470,130,0,56.57277599999588,True,False,27,74,recovered,SERVE,n0/bundle,True,2,26.805321000011872
case-04,partition,generated,1,scoped,main,True,False,71064,65928,130,0,38.49694199999476,True,False,1,18,base,SERVE,n0/bundle,True,2,23.52660900000103
case-04,partition,generated,1,scoped,main,True,False,71064,65928,130,0,38.899408999995444,True,False,4,18,partition-young,SERVE,n0/bundle,True,2,24.810043000002224
case-04,partition,generated,1,scoped,main,True,False,71072,65930,130,0,38.94879299998877,True,False,14,18,partition-expired,SERVE,n0/bundle,True,2,23.741842999996265
case-04,partition,generated,1,scoped,main,True,False,71072,65930,130,0,38.74787099999821,True,False,27,18,recovered,SERVE,n0/bundle,True,2,23.21598099999278
case-04,partition,generated,1,status-proof,main,True,False,29305,25531,130,0,9.90671099999929,True,False,1,6,base,SERVE,n0/bundle,True,2,0.6784830000015063
case-04,partition,generated,1,status-proof,main,True,False,29305,25531,130,0,10.021734000005722,True,False,4,6,partition-young,SERVE,n0/bundle,True,2,0.6682470000072271
case-04,partition,generated,1,status-proof,main,True,False,29309,25533,130,0,11.149062999990633,True,False,14,6,partition-expired,SERVE,n0/bundle,True,2,0.6614670000004708
case-04,partition,generated,1,status-proof,main,True,False,29309,25533,130,0,11.131207000005361,True,False,27,6,recovered,SERVE,n0/bundle,True,2,0.6385429999937742
case-05,partition,generated,3,lww,main,True,False,67839,67785,0,0,7.23884699999644,True,False,1,2,base,SERVE,n0/bundle,True,0,0.01974900000334401
case-05,partition,generated,3,lww,main,True,False,67839,67785,0,0,7.288842999997769,True,False,4,2,partition-young,SERVE,n0/bundle,True,0,0.01876800000388812
case-05,partition,generated,3,lww,main,True,False,67839,67785,0,0,8.421179000009715,True,False,14,2,partition-expired,SERVE,n0/bundle,True,0,0.018638000000237298
case-05,partition,generated,3,lww,main,True,False,67839,67785,0,0,8.35087400000134,True,False,27,2,recovered,SERVE,n0/bundle,True,0,0.018928999992340323
case-05,partition,generated,3,signed-index,main,True,False,67839,67785,0,0,7.343534999989743,True,False,1,2,base,SERVE,n0/bundle,True,0,0.019639000001347995
case-05,partition,generated,3,signed-index,main,True,False,67839,67785,0,0,7.361833999993905,True,False,4,2,partition-young,SERVE,n0/bundle,True,0,0.01836799999921368
case-05,partition,generated,3,signed-index,main,True,False,67839,67785,0,0,8.561631000006287,True,False,14,2,partition-expired,SERVE,n0/bundle,True,0,0.0181980000064641
case-05,partition,generated,3,signed-index,main,True,False,67839,67785,0,0,8.72416599999326,True,False,27,2,recovered,SERVE,n0/bundle,True,0,0.020141000007356524
case-05,partition,generated,3,transparency-only,main,True,False,67839,67785,0,0,7.411657999995214,True,False,1,2,base,SERVE,n0/bundle,True,0,0.04107200000191824
case-05,partition,generated,3,transparency-only,main,True,False,67839,67785,0,0,7.377486999999405,True,False,4,2,partition-young,SERVE,n0/bundle,True,0,0.04066099999988637
case-05,partition,generated,3,transparency-only,main,True,False,67839,67785,0,0,8.761492999994402,True,False,14,2,partition-expired,SERVE,n0/bundle,True,0,0.039107999995735554
case-05,partition,generated,3,transparency-only,main,True,False,67839,67785,0,0,8.47957699998858,True,False,27,2,recovered,SERVE,n0/bundle,True,0,0.04051099999458074
case-05,partition,generated,3,root-only,main,True,False,68492,67785,130,0,33.0914139999976,True,False,1,8,base,SERVE,n0/bundle,True,4,23.97347499999114
case-05,partition,generated,3,root-only,main,True,False,68492,67785,130,0,33.23113400000466,True,False,4,8,partition-young,SERVE,n0/bundle,True,4,23.919062000004487
case-05,partition,generated,3,root-only,main,True,False,68496,67786,130,0,34.451713999999356,True,False,14,8,partition-expired,SERVE,n0/bundle,True,4,23.98063599999034
case-05,partition,generated,3,root-only,main,True,False,68496,67786,130,0,34.286905000001866,True,False,27,8,recovered,SERVE,n0/bundle,True,4,24.018372000000454
case-05,partition,generated,3,all-namespaces,main,True,False,83317,75413,130,0,55.30296300000259,True,False,1,74,base,SERVE,n0/bundle,True,4,26.703198000006978
case-05,partition,generated,3,all-namespaces,main,True,False,82250,75413,130,2,54.433953999989626,True,False,4,66,partition-young,SERVE,n0/bundle,True,4,26.725631999994448
case-05,partition,generated,3,all-namespaces,main,True,False,82290,75423,130,2,52.50483700000075,True,False,14,66,partition-expired,EXPIRED,n0/bundle,False,4,26.86970900001029
case-05,partition,generated,3,all-namespaces,main,True,False,83365,75425,130,0,56.5060969999962,True,False,27,74,recovered,SERVE,n0/bundle,True,4,26.68692299999975
case-05,partition,generated,3,scoped,main,True,False,74252,67785,130,0,41.75266599999361,True,False,1,30,base,SERVE,n0/bundle,True,4,24.13747200000671
case-05,partition,generated,3,scoped,main,True,False,74252,67785,130,0,41.64562399999738,True,False,4,30,partition-young,SERVE,n0/bundle,True,4,23.95816199999956
case-05,partition,generated,3,scoped,main,True,False,74268,67789,130,0,42.98071600000242,True,False,14,30,partition-expired,SERVE,n0/bundle,True,4,24.201908999998523
case-05,partition,generated,3,scoped,main,True,False,74268,67789,130,0,42.69726900000137,True,False,27,30,recovered,SERVE,n0/bundle,True,4,23.97800199999267
case-05,partition,generated,3,status-proof,main,True,False,29716,25856,130,0,9.521296999992046,True,False,1,10,base,SERVE,n0/bundle,True,4,0.8355689999888227
case-05,partition,generated,3,status-proof,main,True,False,29716,25856,130,0,9.66084799999578,True,False,4,10,partition-young,SERVE,n0/bundle,True,4,0.8632500000089749
case-05,partition,generated,3,status-proof,main,True,False,29724,25860,130,0,10.804810999999859,True,False,14,10,partition-expired,SERVE,n0/bundle,True,4,0.8590440000091348
case-05,partition,generated,3,status-proof,main,True,False,29724,25860,130,0,10.744510999998624,True,False,27,10,recovered,SERVE,n0/bundle,True,4,0.8348180000012917
case-06,partition,generated,6,lww,main,True,False,70674,70620,0,0,7.580282999995802,True,False,1,2,base,SERVE,n0/bundle,True,0,0.021141000004831767
case-06,partition,generated,6,lww,main,True,False,70674,70620,0,0,7.393190000001937,True,False,4,2,partition-young,SERVE,n0/bundle,True,0,0.01919899999336394
case-06,partition,generated,6,lww,main,True,False,70674,70620,0,0,8.747130000003267,True,False,14,2,partition-expired,SERVE,n0/bundle,True,0,0.01964899999506997
case-06,partition,generated,6,lww,main,True,False,70674,70620,0,0,8.508470999998963,True,False,27,2,recovered,SERVE,n0/bundle,True,0,0.019758999997065985
case-06,partition,generated,6,signed-index,main,True,False,70674,70620,0,0,8.205844999991996,True,False,1,2,base,SERVE,n0/bundle,True,0,0.020290999998451298
case-06,partition,generated,6,signed-index,main,True,False,70674,70620,0,0,8.12966999998821,True,False,4,2,partition-young,SERVE,n0/bundle,True,0,0.01989000000435226
case-06,partition,generated,6,signed-index,main,True,False,70674,70620,0,0,8.70086099999412,True,False,14,2,partition-expired,SERVE,n0/bundle,True,0,0.018897999993328085
case-06,partition,generated,6,signed-index,main,True,False,70674,70620,0,0,8.647060000001261,True,False,27,2,recovered,SERVE,n0/bundle,True,0,0.019860000008975476
case-06,partition,generated,6,transparency-only,main,True,False,70674,70620,0,0,7.502414999990492,True,False,1,2,base,SERVE,n0/bundle,True,0,0.04154299999470368
case-06,partition,generated,6,transparency-only,main,True,False,70674,70620,0,0,7.4860200000017585,True,False,4,2,partition-young,SERVE,n0/bundle,True,0,0.04069100000947401
case-06,partition,generated,6,transparency-only,main,True,False,70674,70620,0,0,8.641251000000238,True,False,14,2,partition-expired,SERVE,n0/bundle,True,0,0.040831999996271406
case-06,partition,generated,6,transparency-only,main,True,False,70674,70620,0,0,8.651307000008046,True,False,27,2,recovered,SERVE,n0/bundle,True,0,0.041062000008196264
case-06,partition,generated,6,root-only,main,True,False,71330,70620,130,0,34.22477499999843,True,False,1,8,base,SERVE,n0/bundle,True,7,25.03634800000043
case-06,partition,generated,6,root-only,main,True,False,71330,70620,130,0,34.246858000003044,True,False,4,8,partition-young,SERVE,n0/bundle,True,7,24.98441100000548
case-06,partition,generated,6,root-only,main,True,False,71334,70621,130,0,35.758045000008565,True,False,14,8,partition-expired,SERVE,n0/bundle,True,7,25.312985000013555
case-06,partition,generated,6,root-only,main,True,False,71334,70621,130,0,35.403050000013536,True,False,27,8,recovered,SERVE,n0/bundle,True,7,25.11323400000265
case-06,partition,generated,6,all-namespaces,main,True,False,83344,75395,130,0,55.92075899998861,True,False,1,74,base,SERVE,n0/bundle,True,7,26.72580400000868
case-06,partition,generated,6,all-namespaces,main,True,False,82274,75395,130,2,54.113235000002646,True,False,4,66,partition-young,SERVE,n0/bundle,True,7,26.588907999993694
case-06,partition,generated,6,all-namespaces,main,True,False,82314,75405,130,2,52.58049600000447,True,False,14,66,partition-expired,EXPIRED,n0/bundle,False,7,26.770822000003136
case-06,partition,generated,6,all-namespaces,main,True,False,83392,75407,130,0,56.813845000007746,True,False,27,74,recovered,SERVE,n0/bundle,True,7,26.728517999998758
case-06,partition,generated,6,scoped,main,True,False,79106,70620,130,0,48.26595400000144,True,False,1,48,base,SERVE,n0/bundle,True,7,25.208618000007732
case-06,partition,generated,6,scoped,main,True,False,78571,70620,130,1,47.239236999999434,True,False,4,44,partition-young,SERVE,n0/bundle,True,7,24.929577000008862
case-06,partition,generated,6,scoped,main,True,False,78595,70626,130,1,45.92571700000292,True,False,14,44,partition-expired,EXPIRED,n0/bundle,False,7,24.98598300000765
case-06,partition,generated,6,scoped,main,True,False,79134,70627,130,0,49.38065399998948,True,False,27,48,recovered,SERVE,n0/bundle,True,7,25.037029000003486
case-06,partition,generated,6,status-proof,main,True,False,30334,26345,130,0,10.52224600000784,True,False,1,16,base,SERVE,n0/bundle,True,7,1.0773839999984602
case-06,partition,generated,6,status-proof,main,True,False,25777,26345,130,1,10.048381999993694,True,False,4,14,partition-young,SERVE,n0/bundle,True,7,1.0918750000001864
case-06,partition,generated,6,status-proof,main,True,False,25789,26351,0,1,8.274940000006836,True,False,14,14,partition-expired,EXPIRED,n0/bundle,False,0,0.6938559999980498
case-06,partition,generated,6,status-proof,main,True,False,30348,26352,130,0,11.766421999993781,True,False,27,16,recovered,SERVE,n0/bundle,True,7,1.0969629999948438
case-07,revocation,public-lock,1,lww,main,True,False,34888,34834,0,0,3.1526310000060676,True,False,1,2,base,SERVE,n0/bundle,True,0,0.011757999999417734
case-07,revocation,public-lock,1,lww,main,True,False,34888,34834,0,0,2.6888419999977486,False,True,4,2,partition-young,SERVE,n0/bundle,True,0,0.011667999999076528
case-07,revocation,public-lock,1,lww,main,False,True,34888,34834,0,0,2.424133000005213,False,True,14,2,partition-expired,SERVE,n0/bundle,True,0,0.011396999994417456
case-07,revocation,public-lock,1,lww,main,False,True,35145,35091,0,0,2.4057849999934433,False,True,27,2,recovered,SERVE,n0/bundle,True,0,0.012147999996159342
case-07,revocation,public-lock,1,signed-index,main,True,False,34888,34834,0,0,3.1553750000057335,True,False,1,2,base,SERVE,n0/bundle,True,0,0.01362000000426633
case-07,revocation,public-lock,1,signed-index,main,True,False,34888,34834,0,0,2.748520999986681,False,True,4,2,partition-young,SERVE,n0/bundle,True,0,0.011977999989198906
case-07,revocation,public-lock,1,signed-index,main,False,True,34888,34834,0,0,2.4393660000043837,False,True,14,2,partition-expired,SERVE,n0/bundle,True,0,0.011536999991790253
case-07,revocation,public-lock,1,signed-index,main,False,True,35145,35091,0,0,2.392135000008011,False,True,27,2,recovered,SERVE,n0/bundle,True,0,0.012949000009143674
case-07,revocation,public-lock,1,transparency-only,main,True,False,34888,34834,0,0,3.1916690000031167,True,False,1,2,base,SERVE,n0/bundle,True,0,0.026851000001215652
case-07,revocation,public-lock,1,transparency-only,main,True,False,34888,34834,0,0,2.8715269999963766,False,True,4,2,partition-young,SERVE,n0/bundle,True,0,0.02632999999718777
case-07,revocation,public-lock,1,transparency-only,main,False,True,34888,34834,0,0,2.461698999994155,False,True,14,2,partition-expired,SERVE,n0/bundle,True,0,0.024777999996672406
case-07,revocation,public-lock,1,transparency-only,main,False,True,35145,35091,0,0,2.4315440000037825,False,True,27,2,recovered,SERVE,n0/bundle,True,0,0.026148999992869904
case-07,revocation,public-lock,1,root-only,main,True,False,35539,34834,62,0,16.244319000009,True,False,1,8,base,SERVE,n0/bundle,True,2,11.629955000003633
case-07,revocation,public-lock,1,root-only,main,True,False,35539,34834,62,0,15.765236999996546,False,True,4,8,partition-young,SERVE,n0/bundle,True,2,11.576715000003901
case-07,revocation,public-lock,1,root-only,main,False,True,35543,34835,62,0,15.489181999996049,False,True,14,8,partition-expired,SERVE,n0/bundle,True,2,11.527880999992135
case-07,revocation,public-lock,1,root-only,main,False,False,35800,35092,3,0,15.186866000007626,False,False,27,8,recovered,REVOKED,n0/bundle,False,2,11.571177000007538
case-07,revocation,public-lock,1,all-namespaces,main,True,False,52238,44364,62,0,35.90874200000371,True,False,1,74,base,SERVE,n0/bundle,True,2,15.150300999991373
case-07,revocation,public-lock,1,all-namespaces,main,True,False,46909,44364,62,10,27.86906699999747,False,True,4,34,partition-young,SERVE,n0/bundle,True,2,15.047465999998622
case-07,revocation,public-lock,1,all-namespaces,main,False,False,46917,44366,62,10,27.395863999998937,False,False,14,34,partition-expired,EXPIRED,n0/bundle,False,2,14.983389000008174
case-07,revocation,public-lock,1,all-namespaces,main,False,False,52543,44633,3,0,34.75307099999725,False,False,27,74,recovered,REVOKED,n0/bundle,False,2,14.902887000005194
case-07,revocation,public-lock,1,scoped,main,True,False,39179,34834,62,0,19.79477000000429,True,False,1,18,base,SERVE,n0/bundle,True,2,11.620501999999533
case-07,revocation,public-lock,1,scoped,main,True,False,38644,34834,62,1,18.506217999998853,False,True,4,14,partition-young,SERVE,n0/bundle,True,2,11.545317999988924
case-07,revocation,public-lock,1,scoped,main,False,False,38648,34835,62,1,18.00515300000427,False,False,14,14,partition-expired,EXPIRED,n0/bundle,False,2,11.54916400000161
case-07,revocation,public-lock,1,scoped,main,False,False,39444,35093,3,0,18.637054999999236,False,False,27,18,recovered,REVOKED,n0/bundle,False,2,11.554993000004288
case-07,revocation,public-lock,1,status-proof,main,True,False,18280,15292,62,0,4.422884999996768,True,False,1,6,base,SERVE,n0/bundle,True,2,0.4459420000131331
case-07,revocation,public-lock,1,status-proof,main,True,False,1887,15292,62,1,2.7930990000015754,False,True,4,4,partition-young,SERVE,n0/bundle,True,2,0.45022899999480614
case-07,revocation,public-lock,1,status-proof,main,False,False,1889,15293,0,1,2.2339159999944513,False,False,14,4,partition-expired,EXPIRED,n0/bundle,False,0,0.2801620000099092
case-07,revocation,public-lock,1,status-proof,main,False,False,18285,15295,62,0,3.230838000007452,False,False,27,6,recovered,INVALID_OR_MISSING_STATUS,n0/bundle,False,2,0.3342730000213123
case-08,revocation,public-lock,3,lww,main,True,False,36778,36724,0,0,3.201293999978816,True,False,1,2,base,SERVE,n0/bundle,True,0,0.012247999990222525
case-08,revocation,public-lock,3,lww,main,True,False,36778,36724,0,0,2.749604000001682,False,True,4,2,partition-young,SERVE,n0/bundle,True,0,0.011667999984865673
case-08,revocation,public-lock,3,lww,main,False,True,36778,36724,0,0,2.53143499998032,False,True,14,2,partition-expired,SERVE,n0/bundle,True,0,0.011787999994794518
case-08,revocation,public-lock,3,lww,main,False,True,37033,36979,0,0,2.506437000022288,False,True,27,2,recovered,SERVE,n0/bundle,True,0,0.02170300001580472
case-08,revocation,public-lock,3,signed-index,main,True,False,36778,36724,0,0,3.1964969999762616,True,False,1,2,base,SERVE,n0/bundle,True,0,0.01221799999484574
case-08,revocation,public-lock,3,signed-index,main,True,False,36778,36724,0,0,2.7004890000057458,False,True,4,2,partition-young,SERVE,n0/bundle,True,0,0.011918000012656194
case-08,revocation,public-lock,3,signed-index,main,False,True,36778,36724,0,0,2.508229999989453,False,True,14,2,partition-expired,SERVE,n0/bundle,True,0,0.011908000004723363
case-08,revocation,public-lock,3,signed-index,main,False,True,37033,36979,0,0,2.5353599999959897,False,True,27,2,recovered,SERVE,n0/bundle,True,0,0.01305000000684231
case-08,revocation,public-lock,3,transparency-only,main,True,False,36778,36724,0,0,3.2201230000055148,True,False,1,2,base,SERVE,n0/bundle,True,0,0.026641000005156457
case-08,revocation,public-lock,3,transparency-only,main,True,False,36778,36724,0,0,2.719017000003987,False,True,4,2,partition-young,SERVE,n0/bundle,True,0,0.025378000003684065
case-08,revocation,public-lock,3,transparency-only,main,False,True,36778,36724,0,0,2.5424209999869163,False,True,14,2,partition-expired,SERVE,n0/bundle,True,0,0.024787999990394383
case-08,revocation,public-lock,3,transparency-only,main,False,True,37033,36979,0,0,2.599366999987751,False,True,27,2,recovered,SERVE,n0/bundle,True,0,0.02706099999727485
case-08,revocation,public-lock,3,root-only,main,True,False,37431,36724,62,0,17.037023000000318,True,False,1,8,base,SERVE,n0/bundle,True,4,12.323129000009203
case-08,revocation,public-lock,3,root-only,main,True,False,37431,36724,62,0,16.430358999997452,False,True,4,8,partition-young,SERVE,n0/bundle,True,4,12.233573999992586
case-08,revocation,public-lock,3,root-only,main,False,True,37435,36725,62,0,16.255454000003056,False,True,14,8,partition-expired,SERVE,n0/bundle,True,4,12.211340999982667
case-08,revocation,public-lock,3,root-only,main,False,False,37690,36980,25,0,15.892077000017935,False,False,27,8,recovered,REVOKED,n0/bundle,False,4,12.242367999988346
case-08,revocation,public-lock,3,all-namespaces,main,True,False,52256,44352,62,0,36.057094000000234,True,False,1,74,base,SERVE,n0/bundle,True,4,14.971250000002101
case-08,revocation,public-lock,3,all-namespaces,main,True,False,46921,44352,62,10,27.883847999987665,False,True,4,34,partition-young,SERVE,n0/bundle,True,4,14.98927700001218
case-08,revocation,public-lock,3,all-namespaces,main,False,False,46929,44354,62,10,27.533269000002747,False,False,14,34,partition-expired,EXPIRED,n0/bundle,False,4,15.06128500000159
case-08,revocation,public-lock,3,all-namespaces,main,False,False,52559,44619,25,0,35.0190689999863,False,False,27,74,recovered,REVOKED,n0/bundle,False,4,15.066664000016772
case-08,revocation,public-lock,3,scoped,main,True,False,42405,36724,62,0,23.373471000013524,True,False,1,30,base,SERVE,n0/bundle,True,4,12.320034999987683
case-08,revocation,public-lock,3,scoped,main,True,False,40800,36724,62,3,20.79868100000226,False,True,4,18,partition-young,SERVE,n0/bundle,True,4,12.238722000006419
case-08,revocation,public-lock,3,scoped,main,False,False,40804,36725,62,3,20.190955000003896,False,False,14,18,partition-expired,EXPIRED,n0/bundle,False,4,12.241625999990902
case-08,revocation,public-lock,3,scoped,main,False,False,42676,36983,25,0,22.44885799998997,False,False,27,30,recovered,REVOKED,n0/bundle,False,4,12.210398999997096
case-08,revocation,public-lock,3,status-proof,main,True,False,18692,15618,62,0,5.1229500000147254,True,False,1,10,base,SERVE,n0/bundle,True,4,0.6115719999968405
case-08,revocation,public-lock,3,status-proof,main,True,False,1897,15618,62,3,2.9881330000023354,False,True,4,4,partition-young,SERVE,n0/bundle,True,4,0.6034589999899254
case-08,revocation,public-lock,3,status-proof,main,False,False,1899,15619,0,3,2.160406000001558,False,False,14,4,partition-expired,EXPIRED,n0/bundle,False,0,0.21891000000096028
case-08,revocation,public-lock,3,status-proof,main,False,False,18701,15623,42,0,3.880957999996326,False,False,27,10,recovered,INVALID_OR_MISSING_STATUS,n0/bundle,False,4,0.4896380000047884
case-09,revocation,public-lock,6,lww,main,True,False,39613,39559,0,0,3.7346880000086458,True,False,1,2,base,SERVE,n0/bundle,True,0,0.031057000001055712
case-09,revocation,public-lock,6,lww,main,True,False,39613,39559,0,0,2.982484999989765,False,True,4,2,partition-young,SERVE,n0/bundle,True,0,0.014231000022846274
case-09,revocation,public-lock,6,lww,main,False,True,39613,39559,0,0,2.523582000009128,False,True,14,2,partition-expired,SERVE,n0/bundle,True,0,0.012568999977702333
case-09,revocation,public-lock,6,lww,main,False,True,39875,39821,0,0,2.458444000012605,False,True,27,2,recovered,SERVE,n0/bundle,True,0,0.013610999985758099
case-09,revocation,public-lock,6,signed-index,main,True,False,39613,39559,0,0,3.3369390000075327,True,False,1,2,base,SERVE,n0/bundle,True,0,0.013770999998996558
case-09,revocation,public-lock,6,signed-index,main,True,False,39613,39559,0,0,2.794109999996408,False,True,4,2,partition-young,SERVE,n0/bundle,True,0,0.013389999992341473
case-09,revocation,public-lock,6,signed-index,main,False,True,39613,39559,0,0,2.5000469999838515,False,True,14,2,partition-expired,SERVE,n0/bundle,True,0,0.016315000010536096
case-09,revocation,public-lock,6,signed-index,main,False,True,39875,39821,0,0,2.4644030000047223,False,True,27,2,recovered,SERVE,n0/bundle,True,0,0.013770999998996558
case-09,revocation,public-lock,6,transparency-only,main,True,False,39613,39559,0,0,3.3297280000113005,True,False,1,2,base,SERVE,n0/bundle,True,0,0.027501000005258902
case-09,revocation,public-lock,6,transparency-only,main,True,False,39613,39559,0,0,2.791896999980281,False,True,4,2,partition-young,SERVE,n0/bundle,True,0,0.02699099999858845
case-09,revocation,public-lock,6,transparency-only,main,False,True,39613,39559,0,0,2.49776399999746,False,True,14,2,partition-expired,SERVE,n0/bundle,True,0,0.025899000007711948
case-09,revocation,public-lock,6,transparency-only,main,False,True,39875,39821,0,0,2.511264000020219,False,True,27,2,recovered,SERVE,n0/bundle,True,0,0.027540999980146808
case-09,revocation,public-lock,6,root-only,main,True,False,40269,39559,62,0,18.110621000005267,True,False,1,8,base,SERVE,n0/bundle,True,7,13.36598000000322
case-09,revocation,public-lock,6,root-only,main,True,False,40269,39559,62,0,17.731048000001692,False,True,4,8,partition-young,SERVE,n0/bundle,True,7,13.283826999980874
case-09,revocation,public-lock,6,root-only,main,False,True,40273,39560,62,0,17.405427999989342,False,True,14,8,partition-expired,SERVE,n0/bundle,True,7,13.359521000012364
case-09,revocation,public-lock,6,root-only,main,False,False,40535,39822,42,0,17.042992000000368,False,False,27,8,recovered,REVOKED,n0/bundle,False,7,13.329485000014074
case-09,revocation,public-lock,6,all-namespaces,main,True,False,52283,44334,62,0,35.90278199999375,True,False,1,74,base,SERVE,n0/bundle,True,7,15.043929999990269
case-09,revocation,public-lock,6,all-namespaces,main,True,False,46942,44334,62,10,27.878390000012132,False,True,4,34,partition-young,SERVE,n0/bundle,True,7,15.098362000003362
case-09,revocation,public-lock,6,all-namespaces,main,False,False,46950,44336,62,10,27.525819000004503,False,False,14,34,partition-expired,EXPIRED,n0/bundle,False,7,15.067485999992414
case-09,revocation,public-lock,6,all-namespaces,main,False,False,52593,44608,42,0,34.81340100000807,False,False,27,74,recovered,REVOKED,n0/bundle,False,7,14.989417999998977
case-09,revocation,public-lock,6,scoped,main,True,False,47259,39559,62,0,28.904357000016034,True,False,1,48,base,SERVE,n0/bundle,True,7,13.401375000000826
case-09,revocation,public-lock,6,scoped,main,True,False,44584,39559,62,5,24.63941900001032,False,True,4,28,partition-young,SERVE,n0/bundle,True,7,13.28280600000653
case-09,revocation,public-lock,6,scoped,main,False,False,44592,39561,62,5,24.030531999983396,False,False,14,28,partition-expired,EXPIRED,n0/bundle,False,7,13.236266000006935
case-09,revocation,public-lock,6,scoped,main,False,False,47549,39828,42,0,27.851179999998976,False,False,27,48,recovered,REVOKED,n0/bundle,False,7,13.346461999987014
case-09,revocation,public-lock,6,status-proof,main,True,False,19310,16107,62,0,6.272722000005615,True,False,1,16,base,SERVE,n0/bundle,True,7,0.858703999995214
case-09,revocation,public-lock,6,status-proof,main,True,False,4674,16107,62,5,3.6963109999987864,False,True,4,6,partition-young,SERVE,n0/bundle,True,7,0.8953690000055303
case-09,revocation,public-lock,6,status-proof,main,False,False,4678,16109,0,5,2.5542289999975765,False,False,14,6,partition-expired,EXPIRED,n0/bundle,False,0,0.2065409999829626
case-09,revocation,public-lock,6,status-proof,main,False,False,19325,16115,32,0,5.153825999997252,False,False,27,16,recovered,INVALID_OR_MISSING_STATUS,n0/bundle,False,7,0.7560789999843109
case-10,revocation,generated,1,lww,main,True,False,65982,65928,0,0,7.209764999998924,True,False,1,2,base,SERVE,n0/bundle,True,0,0.01932999998643936
case-10,revocation,generated,1,lww,main,True,False,65982,65928,0,0,6.2923319999868,False,True,4,2,partition-young,SERVE,n0/bundle,True,0,0.018547999985685237
case-10,revocation,generated,1,lww,main,False,True,65982,65928,0,0,6.477251000006845,False,True,14,2,partition-expired,SERVE,n0/bundle,True,0,0.01799800000412688
case-10,revocation,generated,1,lww,main,False,True,66235,66181,0,0,6.42797599999767,False,True,27,2,recovered,SERVE,n0/bundle,True,0,0.01897900000358277
case-10,revocation,generated,1,signed-index,main,True,False,65982,65928,0,0,7.311437999987902,True,False,1,2,base,SERVE,n0/bundle,True,0,0.018937999982426845
case-10,revocation,generated,1,signed-index,main,True,False,65982,65928,0,0,6.368967999975439,False,True,4,2,partition-young,SERVE,n0/bundle,True,0,0.018177000015384692
case-10,revocation,generated,1,signed-index,main,False,True,65982,65928,0,0,6.496169000001828,False,True,14,2,partition-expired,SERVE,n0/bundle,True,0,0.01865900000552756
case-10,revocation,generated,1,signed-index,main,False,True,66235,66181,0,0,6.566585999991048,False,True,27,2,recovered,SERVE,n0/bundle,True,0,0.01907899999764595
case-10,revocation,generated,1,transparency-only,main,True,False,65982,65928,0,0,7.452389999997422,True,False,1,2,base,SERVE,n0/bundle,True,0,0.0395289999914894
case-10,revocation,generated,1,transparency-only,main,True,False,65982,65928,0,0,6.4464749999899595,False,True,4,2,partition-young,SERVE,n0/bundle,True,0,0.03763600000183942
case-10,revocation,generated,1,transparency-only,main,False,True,65982,65928,0,0,6.572954999995773,False,True,14,2,partition-expired,SERVE,n0/bundle,True,0,0.039529999980914
case-10,revocation,generated,1,transparency-only,main,False,True,66235,66181,0,0,6.621549000016103,False,True,27,2,recovered,SERVE,n0/bundle,True,0,0.03960000000802211
case-10,revocation,generated,1,root-only,main,True,False,66634,65928,130,0,32.27293300000156,True,False,1,8,base,SERVE,n0/bundle,True,2,23.261552999997548
case-10,revocation,generated,1,root-only,main,True,False,66634,65928,130,0,31.683955000005426,False,True,4,8,partition-young,SERVE,n0/bundle,True,2,23.493632999986858
case-10,revocation,generated,1,root-only,main,False,True,66638,65929,130,0,31.678647000006777,False,True,14,8,partition-expired,SERVE,n0/bundle,True,2,23.254131999976835
case-10,revocation,generated,1,root-only,main,False,False,66891,66182,115,0,33.04372399998101,False,False,27,8,recovered,REVOKED,n0/bundle,False,2,23.642827999992733
case-10,revocation,generated,1,all-namespaces,main,True,False,83347,75458,130,0,55.76979100001722,True,False,1,74,base,SERVE,n0/bundle,True,2,26.73707999997532
case-10,revocation,generated,1,all-namespaces,main,True,False,78015,75458,130,10,46.91694000001689,False,True,4,34,partition-young,SERVE,n0/bundle,True,2,26.589587999978903
case-10,revocation,generated,1,all-namespaces,main,False,False,78023,75460,130,10,45.520705999990696,False,False,14,34,partition-expired,EXPIRED,n0/bundle,False,2,26.752242999975806
case-10,revocation,generated,1,all-namespaces,main,False,False,83648,75723,115,0,53.10876100000428,False,False,27,74,recovered,REVOKED,n0/bundle,False,2,26.947877999987213
case-10,revocation,generated,1,scoped,main,True,False,71064,65928,130,0,37.15148400002022,True,False,1,18,base,SERVE,n0/bundle,True,2,23.247212000001127
case-10,revocation,generated,1,scoped,main,True,False,70526,65928,130,1,35.66622699997879,False,True,4,14,partition-young,SERVE,n0/bundle,True,2,23.369206000012355
case-10,revocation,generated,1,scoped,main,False,False,70530,65929,130,1,34.12681699998643,False,False,14,14,partition-expired,EXPIRED,n0/bundle,False,2,23.27592500000719
case-10,revocation,generated,1,scoped,main,False,False,71325,66183,115,0,34.832118999986506,False,False,27,18,recovered,REVOKED,n0/bundle,False,2,23.15834800000971
case-10,revocation,generated,1,status-proof,main,True,False,29305,25531,130,0,9.830394000005072,True,False,1,6,base,SERVE,n0/bundle,True,2,0.6641409999872394
case-10,revocation,generated,1,status-proof,main,True,False,2269,25531,130,1,6.100583000005599,False,True,4,4,partition-young,SERVE,n0/bundle,True,2,0.6502399999988029
case-10,revocation,generated,1,status-proof,main,False,False,2271,25532,0,1,4.385648999999603,False,False,14,4,partition-expired,EXPIRED,n0/bundle,False,0,0.34809500002097593
case-10,revocation,generated,1,status-proof,main,False,False,29310,25534,11,0,7.23492199998077,False,False,27,6,recovered,INVALID_OR_MISSING_STATUS,n0/bundle,False,2,0.3942239999901176
case-11,revocation,generated,3,lww,main,True,False,67839,67785,0,0,7.25082899998597,True,False,1,2,base,SERVE,n0/bundle,True,0,0.01970899998582354
case-11,revocation,generated,3,lww,main,True,False,67839,67785,0,0,6.740690000015093,False,True,4,2,partition-young,SERVE,n0/bundle,True,0,0.02047000000970911
case-11,revocation,generated,3,lww,main,False,True,67839,67785,0,0,6.802033000013807,False,True,14,2,partition-expired,SERVE,n0/bundle,True,0,0.018518000018730163
case-11,revocation,generated,3,lww,main,False,True,68091,68037,0,0,6.699068000017405,False,True,27,2,recovered,SERVE,n0/bundle,True,0,0.01921899999501875
case-11,revocation,generated,3,signed-index,main,True,False,67839,67785,0,0,7.383048999997754,True,False,1,2,base,SERVE,n0/bundle,True,0,0.01987899997857312
case-11,revocation,generated,3,signed-index,main,True,False,67839,67785,0,0,6.57487999998807,False,True,4,2,partition-young,SERVE,n0/bundle,True,0,0.01880799999298688
case-11,revocation,generated,3,signed-index,main,False,True,67839,67785,0,0,6.90277499998615,False,True,14,2,partition-expired,SERVE,n0/bundle,True,0,0.018518000018730163
case-11,revocation,generated,3,signed-index,main,False,True,68091,68037,0,0,6.879259000015736,False,True,27,2,recovered,SERVE,n0/bundle,True,0,0.01947900000232039
case-11,revocation,generated,3,transparency-only,main,True,False,67839,67785,0,0,7.352272000019866,True,False,1,2,base,SERVE,n0/bundle,True,0,0.04135300000029929
case-11,revocation,generated,3,transparency-only,main,True,False,67839,67785,0,0,6.612286999995831,False,True,4,2,partition-young,SERVE,n0/bundle,True,0,0.04036100000348597
case-11,revocation,generated,3,transparency-only,main,False,True,67839,67785,0,0,6.921261999991657,False,True,14,2,partition-expired,SERVE,n0/bundle,True,0,0.04934400001843642
case-11,revocation,generated,3,transparency-only,main,False,True,68091,68037,0,0,7.016836000019566,False,True,27,2,recovered,SERVE,n0/bundle,True,0,0.05041599999344726
case-11,revocation,generated,3,root-only,main,True,False,68492,67785,130,0,33.14018200001101,True,False,1,8,base,SERVE,n0/bundle,True,4,24.096219000000474
case-11,revocation,generated,3,root-only,main,True,False,68492,67785,130,0,32.36932900000511,False,True,4,8,partition-young,SERVE,n0/bundle,True,4,23.928907999987814
case-11,revocation,generated,3,root-only,main,False,True,68496,67786,130,0,32.82525699998473,False,True,14,8,partition-expired,SERVE,n0/bundle,True,4,24.166586000006873
case-11,revocation,generated,3,root-only,main,False,False,68748,68038,129,0,30.91627899999594,False,False,27,8,recovered,REVOKED,n0/bundle,False,4,24.15138300000308
case-11,revocation,generated,3,all-namespaces,main,True,False,83317,75413,130,0,55.43623799999864,True,False,1,74,base,SERVE,n0/bundle,True,4,26.641095000002224
case-11,revocation,generated,3,all-namespaces,main,True,False,77982,75413,130,10,47.16746500000113,False,True,4,34,partition-young,SERVE,n0/bundle,True,4,26.73528799999758
case-11,revocation,generated,3,all-namespaces,main,False,False,77990,75415,130,10,45.90896800002042,False,False,14,34,partition-expired,EXPIRED,n0/bundle,False,4,26.834817000008115
case-11,revocation,generated,3,all-namespaces,main,False,False,83617,75677,129,0,53.085995999992974,False,False,27,74,recovered,REVOKED,n0/bundle,False,4,26.651690999983657
case-11,revocation,generated,3,scoped,main,True,False,74252,67785,130,0,41.52409799999646,True,False,1,30,base,SERVE,n0/bundle,True,4,23.97167199998762
case-11,revocation,generated,3,scoped,main,True,False,72647,67785,130,3,38.792681999979095,False,True,4,18,partition-young,SERVE,n0/bundle,True,4,23.961176999989675
case-11,revocation,generated,3,scoped,main,False,False,72651,67786,130,3,36.955382000002146,False,False,14,18,partition-expired,EXPIRED,n0/bundle,False,4,23.936289000005218
case-11,revocation,generated,3,scoped,main,False,False,74520,68041,129,0,39.52579699998182,False,False,27,30,recovered,REVOKED,n0/bundle,False,4,24.133505999998306
case-11,revocation,generated,3,status-proof,main,True,False,29716,25856,130,0,9.486065000004373,True,False,1,10,base,SERVE,n0/bundle,True,4,0.838282999978901
case-11,revocation,generated,3,status-proof,main,True,False,2279,25856,130,3,6.449418000016749,False,True,4,4,partition-young,SERVE,n0/bundle,True,4,0.8320839999953478
case-11,revocation,generated,3,status-proof,main,False,False,2281,25857,0,3,4.437996999996585,False,False,14,4,partition-expired,EXPIRED,n0/bundle,False,0,0.2434269999866956
case-11,revocation,generated,3,status-proof,main,False,False,29725,25861,11,0,7.035611999981484,False,False,27,10,recovered,INVALID_OR_MISSING_STATUS,n0/bundle,False,4,0.559442999986004
case-12,revocation,generated,6,lww,main,True,False,70674,70620,0,0,7.407932999996092,True,False,1,2,base,SERVE,n0/bundle,True,0,0.0197290000016892
case-12,revocation,generated,6,lww,main,True,False,70674,70620,0,0,6.495908999994526,False,True,4,2,partition-young,SERVE,n0/bundle,True,0,0.01946899999438756
case-12,revocation,generated,6,lww,main,False,True,70674,70620,0,0,6.769200000007913,False,True,14,2,partition-expired,SERVE,n0/bundle,True,0,0.019358999992391546
case-12,revocation,generated,6,lww,main,False,True,70926,70872,0,0,6.7897210000182895,False,True,27,2,recovered,SERVE,n0/bundle,True,0,0.0197299999911138
case-12,revocation,generated,6,signed-index,main,True,False,70674,70620,0,0,7.588064000003669,True,False,1,2,base,SERVE,n0/bundle,True,0,0.0202900000090267
case-12,revocation,generated,6,signed-index,main,True,False,70674,70620,0,0,6.565443999988929,False,True,4,2,partition-young,SERVE,n0/bundle,True,0,0.019618999999693187
case-12,revocation,generated,6,signed-index,main,False,True,70674,70620,0,0,6.833666999995103,False,True,14,2,partition-expired,SERVE,n0/bundle,True,0,0.019360000010237854
case-12,revocation,generated,6,signed-index,main,False,True,70926,70872,0,0,7.003354000005402,False,True,27,2,recovered,SERVE,n0/bundle,True,0,0.03600399998049397
case-12,revocation,generated,6,transparency-only,main,True,False,70674,70620,0,0,7.795065999999906,True,False,1,2,base,SERVE,n0/bundle,True,0,0.04158199999437784
case-12,revocation,generated,6,transparency-only,main,True,False,70674,70620,0,0,6.757171999993261,False,True,4,2,partition-young,SERVE,n0/bundle,True,0,0.04044099998168349
case-12,revocation,generated,6,transparency-only,main,False,True,70674,70620,0,0,6.91074399998115,False,True,14,2,partition-expired,SERVE,n0/bundle,True,0,0.047912000013639044
case-12,revocation,generated,6,transparency-only,main,False,True,70926,70872,0,0,6.978476000000455,False,True,27,2,recovered,SERVE,n0/bundle,True,0,0.042153999999072767
case-12,revocation,generated,6,root-only,main,True,False,71330,70620,130,0,34.36159899999325,True,False,1,8,base,SERVE,n0/bundle,True,7,25.120934999989686
case-12,revocation,generated,6,root-only,main,True,False,71330,70620,130,0,33.41301000000385,False,True,4,8,partition-young,SERVE,n0/bundle,True,7,25.065632000007554
case-12,revocation,generated,6,root-only,main,False,True,71334,70621,130,0,34.904908000015666,False,True,14,8,partition-expired,SERVE,n0/bundle,True,7,26.021491999983937
case-12,revocation,generated,6,root-only,main,False,False,71586,70873,129,0,32.03691699999922,False,False,27,8,recovered,REVOKED,n0/bundle,False,7,25.10765499999934
case-12,revocation,generated,6,all-namespaces,main,True,False,83344,75395,130,0,55.683889999983194,True,False,1,74,base,SERVE,n0/bundle,True,7,26.716258999982756
case-12,revocation,generated,6,all-namespaces,main,True,False,78003,75395,130,10,47.05951399998298,False,True,4,34,partition-young,SERVE,n0/bundle,True,7,26.64942800001313
case-12,revocation,generated,6,all-namespaces,main,False,False,78011,75397,130,10,45.71843300001888,False,False,14,34,partition-expired,EXPIRED,n0/bundle,False,7,26.879295000014736
case-12,revocation,generated,6,all-namespaces,main,False,False,83644,75659,129,0,53.16555500002096,False,False,27,74,recovered,REVOKED,n0/bundle,False,7,26.590128999998797
case-12,revocation,generated,6,scoped,main,True,False,79106,70620,130,0,49.60184500001219,True,False,1,48,base,SERVE,n0/bundle,True,7,26.404658999979347
case-12,revocation,generated,6,scoped,main,True,False,76431,70620,130,5,43.37065499998971,False,True,4,28,partition-young,SERVE,n0/bundle,True,7,24.919961999984253
case-12,revocation,generated,6,scoped,main,False,False,76439,70622,130,5,42.49931200001811,False,False,14,28,partition-expired,EXPIRED,n0/bundle,False,7,25.567406999982722
case-12,revocation,generated,6,scoped,main,False,False,79386,70879,129,0,45.79576899999438,False,False,27,48,recovered,REVOKED,n0/bundle,False,7,24.959421999994902
case-12,revocation,generated,6,status-proof,main,True,False,30334,26345,130,0,10.694905999997673,True,False,1,16,base,SERVE,n0/bundle,True,7,1.0778539999876102
case-12,revocation,generated,6,status-proof,main,True,False,6851,26345,130,5,7.2458190000190825,False,True,4,6,partition-young,SERVE,n0/bundle,True,7,1.0723460000008345
case-12,revocation,generated,6,status-proof,main,False,False,6855,26347,0,5,4.869027000012238,False,False,14,6,partition-expired,EXPIRED,n0/bundle,False,0,0.22012099998391932
case-12,revocation,generated,6,status-proof,main,False,False,30349,26353,20,0,7.991761999988967,False,False,27,16,recovered,INVALID_OR_MISSING_STATUS,n0/bundle,False,7,0.849110000018527
case-13,grant_revocation,public-lock,1,lww,main,True,False,34888,34834,0,0,3.2217449999905057,True,False,1,2,base,SERVE,n0/bundle,True,0,0.012539000010747259
case-13,grant_revocation,public-lock,1,lww,main,True,False,34888,34834,0,0,2.551033999992569,False,True,4,2,partition-young,SERVE,n0/bundle,True,0,0.011577999998735322
case-13,grant_revocation,public-lock,1,lww,main,False,True,34888,34834,0,0,2.05450600000745,False,True,14,2,partition-expired,SERVE,n0/bundle,True,0,0.011497000002691493
case-13,grant_revocation,public-lock,1,lww,main,False,True,35141,35087,0,0,2.0109209999930044,False,True,27,2,recovered,SERVE,n0/bundle,True,0,0.012147999996159342
case-13,grant_revocation,public-lock,1,signed-index,main,True,False,34888,34834,0,0,3.1739119999940613,True,False,1,2,base,SERVE,n0/bundle,True,0,0.012037999994163329
case-13,grant_revocation,public-lock,1,signed-index,main,True,False,34888,34834,0,0,2.5737280000157625,False,True,4,2,partition-young,SERVE,n0/bundle,True,0,0.01228799999353214
case-13,grant_revocation,public-lock,1,signed-index,main,False,True,34888,34834,0,0,2.0396339999990687,False,True,14,2,partition-expired,SERVE,n0/bundle,True,0,0.011466999978893
case-13,grant_revocation,public-lock,1,signed-index,main,False,True,35141,35087,0,0,2.014426000016556,False,True,27,2,recovered,SERVE,n0/bundle,True,0,0.012238000010711403
case-13,grant_revocation,public-lock,1,transparency-only,main,True,False,34888,34834,0,0,3.201765000000023,True,False,1,2,base,SERVE,n0/bundle,True,0,0.026179000002457542
case-13,grant_revocation,public-lock,1,transparency-only,main,True,False,34888,34834,0,0,2.7182460000005904,False,True,4,2,partition-young,SERVE,n0/bundle,True,0,0.026460000015049445
case-13,grant_revocation,public-lock,1,transparency-only,main,False,True,34888,34834,0,0,2.1359579999966627,False,True,14,2,partition-expired,SERVE,n0/bundle,True,0,0.026028999997151914
case-13,grant_revocation,public-lock,1,transparency-only,main,False,True,35141,35087,0,0,2.139072999995051,False,True,27,2,recovered,SERVE,n0/bundle,True,0,0.027041000009830896
case-13,grant_revocation,public-lock,1,root-only,main,True,False,35539,34834,62,0,16.29553600000122,True,False,1,8,base,SERVE,n0/bundle,True,2,11.581992999992963
case-13,grant_revocation,public-lock,1,root-only,main,True,False,35539,34834,62,0,15.645786999982647,False,True,4,8,partition-young,SERVE,n0/bundle,True,2,11.591776999978265
case-13,grant_revocation,public-lock,1,root-only,main,False,True,35543,34835,62,0,15.124551000013753,False,True,14,8,partition-expired,SERVE,n0/bundle,True,2,11.516653999990467
case-13,grant_revocation,public-lock,1,root-only,main,False,False,35796,35088,2,0,14.908646000009185,False,False,27,8,recovered,CAPABILITY_REVOKED,n0/bundle,False,2,11.536594999995486
case-13,grant_revocation,public-lock,1,all-namespaces,main,True,False,52238,44364,62,0,36.02283199998624,True,False,1,74,base,SERVE,n0/bundle,True,2,15.082057999990184
case-13,grant_revocation,public-lock,1,all-namespaces,main,True,False,46909,44364,62,10,27.59584399998971,False,True,4,34,partition-young,SERVE,n0/bundle,True,2,14.950479000020778
case-13,grant_revocation,public-lock,1,all-namespaces,main,False,False,46917,44366,62,10,27.304495000009865,False,False,14,34,partition-expired,EXPIRED,n0/bundle,False,2,15.111211000004232
case-13,grant_revocation,public-lock,1,all-namespaces,main,False,False,52539,44629,2,0,34.939038999993954,False,False,27,74,recovered,CAPABILITY_REVOKED,n0/bundle,False,2,14.924278999984608
case-13,grant_revocation,public-lock,1,scoped,main,True,False,39179,34834,62,0,19.74466299998312,True,False,1,18,base,SERVE,n0/bundle,True,2,11.649304000002303
case-13,grant_revocation,public-lock,1,scoped,main,True,False,38644,34834,62,1,18.647229999999126,False,True,4,14,partition-young,SERVE,n0/bundle,True,2,11.662053999998534
case-13,grant_revocation,public-lock,1,scoped,main,False,False,38648,34835,62,1,17.916759000002003,False,False,14,14,partition-expired,EXPIRED,n0/bundle,False,2,11.59844799997245
case-13,grant_revocation,public-lock,1,scoped,main,False,False,39440,35089,2,0,18.53322399998092,False,False,27,18,recovered,CAPABILITY_REVOKED,n0/bundle,False,2,11.497058000003335
case-13,grant_revocation,public-lock,1,status-proof,main,True,False,18280,15292,62,0,4.42669200000978,True,False,1,6,base,SERVE,n0/bundle,True,2,0.4369989999872814
case-13,grant_revocation,public-lock,1,status-proof,main,True,False,1887,15292,62,1,2.6341299999899093,False,True,4,4,partition-young,SERVE,n0/bundle,True,2,0.4341340000166838
case-13,grant_revocation,public-lock,1,status-proof,main,False,False,1889,15293,0,1,2.0287579999944683,False,False,14,4,partition-expired,EXPIRED,n0/bundle,False,0,0.28410799998823677
case-13,grant_revocation,public-lock,1,status-proof,main,False,False,18345,15355,2,0,3.067203000000518,False,False,27,6,recovered,INVALID_OR_MISSING_STATUS,n0/bundle,False,2,0.3010940000081064
case-14,grant_revocation,public-lock,3,lww,main,True,False,36778,36724,0,0,3.1953560000204106,True,False,1,2,base,SERVE,n0/bundle,True,0,0.011736999994127473
case-14,grant_revocation,public-lock,3,lww,main,True,False,36778,36724,0,0,2.557424000002584,False,True,4,2,partition-young,SERVE,n0/bundle,True,0,0.01164800002584343
case-14,grant_revocation,public-lock,3,lww,main,False,True,36778,36724,0,0,2.074516000021731,False,True,14,2,partition-expired,SERVE,n0/bundle,True,0,0.011356999976896986
case-14,grant_revocation,public-lock,3,lww,main,False,True,37031,36977,0,0,2.1221179999884043,False,True,27,2,recovered,SERVE,n0/bundle,True,0,0.012599000001500826
case-14,grant_revocation,public-lock,3,signed-index,main,True,False,36778,36724,0,0,3.1893969999998717,True,False,1,2,base,SERVE,n0/bundle,True,0,0.014120999992428551
case-14,grant_revocation,public-lock,3,signed-index,main,True,False,36778,36724,0,0,2.5432730000147785,False,True,4,2,partition-young,SERVE,n0/bundle,True,0,0.011878000009346579
case-14,grant_revocation,public-lock,3,signed-index,main,False,True,36778,36724,0,0,2.1036699999967823,False,True,14,2,partition-expired,SERVE,n0/bundle,True,0,0.011918000012656194
case-14,grant_revocation,public-lock,3,signed-index,main,False,True,37031,36977,0,0,2.4312339999994492,False,True,27,2,recovered,SERVE,n0/bundle,True,0,0.01320999999165906
case-14,grant_revocation,public-lock,3,transparency-only,main,True,False,36778,36724,0,0,3.2673540000018875,True,False,1,2,base,SERVE,n0/bundle,True,0,0.02592900000308873
case-14,grant_revocation,public-lock,3,transparency-only,main,True,False,36778,36724,0,0,2.5258069999836152,False,True,4,2,partition-young,SERVE,n0/bundle,True,0,0.025157999999692038
case-14,grant_revocation,public-lock,3,transparency-only,main,False,True,36778,36724,0,0,2.1329139999863855,False,True,14,2,partition-expired,SERVE,n0/bundle,True,0,0.02500799999438641
case-14,grant_revocation,public-lock,3,transparency-only,main,False,True,37031,36977,0,0,2.2753599999987273,False,True,27,2,recovered,SERVE,n0/bundle,True,0,0.026379999980008506
case-14,grant_revocation,public-lock,3,root-only,main,True,False,37431,36724,62,0,16.91470400001549,True,False,1,8,base,SERVE,n0/bundle,True,4,12.256213000000571
case-14,grant_revocation,public-lock,3,root-only,main,True,False,37431,36724,62,0,16.472867999993923,False,True,4,8,partition-young,SERVE,n0/bundle,True,4,12.261230999996542
case-14,grant_revocation,public-lock,3,root-only,main,False,True,37435,36725,62,0,15.910069999989673,False,True,14,8,partition-expired,SERVE,n0/bundle,True,4,12.249322999991819
case-14,grant_revocation,public-lock,3,root-only,main,False,False,37688,36978,3,0,15.677038999996284,False,False,27,8,recovered,CAPABILITY_REVOKED,n0/bundle,False,3,12.196963999997479
case-14,grant_revocation,public-lock,3,all-namespaces,main,True,False,52256,44352,62,0,35.92426599999499,True,False,1,74,base,SERVE,n0/bundle,True,4,14.998556999984203
case-14,grant_revocation,public-lock,3,all-namespaces,main,True,False,46921,44352,62,10,27.72360500000559,False,True,4,34,partition-young,SERVE,n0/bundle,True,4,14.987228999984836
case-14,grant_revocation,public-lock,3,all-namespaces,main,False,False,46929,44354,62,10,27.2034319999932,False,False,14,34,partition-expired,EXPIRED,n0/bundle,False,4,15.046318000003112
case-14,grant_revocation,public-lock,3,all-namespaces,main,False,False,52557,44617,3,0,35.06616300001042,False,False,27,74,recovered,CAPABILITY_REVOKED,n0/bundle,False,3,14.960038000026543
case-14,grant_revocation,public-lock,3,scoped,main,True,False,42405,36724,62,0,24.091170999980704,True,False,1,30,base,SERVE,n0/bundle,True,4,12.946142999993526
case-14,grant_revocation,public-lock,3,scoped,main,True,False,40800,36724,62,3,20.51913700000796,False,True,4,18,partition-young,SERVE,n0/bundle,True,4,12.244584999990593
case-14,grant_revocation,public-lock,3,scoped,main,False,False,40804,36725,62,3,19.994195999998965,False,False,14,18,partition-expired,EXPIRED,n0/bundle,False,4,12.226107000003594
case-14,grant_revocation,public-lock,3,scoped,main,False,False,42674,36981,3,0,22.084645999996155,False,False,27,30,recovered,CAPABILITY_REVOKED,n0/bundle,False,3,12.215421000007609
case-14,grant_revocation,public-lock,3,status-proof,main,True,False,18692,15618,62,0,5.031031000015673,True,False,1,10,base,SERVE,n0/bundle,True,4,0.6199240000057671
case-14,grant_revocation,public-lock,3,status-proof,main,True,False,1897,15618,62,3,2.8150429999982407,False,True,4,4,partition-young,SERVE,n0/bundle,True,4,0.6204949999926157
case-14,grant_revocation,public-lock,3,status-proof,main,False,False,1899,15619,0,3,2.003700000017261,False,False,14,4,partition-expired,EXPIRED,n0/bundle,False,0,0.28174499999522595
case-14,grant_revocation,public-lock,3,status-proof,main,False,False,18721,15643,5,0,3.686334999997598,False,False,27,10,recovered,INVALID_OR_MISSING_STATUS,n0/bundle,False,3,0.4722009999795773
case-15,grant_revocation,public-lock,6,lww,main,True,False,39613,39559,0,0,3.394525000004478,True,False,1,2,base,SERVE,n0/bundle,True,0,0.014120999992428551
case-15,grant_revocation,public-lock,6,lww,main,True,False,39613,39559,0,0,2.694990999998481,False,True,4,2,partition-young,SERVE,n0/bundle,True,0,0.013490000014826364
case-15,grant_revocation,public-lock,6,lww,main,False,True,39613,39559,0,0,2.2648930000173095,False,True,14,2,partition-expired,SERVE,n0/bundle,True,0,0.012929000007488867
case-15,grant_revocation,public-lock,6,lww,main,False,True,39866,39812,0,0,2.2441319999870757,False,True,27,2,recovered,SERVE,n0/bundle,True,0,0.013719999998329513
case-15,grant_revocation,public-lock,6,signed-index,main,True,False,39613,39559,0,0,3.3237080000105834,True,False,1,2,base,SERVE,n0/bundle,True,0,0.01362099999369093
case-15,grant_revocation,public-lock,6,signed-index,main,True,False,39613,39559,0,0,2.688922000004368,False,True,4,2,partition-young,SERVE,n0/bundle,True,0,0.01320999999165906
case-15,grant_revocation,public-lock,6,signed-index,main,False,True,39613,39559,0,0,2.263480999999956,False,True,14,2,partition-expired,SERVE,n0/bundle,True,0,0.012618999988944779
case-15,grant_revocation,public-lock,6,signed-index,main,False,True,39866,39812,0,0,2.2452329999964604,False,True,27,2,recovered,SERVE,n0/bundle,True,0,0.014131000000361382
case-15,grant_revocation,public-lock,6,transparency-only,main,True,False,39613,39559,0,0,3.4917520000021796,True,False,1,2,base,SERVE,n0/bundle,True,0,0.027280999972845166
case-15,grant_revocation,public-lock,6,transparency-only,main,True,False,39613,39559,0,0,2.6897930000018277,False,True,4,2,partition-young,SERVE,n0/bundle,True,0,0.026720000022351087
case-15,grant_revocation,public-lock,6,transparency-only,main,False,True,39613,39559,0,0,2.245153000018263,False,True,14,2,partition-expired,SERVE,n0/bundle,True,0,0.02624900000114394
case-15,grant_revocation,public-lock,6,transparency-only,main,False,True,39866,39812,0,0,2.2593749999941792,False,True,27,2,recovered,SERVE,n0/bundle,True,0,0.027101000000584463
case-15,grant_revocation,public-lock,6,root-only,main,True,False,40269,39559,62,0,18.13096199998654,True,False,1,8,base,SERVE,n0/bundle,True,7,13.356006000009302
case-15,grant_revocation,public-lock,6,root-only,main,True,False,40269,39559,62,0,17.416464999996606,False,True,4,8,partition-young,SERVE,n0/bundle,True,7,13.251668999998856
case-15,grant_revocation,public-lock,6,root-only,main,False,True,40273,39560,62,0,17.11958800001412,False,True,14,8,partition-expired,SERVE,n0/bundle,True,7,13.325390000005655
case-15,grant_revocation,public-lock,6,root-only,main,False,False,40526,39813,3,0,16.872324999980037,False,False,27,8,recovered,CAPABILITY_REVOKED,n0/bundle,False,3,13.284467999994831
case-15,grant_revocation,public-lock,6,all-namespaces,main,True,False,52283,44334,62,0,35.882942999990064,True,False,1,74,base,SERVE,n0/bundle,True,7,15.021236000023919
case-15,grant_revocation,public-lock,6,all-namespaces,main,True,False,46942,44334,62,10,28.056870000000345,False,True,4,34,partition-young,SERVE,n0/bundle,True,7,15.13861299997643
case-15,grant_revocation,public-lock,6,all-namespaces,main,False,False,46950,44336,62,10,27.388422000001356,False,False,14,34,partition-expired,EXPIRED,n0/bundle,False,7,15.045482000004995
case-15,grant_revocation,public-lock,6,all-namespaces,main,False,False,52584,44599,3,0,34.58996399999137,False,False,27,74,recovered,CAPABILITY_REVOKED,n0/bundle,False,3,14.949027000000115
case-15,grant_revocation,public-lock,6,scoped,main,True,False,47259,39559,62,0,28.878486999985853,True,False,1,48,base,SERVE,n0/bundle,True,7,13.324108999995588
case-15,grant_revocation,public-lock,6,scoped,main,True,False,44584,39559,62,5,24.668463000011798,False,True,4,28,partition-young,SERVE,n0/bundle,True,7,13.29943100000719
case-15,grant_revocation,public-lock,6,scoped,main,False,False,44592,39561,62,5,24.092206000005945,False,False,14,28,partition-expired,EXPIRED,n0/bundle,False,7,13.254133000003776
case-15,grant_revocation,public-lock,6,scoped,main,False,False,47540,39819,3,0,27.95036899999559,False,False,27,48,recovered,CAPABILITY_REVOKED,n0/bundle,False,3,13.417580000009366
case-15,grant_revocation,public-lock,6,status-proof,main,True,False,19310,16107,62,0,6.301285000006374,True,False,1,16,base,SERVE,n0/bundle,True,7,0.8703510000032111
case-15,grant_revocation,public-lock,6,status-proof,main,True,False,4674,16107,62,5,3.57478699999092,False,True,4,6,partition-young,SERVE,n0/bundle,True,7,0.8665360000179589
case-15,grant_revocation,public-lock,6,status-proof,main,False,False,4678,16109,0,5,2.417944000001171,False,False,14,6,partition-expired,EXPIRED,n0/bundle,False,0,0.20844400000896712
case-15,grant_revocation,public-lock,6,status-proof,main,False,False,19335,16125,5,0,5.013504999993756,False,False,27,16,recovered,INVALID_OR_MISSING_STATUS,n0/bundle,False,4,0.7463949999930719
case-16,grant_revocation,generated,1,lww,main,True,False,65982,65928,0,0,7.235332999982802,True,False,1,2,base,SERVE,n0/bundle,True,0,0.018678999992971512
case-16,grant_revocation,generated,1,lww,main,True,False,65982,65928,0,0,4.897889999995186,False,True,4,2,partition-young,SERVE,n0/bundle,True,0,0.01782699999353099
case-16,grant_revocation,generated,1,lww,main,False,True,65982,65928,0,0,3.6115620000032322,False,True,14,2,partition-expired,SERVE,n0/bundle,True,0,0.017595999992181532
case-16,grant_revocation,generated,1,lww,main,False,True,66236,66182,0,0,3.598653000011609,False,True,27,2,recovered,SERVE,n0/bundle,True,0,0.01831699998433578
case-16,grant_revocation,generated,1,signed-index,main,True,False,65982,65928,0,0,7.451368999994656,True,False,1,2,base,SERVE,n0/bundle,True,0,0.01946899999438756
case-16,grant_revocation,generated,1,signed-index,main,True,False,65982,65928,0,0,4.865963000014517,False,True,4,2,partition-young,SERVE,n0/bundle,True,0,0.018197000002828645
case-16,grant_revocation,generated,1,signed-index,main,False,True,65982,65928,0,0,3.5992440000143233,False,True,14,2,partition-expired,SERVE,n0/bundle,True,0,0.0177259999816215
case-16,grant_revocation,generated,1,signed-index,main,False,True,66236,66182,0,0,3.6021079999954964,False,True,27,2,recovered,SERVE,n0/bundle,True,0,0.018848999985721093
case-16,grant_revocation,generated,1,transparency-only,main,True,False,65982,65928,0,0,7.275353000011364,True,False,1,2,base,SERVE,n0/bundle,True,0,0.04070199997840973
case-16,grant_revocation,generated,1,transparency-only,main,True,False,65982,65928,0,0,5.003059000017629,False,True,4,2,partition-young,SERVE,n0/bundle,True,0,0.03944000002320536
case-16,grant_revocation,generated,1,transparency-only,main,False,True,65982,65928,0,0,3.6240109999994274,False,True,14,2,partition-expired,SERVE,n0/bundle,True,0,0.038828000015200814
case-16,grant_revocation,generated,1,transparency-only,main,False,True,66236,66182,0,0,3.6323839999852225,False,True,27,2,recovered,SERVE,n0/bundle,True,0,0.03996000000938693
case-16,grant_revocation,generated,1,root-only,main,True,False,66634,65928,130,0,32.218460999985155,True,False,1,8,base,SERVE,n0/bundle,True,2,23.26218399997515
case-16,grant_revocation,generated,1,root-only,main,True,False,66634,65928,130,0,29.975680999996257,False,True,4,8,partition-young,SERVE,n0/bundle,True,2,23.33590499998195
case-16,grant_revocation,generated,1,root-only,main,False,True,66638,65929,130,0,29.68848800000501,False,True,14,8,partition-expired,SERVE,n0/bundle,True,2,24.256092000001672
case-16,grant_revocation,generated,1,root-only,main,False,False,66892,66183,2,0,28.340167000010297,False,False,27,8,recovered,CAPABILITY_REVOKED,n0/bundle,False,2,23.16867400000433
case-16,grant_revocation,generated,1,all-namespaces,main,True,False,83347,75458,130,0,55.76571500000682,True,False,1,74,base,SERVE,n0/bundle,True,2,26.777331000005233
case-16,grant_revocation,generated,1,all-namespaces,main,True,False,78015,75458,130,10,45.766937000024654,False,True,4,34,partition-young,SERVE,n0/bundle,True,2,26.74819800000705
case-16,grant_revocation,generated,1,all-namespaces,main,False,False,78023,75460,130,10,44.23950499997886,False,False,14,34,partition-expired,EXPIRED,n0/bundle,False,2,26.883260999994718
case-16,grant_revocation,generated,1,all-namespaces,main,False,False,83649,75724,2,0,52.03847699999642,False,False,27,74,recovered,CAPABILITY_REVOKED,n0/bundle,False,2,26.698613000007754
case-16,grant_revocation,generated,1,scoped,main,True,False,71064,65928,130,0,37.36756999998647,True,False,1,18,base,SERVE,n0/bundle,True,2,23.461534000006168
case-16,grant_revocation,generated,1,scoped,main,True,False,70526,65928,130,1,34.32852000000253,False,True,4,14,partition-young,SERVE,n0/bundle,True,2,23.33490399999505
case-16,grant_revocation,generated,1,scoped,main,False,False,70530,65929,130,1,32.70987100000866,False,False,14,14,partition-expired,EXPIRED,n0/bundle,False,2,23.282854999990832
case-16,grant_revocation,generated,1,scoped,main,False,False,71326,66184,2,0,33.46287600001574,False,False,27,18,recovered,CAPABILITY_REVOKED,n0/bundle,False,2,23.298268000019107
case-16,grant_revocation,generated,1,status-proof,main,True,False,29305,25531,130,0,10.017955999984451,True,False,1,6,base,SERVE,n0/bundle,True,2,0.663760000009006
case-16,grant_revocation,generated,1,status-proof,main,True,False,2269,25531,130,1,4.660182000009172,False,True,4,4,partition-young,SERVE,n0/bundle,True,2,0.6617479999988518
case-16,grant_revocation,generated,1,status-proof,main,False,False,2271,25532,0,1,2.9258389999995416,False,False,14,4,partition-expired,EXPIRED,n0/bundle,False,0,0.3505180000047403
case-16,grant_revocation,generated,1,status-proof,main,False,False,29438,25662,2,0,5.809994999992796,False,False,27,6,recovered,INVALID_OR_MISSING_STATUS,n0/bundle,False,2,0.38541099999633843
case-17,grant_revocation,generated,3,lww,main,True,False,67839,67785,0,0,7.266299999997727,True,False,1,2,base,SERVE,n0/bundle,True,0,0.02023099997927602
case-17,grant_revocation,generated,3,lww,main,True,False,67839,67785,0,0,4.970580000019709,False,True,4,2,partition-young,SERVE,n0/bundle,True,0,0.01857800000948373
case-17,grant_revocation,generated,3,lww,main,False,True,67839,67785,0,0,3.767536999987442,False,True,14,2,partition-expired,SERVE,n0/bundle,True,0,0.018688000011479744
case-17,grant_revocation,generated,3,lww,main,False,True,68092,68038,0,0,3.7131660000113698,False,True,27,2,recovered,SERVE,n0/bundle,True,0,0.019419000011566823
case-17,grant_revocation,generated,3,signed-index,main,True,False,67839,67785,0,0,7.402815000006058,True,False,1,2,base,SERVE,n0/bundle,True,0,0.019850000001042645
case-17,grant_revocation,generated,3,signed-index,main,True,False,67839,67785,0,0,5.207716999990453,False,True,4,2,partition-young,SERVE,n0/bundle,True,0,0.020841000008431365
case-17,grant_revocation,generated,3,signed-index,main,False,True,67839,67785,0,0,3.80839899997909,False,True,14,2,partition-expired,SERVE,n0/bundle,True,0,0.018698000019412575
case-17,grant_revocation,generated,3,signed-index,main,False,True,68092,68038,0,0,3.7112230000104773,False,True,27,2,recovered,SERVE,n0/bundle,True,0,0.019339999994372192
case-17,grant_revocation,generated,3,transparency-only,main,True,False,67839,67785,0,0,7.332480000002306,True,False,1,2,base,SERVE,n0/bundle,True,0,0.04061100000285478
case-17,grant_revocation,generated,3,transparency-only,main,True,False,67839,67785,0,0,5.035428000013553,False,True,4,2,partition-young,SERVE,n0/bundle,True,0,0.039820000012014134
case-17,grant_revocation,generated,3,transparency-only,main,False,True,67839,67785,0,0,3.7872970000023543,False,True,14,2,partition-expired,SERVE,n0/bundle,True,0,0.040001000002121145
case-17,grant_revocation,generated,3,transparency-only,main,False,True,68092,68038,0,0,3.74382100000048,False,True,27,2,recovered,SERVE,n0/bundle,True,0,0.041111999991017
case-17,grant_revocation,generated,3,root-only,main,True,False,68492,67785,130,0,33.13084399999866,True,False,1,8,base,SERVE,n0/bundle,True,4,24.112884999993867
case-17,grant_revocation,generated,3,root-only,main,True,False,68492,67785,130,0,36.44455799999946,False,True,4,8,partition-young,SERVE,n0/bundle,True,4,28.553157000004603
case-17,grant_revocation,generated,3,root-only,main,False,True,68496,67786,130,0,31.712657000014133,False,True,14,8,partition-expired,SERVE,n0/bundle,True,4,24.26005699999223
case-17,grant_revocation,generated,3,root-only,main,False,False,68749,68039,3,0,29.159199999980956,False,False,27,8,recovered,CAPABILITY_REVOKED,n0/bundle,False,3,23.76873599999385
case-17,grant_revocation,generated,3,all-namespaces,main,True,False,83317,75413,130,0,55.99056099998734,True,False,1,74,base,SERVE,n0/bundle,True,4,27.262882000002264
case-17,grant_revocation,generated,3,all-namespaces,main,True,False,77982,75413,130,10,45.511479999987614,False,True,4,34,partition-young,SERVE,n0/bundle,True,4,26.697450000000345
case-17,grant_revocation,generated,3,all-namespaces,main,False,False,77990,75415,130,10,44.031459999985145,False,False,14,34,partition-expired,EXPIRED,n0/bundle,False,4,26.70769499999892
case-17,grant_revocation,generated,3,all-namespaces,main,False,False,83618,75678,3,0,51.389336999989155,False,False,27,74,recovered,CAPABILITY_REVOKED,n0/bundle,False,3,26.48760400001038
case-17,grant_revocation,generated,3,scoped,main,True,False,74252,67785,130,0,42.06262299999253,True,False,1,30,base,SERVE,n0/bundle,True,4,24.38532500002566
case-17,grant_revocation,generated,3,scoped,main,True,False,72647,67785,130,3,36.938681999998835,False,True,4,18,partition-young,SERVE,n0/bundle,True,4,23.960125000002108
case-17,grant_revocation,generated,3,scoped,main,False,False,72651,67786,130,3,35.4607650000105,False,False,14,18,partition-expired,EXPIRED,n0/bundle,False,4,23.934465999985832
case-17,grant_revocation,generated,3,scoped,main,False,False,74521,68042,3,0,37.83894900001883,False,False,27,30,recovered,CAPABILITY_REVOKED,n0/bundle,False,3,23.8293179999971
case-17,grant_revocation,generated,3,status-proof,main,True,False,29716,25856,130,0,9.655850000001465,True,False,1,10,base,SERVE,n0/bundle,True,4,0.8419879999905788
case-17,grant_revocation,generated,3,status-proof,main,True,False,2279,25856,130,3,4.864521000001787,False,True,4,4,partition-young,SERVE,n0/bundle,True,4,0.8310319999793592
case-17,grant_revocation,generated,3,status-proof,main,False,False,2281,25857,0,3,2.8391179999971428,False,False,14,4,partition-expired,EXPIRED,n0/bundle,False,0,0.2440579999927195
case-17,grant_revocation,generated,3,status-proof,main,False,False,29767,25903,7,0,5.458806000007144,False,False,27,10,recovered,INVALID_OR_MISSING_STATUS,n0/bundle,False,4,0.6025980000003983
case-18,grant_revocation,generated,6,lww,main,True,False,70674,70620,0,0,7.372349000007716,True,False,1,2,base,SERVE,n0/bundle,True,0,0.019960999992463258
case-18,grant_revocation,generated,6,lww,main,True,False,70674,70620,0,0,5.161337000004096,False,True,4,2,partition-young,SERVE,n0/bundle,True,0,0.01905899998178029
case-18,grant_revocation,generated,6,lww,main,False,True,70674,70620,0,0,4.116342999992639,False,True,14,2,partition-expired,SERVE,n0/bundle,True,0,0.01906900001813483
case-18,grant_revocation,generated,6,lww,main,False,True,70927,70873,0,0,4.087850000018989,False,True,27,2,recovered,SERVE,n0/bundle,True,0,0.020281000018940176
case-18,grant_revocation,generated,6,signed-index,main,True,False,70674,70620,0,0,7.542986000004248,True,False,1,2,base,SERVE,n0/bundle,True,0,0.019989999998415442
case-18,grant_revocation,generated,6,signed-index,main,True,False,70674,70620,0,0,5.218783999993093,False,True,4,2,partition-young,SERVE,n0/bundle,True,0,0.019590000022162712
case-18,grant_revocation,generated,6,signed-index,main,False,True,70674,70620,0,0,4.141120000014098,False,True,14,2,partition-expired,SERVE,n0/bundle,True,0,0.01955999999836422
case-18,grant_revocation,generated,6,signed-index,main,False,True,70927,70873,0,0,4.089303000000655,False,True,27,2,recovered,SERVE,n0/bundle,True,0,0.02029999998853782
case-18,grant_revocation,generated,6,transparency-only,main,True,False,70674,70620,0,0,7.640103999989378,True,False,1,2,base,SERVE,n0/bundle,True,0,0.04136300000823212
case-18,grant_revocation,generated,6,transparency-only,main,True,False,70674,70620,0,0,5.260797999994793,False,True,4,2,partition-young,SERVE,n0/bundle,True,0,0.04093199999033459
case-18,grant_revocation,generated,6,transparency-only,main,False,True,70674,70620,0,0,4.15927799997462,False,True,14,2,partition-expired,SERVE,n0/bundle,True,0,0.040901999994957805
case-18,grant_revocation,generated,6,transparency-only,main,False,True,70927,70873,0,0,4.1037240000036945,False,True,27,2,recovered,SERVE,n0/bundle,True,0,0.04183299998317125
case-18,grant_revocation,generated,6,root-only,main,True,False,71330,70620,130,0,34.30167199999801,True,False,1,8,base,SERVE,n0/bundle,True,7,25.11745199998927
case-18,grant_revocation,generated,6,root-only,main,True,False,71330,70620,130,0,32.09132199998521,False,True,4,8,partition-young,SERVE,n0/bundle,True,7,24.976328999997577
case-18,grant_revocation,generated,6,root-only,main,False,True,71334,70621,130,0,31.07667199998332,False,True,14,8,partition-expired,SERVE,n0/bundle,True,7,25.059835000007524
case-18,grant_revocation,generated,6,root-only,main,False,False,71587,70874,3,0,30.288203999987218,False,False,27,8,recovered,CAPABILITY_REVOKED,n0/bundle,False,3,24.80312800000206
case-18,grant_revocation,generated,6,all-namespaces,main,True,False,83344,75395,130,0,55.82289400001628,True,False,1,74,base,SERVE,n0/bundle,True,7,26.695138999997425
case-18,grant_revocation,generated,6,all-namespaces,main,True,False,78003,75395,130,10,45.87500299999192,False,True,4,34,partition-young,SERVE,n0/bundle,True,7,26.639796000011984
case-18,grant_revocation,generated,6,all-namespaces,main,False,False,78011,75397,130,10,44.63284099998077,False,False,14,34,partition-expired,EXPIRED,n0/bundle,False,7,26.81637200001319
case-18,grant_revocation,generated,6,all-namespaces,main,False,False,83645,75660,3,0,51.495002000024215,False,False,27,74,recovered,CAPABILITY_REVOKED,n0/bundle,False,3,26.50798700000223
case-18,grant_revocation,generated,6,scoped,main,True,False,79106,70620,130,0,48.381691000003,True,False,1,48,base,SERVE,n0/bundle,True,7,25.124913000013294
case-18,grant_revocation,generated,6,scoped,main,True,False,76431,70620,130,5,42.348537999998825,False,True,4,28,partition-young,SERVE,n0/bundle,True,7,24.991882000023224
case-18,grant_revocation,generated,6,scoped,main,False,False,76439,70622,130,5,40.81076100001724,False,False,14,28,partition-expired,EXPIRED,n0/bundle,False,7,25.0182519999953
case-18,grant_revocation,generated,6,scoped,main,False,False,79387,70880,3,0,44.27502199999367,False,False,27,48,recovered,CAPABILITY_REVOKED,n0/bundle,False,3,24.877890999988495
case-18,grant_revocation,generated,6,status-proof,main,True,False,30334,26345,130,0,10.576598000000104,True,False,1,16,base,SERVE,n0/bundle,True,7,1.0845350000181497
case-18,grant_revocation,generated,6,status-proof,main,True,False,6851,26345,130,5,5.897416999999905,False,True,4,6,partition-young,SERVE,n0/bundle,True,7,1.079637000003686
case-18,grant_revocation,generated,6,status-proof,main,False,False,6855,26347,0,5,3.507215000013275,False,False,14,6,partition-expired,EXPIRED,n0/bundle,False,0,0.21889000001351633
case-18,grant_revocation,generated,6,status-proof,main,False,False,30370,26374,12,0,6.958185999991429,False,False,27,16,recovered,INVALID_OR_MISSING_STATUS,n0/bundle,False,7,0.8453740000220478
case-19,transfer,public-lock,1,lww,main,True,False,34888,34834,0,0,3.18473999999469,True,False,1,2,base,SERVE,n0/bundle,True,0,0.012529000002814428
case-19,transfer,public-lock,1,lww,main,True,False,34888,34834,0,0,3.225942000000259,True,False,4,2,partition-young,SERVE,n0/bundle,True,0,0.012018999996143975
case-19,transfer,public-lock,1,lww,main,True,False,34888,34834,0,0,3.5641210000108003,True,False,14,2,partition-expired,SERVE,n0/bundle,True,0,0.01122699998745702
case-19,transfer,public-lock,1,lww,main,True,False,35927,35873,0,0,3.5216569999931835,True,False,27,2,recovered,SERVE,n0/bundle,True,0,0.011618000002044937
case-19,transfer,public-lock,1,lww,probe,False,False,34525,34456,0,0,1.8859429999906752,False,False,27,2,transfer-probe,MISSING_OR_ROOT_REVOKED,n1/old-grant-publication,False,0,0.011456999999381878
case-19,transfer,public-lock,1,lww,probe,True,False,34525,34456,0,0,1.8935330000147133,True,False,27,2,transfer-probe,SERVE,n1/new-owner-publication,True,0,0.012408999992885583
case-19,transfer,public-lock,1,signed-index,main,True,False,34888,34834,0,0,3.167464000000564,True,False,1,2,base,SERVE,n0/bundle,True,0,0.01172800000404095
case-19,transfer,public-lock,1,signed-index,main,True,False,34888,34834,0,0,3.190348000003951,True,False,4,2,partition-young,SERVE,n0/bundle,True,0,0.011618000002044937
case-19,transfer,public-lock,1,signed-index,main,True,False,34888,34834,0,0,3.557661000002099,True,False,14,2,partition-expired,SERVE,n0/bundle,True,0,0.012077999997472944
case-19,transfer,public-lock,1,signed-index,main,True,False,35927,35873,0,0,3.5799450000126853,True,False,27,2,recovered,SERVE,n0/bundle,True,0,0.011897999996790531
case-19,transfer,public-lock,1,signed-index,probe,False,False,34525,34456,0,0,1.8813549999947554,False,False,27,2,transfer-probe,MISSING_OR_ROOT_REVOKED,n1/old-grant-publication,False,0,0.010815999985425151
case-19,transfer,public-lock,1,signed-index,probe,True,False,34525,34456,0,0,1.900693999999703,True,False,27,2,transfer-probe,SERVE,n1/new-owner-publication,True,0,0.012098000013338606
case-19,transfer,public-lock,1,transparency-only,main,True,False,34888,34834,0,0,3.197006999982932,True,False,1,2,base,SERVE,n0/bundle,True,0,0.026339000015696
case-19,transfer,public-lock,1,transparency-only,main,True,False,34888,34834,0,0,3.278100000017048,True,False,4,2,partition-young,SERVE,n0/bundle,True,0,0.02625000001899025
case-19,transfer,public-lock,1,transparency-only,main,True,False,34888,34834,0,0,3.56938900000614,True,False,14,2,partition-expired,SERVE,n0/bundle,True,0,0.025026999992405763
case-19,transfer,public-lock,1,transparency-only,main,True,False,35927,35873,0,0,3.6066650000066147,True,False,27,2,recovered,SERVE,n0/bundle,True,0,0.02574900000240632
case-19,transfer,public-lock,1,transparency-only,probe,False,False,34525,34456,0,0,1.8491159999882711,False,False,27,2,transfer-probe,MISSING_OR_ROOT_REVOKED,n1/old-grant-publication,False,0,0.011686999982885027
case-19,transfer,public-lock,1,transparency-only,probe,True,False,34525,34456,0,0,1.8958169999905294,True,False,27,2,transfer-probe,SERVE,n1/new-owner-publication,True,0,0.01188800001727941
case-19,transfer,public-lock,1,root-only,main,True,False,35539,34834,62,0,16.237208999996255,True,False,1,8,base,SERVE,n0/bundle,True,2,11.59451300000569
case-19,transfer,public-lock,1,root-only,main,True,False,35539,34834,62,0,16.20610200001238,True,False,4,8,partition-young,SERVE,n0/bundle,True,2,11.524917999992113
case-19,transfer,public-lock,1,root-only,main,True,False,35543,34835,62,0,16.63702100000819,True,False,14,8,partition-expired,SERVE,n0/bundle,True,2,11.538878999999724
case-19,transfer,public-lock,1,root-only,main,True,False,36582,35874,62,0,17.007118999998738,True,False,27,8,recovered,SERVE,n0/bundle,True,2,11.983068999995794
case-19,transfer,public-lock,1,root-only,probe,False,False,35183,34457,1,0,14.709616999994068,False,False,27,8,transfer-probe,MISSING_DEPENDENCY,n1/old-grant-publication,False,1,11.274360000015804
case-19,transfer,public-lock,1,root-only,probe,True,False,35183,34457,1,0,14.734124000000293,True,False,27,8,transfer-probe,SERVE,n1/new-owner-publication,True,1,11.26529600000481
case-19,transfer,public-lock,1,all-namespaces,main,True,False,52238,44364,62,0,36.2851510000155,True,False,1,74,base,SERVE,n0/bundle,True,2,15.163430999990624
case-19,transfer,public-lock,1,all-namespaces,main,True,False,46909,44364,62,10,28.384384999981194,True,False,4,34,partition-young,SERVE,n0/bundle,True,2,15.01950400000851
case-19,transfer,public-lock,1,all-namespaces,main,True,False,46917,44366,62,10,27.999805000007427,True,False,14,34,partition-expired,EXPIRED,n0/bundle,False,2,14.978501999991067
case-19,transfer,public-lock,1,all-namespaces,main,True,False,53325,45415,62,0,36.830552999987276,True,False,27,74,recovered,SERVE,n0/bundle,True,2,15.490524000000505
case-19,transfer,public-lock,1,all-namespaces,probe,False,False,53355,45430,1,0,35.00458199999912,False,False,27,74,transfer-probe,MISSING_DEPENDENCY,n1/old-grant-publication,False,1,15.189690999989125
case-19,transfer,public-lock,1,all-namespaces,probe,True,False,53355,45430,1,0,34.98567299999422,True,False,27,74,transfer-probe,SERVE,n1/new-owner-publication,True,1,15.198604000005389
case-19,transfer,public-lock,1,scoped,main,True,False,39179,34834,62,0,19.742958000023236,True,False,1,18,base,SERVE,n0/bundle,True,2,11.575681000010718
case-19,transfer,public-lock,1,scoped,main,True,False,38644,34834,62,1,19.114280999986022,True,False,4,14,partition-young,SERVE,n0/bundle,True,2,11.653908999988971
case-19,transfer,public-lock,1,scoped,main,True,False,38648,34835,62,1,18.545353999996905,True,False,14,14,partition-expired,EXPIRED,n0/bundle,False,2,11.561120000010305
case-19,transfer,public-lock,1,scoped,main,True,False,40226,35875,62,0,20.739128999991863,True,False,27,18,recovered,SERVE,n0/bundle,True,2,12.242696000015485
case-19,transfer,public-lock,1,scoped,probe,False,False,35403,34457,1,0,16.679922999998098,False,False,27,12,transfer-probe,MISSING_DEPENDENCY,n1/old-grant-publication,False,1,11.259986000027311
case-19,transfer,public-lock,1,scoped,probe,True,False,35403,34457,1,0,16.656406999999263,True,False,27,12,transfer-probe,SERVE,n1/new-owner-publication,True,1,11.217382000012321
case-19,transfer,public-lock,1,status-proof,main,True,False,18280,15292,62,0,4.419568999992407,True,False,1,6,base,SERVE,n0/bundle,True,2,0.4387909999934436
case-19,transfer,public-lock,1,status-proof,main,True,False,1887,15292,62,1,3.352040999999417,True,False,4,4,partition-young,SERVE,n0/bundle,True,2,0.4492969999887464
case-19,transfer,public-lock,1,status-proof,main,True,False,1889,15293,0,1,2.7860069999974257,True,False,14,4,partition-expired,EXPIRED,n0/bundle,False,0,0.2776779999749124
case-19,transfer,public-lock,1,status-proof,main,True,False,18284,15294,62,0,4.861114000021871,True,False,27,6,recovered,SERVE,n0/bundle,True,2,0.46806500000684537
case-19,transfer,public-lock,1,status-proof,probe,False,False,405,230,1,0,1.7282940000029612,False,False,27,4,transfer-probe,INVALID_OR_MISSING_STATUS,n1/old-grant-publication,False,1,0.10092200000144658
case-19,transfer,public-lock,1,status-proof,probe,True,False,548,373,1,0,1.6260710000040035,True,False,27,4,transfer-probe,SERVE,n1/new-owner-publication,True,1,0.10675100000412385
case-20,transfer,public-lock,3,lww,main,True,False,36778,36724,0,0,3.1878130000109195,True,False,1,2,base,SERVE,n0/bundle,True,0,0.01212799998029368
case-20,transfer,public-lock,3,lww,main,True,False,36778,36724,0,0,3.224488000000747,True,False,4,2,partition-young,SERVE,n0/bundle,True,0,0.011777999986861687
case-20,transfer,public-lock,3,lww,main,True,False,36778,36724,0,0,3.5933240000076694,True,False,14,2,partition-expired,SERVE,n0/bundle,True,0,0.011588000006668153
case-20,transfer,public-lock,3,lww,main,True,False,37817,37763,0,0,3.5963179999782824,True,False,27,2,recovered,SERVE,n0/bundle,True,0,0.012579000014056874
case-20,transfer,public-lock,3,lww,probe,False,False,13104,13035,0,0,1.4211510000166072,False,False,27,2,transfer-probe,MISSING_OR_ROOT_REVOKED,n1/old-grant-publication,False,0,0.006028999990803641
case-20,transfer,public-lock,3,lww,probe,True,False,13104,13035,0,0,1.43673400000921,True,False,27,2,transfer-probe,SERVE,n1/new-owner-publication,True,0,0.0057190000006812625
case-20,transfer,public-lock,3,signed-index,main,True,False,36778,36724,0,0,3.20500000000834,True,False,1,2,base,SERVE,n0/bundle,True,0,0.013680999984444497
case-20,transfer,public-lock,3,signed-index,main,True,False,36778,36724,0,0,3.2707880000089062,True,False,4,2,partition-young,SERVE,n0/bundle,True,0,0.012329000014688063
case-20,transfer,public-lock,3,signed-index,main,True,False,36778,36724,0,0,3.577400000011721,True,False,14,2,partition-expired,SERVE,n0/bundle,True,0,0.012499000007437644
case-20,transfer,public-lock,3,signed-index,main,True,False,37817,37763,0,0,3.5948059999952875,True,False,27,2,recovered,SERVE,n0/bundle,True,0,0.012759000014739286
case-20,transfer,public-lock,3,signed-index,probe,False,False,13104,13035,0,0,1.4094539999973676,False,False,27,2,transfer-probe,MISSING_OR_ROOT_REVOKED,n1/old-grant-publication,False,0,0.006098999989490039
case-20,transfer,public-lock,3,signed-index,probe,True,False,13104,13035,0,0,1.4281219999929817,True,False,27,2,transfer-probe,SERVE,n1/new-owner-publication,True,0,0.006009000003359688
case-20,transfer,public-lock,3,transparency-only,main,True,False,36778,36724,0,0,3.2060510000064824,True,False,1,2,base,SERVE,n0/bundle,True,0,0.02549900000303751
case-20,transfer,public-lock,3,transparency-only,main,True,False,36778,36724,0,0,3.2457300000032774,True,False,4,2,partition-young,SERVE,n0/bundle,True,0,0.02543800002285934
case-20,transfer,public-lock,3,transparency-only,main,True,False,36778,36724,0,0,3.592273000009527,True,False,14,2,partition-expired,SERVE,n0/bundle,True,0,0.024547000009533804
case-20,transfer,public-lock,3,transparency-only,main,True,False,37817,37763,0,0,3.611812000002601,True,False,27,2,recovered,SERVE,n0/bundle,True,0,0.02566800000636249
case-20,transfer,public-lock,3,transparency-only,probe,False,False,13104,13035,0,0,1.3982570000052874,False,False,27,2,transfer-probe,MISSING_OR_ROOT_REVOKED,n1/old-grant-publication,False,0,0.005908999980874796
case-20,transfer,public-lock,3,transparency-only,probe,True,False,13104,13035,0,0,1.4457779999759168,True,False,27,2,transfer-probe,SERVE,n1/new-owner-publication,True,0,0.00635999998621628
case-20,transfer,public-lock,3,root-only,main,True,False,37431,36724,62,0,17.01920400000745,True,False,1,8,base,SERVE,n0/bundle,True,4,12.343307999998387
case-20,transfer,public-lock,3,root-only,main,True,False,37431,36724,62,0,16.97647000000302,True,False,4,8,partition-young,SERVE,n0/bundle,True,4,12.266531999983954
case-20,transfer,public-lock,3,root-only,main,True,False,37435,36725,62,0,17.38096900001551,True,False,14,8,partition-expired,SERVE,n0/bundle,True,4,12.241184999993493
case-20,transfer,public-lock,3,root-only,main,True,False,38474,37764,62,0,17.739459000011948,True,False,27,8,recovered,SERVE,n0/bundle,True,4,12.608567999990328
case-20,transfer,public-lock,3,root-only,probe,False,False,13764,13036,1,0,7.297465999982933,False,False,27,8,transfer-probe,MISSING_DEPENDENCY,n1/old-grant-publication,False,1,4.365548000009767
case-20,transfer,public-lock,3,root-only,probe,True,False,13764,13036,1,0,7.291016000010586,True,False,27,8,transfer-probe,SERVE,n1/new-owner-publication,True,1,4.352228000016112
case-20,transfer,public-lock,3,all-namespaces,main,True,False,52256,44352,62,0,36.005060000007916,True,False,1,74,base,SERVE,n0/bundle,True,4,15.05992100001663
case-20,transfer,public-lock,3,all-namespaces,main,True,False,46921,44352,62,10,28.32642100000271,True,False,4,34,partition-young,SERVE,n0/bundle,True,4,14.995914999985871
case-20,transfer,public-lock,3,all-namespaces,main,True,False,46929,44354,62,10,28.000299000012774,True,False,14,34,partition-expired,EXPIRED,n0/bundle,False,4,14.935704999999189
case-20,transfer,public-lock,3,all-namespaces,main,True,False,53343,45403,62,0,36.66273199999637,True,False,27,74,recovered,SERVE,n0/bundle,True,4,15.34045400001105
case-20,transfer,public-lock,3,all-namespaces,probe,False,False,53373,45418,1,0,34.91893399998958,False,False,27,74,transfer-probe,MISSING_DEPENDENCY,n1/old-grant-publication,False,1,15.225630999992745
case-20,transfer,public-lock,3,all-namespaces,probe,True,False,53373,45418,1,0,35.102450000010776,True,False,27,74,transfer-probe,SERVE,n1/new-owner-publication,True,1,15.168074999991177
case-20,transfer,public-lock,3,scoped,main,True,False,42405,36724,62,0,23.392897000007906,True,False,1,30,base,SERVE,n0/bundle,True,4,12.344300000023622
case-20,transfer,public-lock,3,scoped,main,True,False,40800,36724,62,3,21.034835000023122,True,False,4,18,partition-young,SERVE,n0/bundle,True,4,12.252501000006077
case-20,transfer,public-lock,3,scoped,main,True,False,40804,36725,62,3,20.705969000005098,True,False,14,18,partition-expired,EXPIRED,n0/bundle,False,4,12.278971000000638
case-20,transfer,public-lock,3,scoped,main,True,False,43460,37767,62,0,24.212462999997797,True,False,27,30,recovered,SERVE,n0/bundle,True,4,12.58803700000044
case-20,transfer,public-lock,3,scoped,probe,False,False,13984,13036,1,0,9.357029000000239,False,False,27,12,transfer-probe,MISSING_DEPENDENCY,n1/old-grant-publication,False,1,4.385718000008865
case-20,transfer,public-lock,3,scoped,probe,True,False,13984,13036,1,0,9.316066999986106,True,False,27,12,transfer-probe,SERVE,n1/new-owner-publication,True,1,4.36560800000052
case-20,transfer,public-lock,3,status-proof,main,True,False,18692,15618,62,0,5.0075649999996585,True,False,1,10,base,SERVE,n0/bundle,True,4,0.6183419999956641
case-20,transfer,public-lock,3,status-proof,main,True,False,1897,15618,62,3,3.4645100000147977,True,False,4,4,partition-young,SERVE,n0/bundle,True,4,0.6114310000100431
case-20,transfer,public-lock,3,status-proof,main,True,False,1899,15619,0,3,2.6773339999976997,True,False,14,4,partition-expired,EXPIRED,n0/bundle,False,0,0.21950000001424996
case-20,transfer,public-lock,3,status-proof,main,True,False,18700,15622,62,0,5.347546999985298,True,False,27,10,recovered,SERVE,n0/bundle,True,4,0.6203050000124222
case-20,transfer,public-lock,3,status-proof,probe,False,False,405,230,1,0,1.6051790000233268,False,False,27,4,transfer-probe,INVALID_OR_MISSING_STATUS,n1/old-grant-publication,False,1,0.10152300001209369
case-20,transfer,public-lock,3,status-proof,probe,True,False,548,373,1,0,1.607742000004464,True,False,27,4,transfer-probe,SERVE,n1/new-owner-publication,True,1,0.10695099999225022
case-21,transfer,public-lock,6,lww,main,True,False,39613,39559,0,0,3.288634999989881,True,False,1,2,base,SERVE,n0/bundle,True,0,0.013228999989678414
case-21,transfer,public-lock,6,lww,main,True,False,39613,39559,0,0,3.3272830000043996,True,False,4,2,partition-young,SERVE,n0/bundle,True,0,0.013559999985091054
case-21,transfer,public-lock,6,lww,main,True,False,39613,39559,0,0,3.683909999978141,True,False,14,2,partition-expired,SERVE,n0/bundle,True,0,0.013891000008925403
case-21,transfer,public-lock,6,lww,main,True,False,40652,40598,0,0,3.705724000013788,True,False,27,2,recovered,SERVE,n0/bundle,True,0,0.013881000000992572
case-21,transfer,public-lock,6,lww,probe,False,False,8058,7989,0,0,1.333829999992986,False,False,27,2,transfer-probe,MISSING_OR_ROOT_REVOKED,n1/old-grant-publication,False,0,0.004617000001871929
case-21,transfer,public-lock,6,lww,probe,True,False,8058,7989,0,0,1.3106949999723838,True,False,27,2,transfer-probe,SERVE,n1/new-owner-publication,True,0,0.004296000014392121
case-21,transfer,public-lock,6,signed-index,main,True,False,39613,39559,0,0,3.325120000027937,True,False,1,2,base,SERVE,n0/bundle,True,0,0.013319999993655074
case-21,transfer,public-lock,6,signed-index,main,True,False,39613,39559,0,0,3.351258999998663,True,False,4,2,partition-young,SERVE,n0/bundle,True,0,0.013469999998960702
case-21,transfer,public-lock,6,signed-index,main,True,False,39613,39559,0,0,3.671131999993804,True,False,14,2,partition-expired,SERVE,n0/bundle,True,0,0.01395099999967897
case-21,transfer,public-lock,6,signed-index,main,True,False,40652,40598,0,0,3.6872759999937443,True,False,27,2,recovered,SERVE,n0/bundle,True,0,0.014141000008294213
case-21,transfer,public-lock,6,signed-index,probe,False,False,8058,7989,0,0,1.3005299999804265,False,False,27,2,transfer-probe,MISSING_OR_ROOT_REVOKED,n1/old-grant-publication,False,0,0.004797000002554341
case-21,transfer,public-lock,6,signed-index,probe,True,False,8058,7989,0,0,1.3168939999843587,True,False,27,2,transfer-probe,SERVE,n1/new-owner-publication,True,0,0.004626999981383051
case-21,transfer,public-lock,6,transparency-only,main,True,False,39613,39559,0,0,3.320043000002215,True,False,1,2,base,SERVE,n0/bundle,True,0,0.027832000000671542
case-21,transfer,public-lock,6,transparency-only,main,True,False,39613,39559,0,0,3.3685759999855236,True,False,4,2,partition-young,SERVE,n0/bundle,True,0,0.027030000012473465
case-21,transfer,public-lock,6,transparency-only,main,True,False,39613,39559,0,0,3.678702999991401,True,False,14,2,partition-expired,SERVE,n0/bundle,True,0,0.02666000000317581
case-21,transfer,public-lock,6,transparency-only,main,True,False,40652,40598,0,0,3.683721000015794,True,False,27,2,recovered,SERVE,n0/bundle,True,0,0.027602000017168393
case-21,transfer,public-lock,6,transparency-only,probe,False,False,8058,7989,0,0,1.3534400000025926,False,False,27,2,transfer-probe,MISSING_OR_ROOT_REVOKED,n1/old-grant-publication,False,0,0.004687000000558328
case-21,transfer,public-lock,6,transparency-only,probe,True,False,8058,7989,0,0,1.318736999991188,True,False,27,2,transfer-probe,SERVE,n1/new-owner-publication,True,0,0.004886999988684693
case-21,transfer,public-lock,6,root-only,main,True,False,40269,39559,62,0,18.2065360000081,True,False,1,8,base,SERVE,n0/bundle,True,7,13.384408999996822
case-21,transfer,public-lock,6,root-only,main,True,False,40269,39559,62,0,18.29394700001785,True,False,4,8,partition-young,SERVE,n0/bundle,True,7,13.231689999997798
case-21,transfer,public-lock,6,root-only,main,True,False,40273,39560,62,0,18.543514000015193,True,False,14,8,partition-expired,SERVE,n0/bundle,True,7,13.333372999994708
case-21,transfer,public-lock,6,root-only,main,True,False,41312,40599,62,0,18.790895999984514,True,False,27,8,recovered,SERVE,n0/bundle,True,7,13.661137000013923
case-21,transfer,public-lock,6,root-only,probe,False,False,8721,7990,1,0,5.5414099999779864,False,False,27,8,transfer-probe,MISSING_DEPENDENCY,n1/old-grant-publication,False,1,2.647379999984878
case-21,transfer,public-lock,6,root-only,probe,True,False,8721,7990,1,0,5.517604000004894,True,False,27,8,transfer-probe,SERVE,n1/new-owner-publication,True,1,2.635131000005231
case-21,transfer,public-lock,6,all-namespaces,main,True,False,52283,44334,62,0,36.01173699999549,True,False,1,74,base,SERVE,n0/bundle,True,7,15.166886000002933
case-21,transfer,public-lock,6,all-namespaces,main,True,False,46942,44334,62,10,28.316551000017398,True,False,4,34,partition-young,SERVE,n0/bundle,True,7,15.07798100001878
case-21,transfer,public-lock,6,all-namespaces,main,True,False,46950,44336,62,10,28.166865000002872,True,False,14,34,partition-expired,EXPIRED,n0/bundle,False,7,14.996619000015698
case-21,transfer,public-lock,6,all-namespaces,main,True,False,53370,45385,62,0,36.851613000010275,True,False,27,74,recovered,SERVE,n0/bundle,True,7,15.30356099999608
case-21,transfer,public-lock,6,all-namespaces,probe,False,False,53400,45400,1,0,34.84168399998566,False,False,27,74,transfer-probe,MISSING_DEPENDENCY,n1/old-grant-publication,False,1,15.192743999989489
case-21,transfer,public-lock,6,all-namespaces,probe,True,False,53400,45400,1,0,35.349770000010494,True,False,27,74,transfer-probe,SERVE,n1/new-owner-publication,True,1,15.267136999995046
case-21,transfer,public-lock,6,scoped,main,True,False,47259,39559,62,0,28.81632500000819,True,False,1,48,base,SERVE,n0/bundle,True,7,13.312812000009444
case-21,transfer,public-lock,6,scoped,main,True,False,44584,39559,62,5,25.031591000015396,True,False,4,28,partition-young,SERVE,n0/bundle,True,7,13.281263999999737
case-21,transfer,public-lock,6,scoped,main,True,False,44592,39561,62,5,24.692120000025852,True,False,14,28,partition-expired,EXPIRED,n0/bundle,False,7,13.2230260000199
case-21,transfer,public-lock,6,scoped,main,True,False,48326,40605,62,0,29.690552000005255,True,False,27,48,recovered,SERVE,n0/bundle,True,7,13.697091000011596
case-21,transfer,public-lock,6,scoped,probe,False,False,8941,7990,1,0,7.544609000007085,False,False,27,12,transfer-probe,MISSING_DEPENDENCY,n1/old-grant-publication,False,1,2.6638840000146047
case-21,transfer,public-lock,6,scoped,probe,True,False,8941,7990,1,0,7.916359999995848,True,False,27,12,transfer-probe,SERVE,n1/new-owner-publication,True,1,2.6734580000038477
case-21,transfer,public-lock,6,status-proof,main,True,False,19310,16107,62,0,6.252933000013172,True,False,1,16,base,SERVE,n0/bundle,True,7,0.8712429999775395
case-21,transfer,public-lock,6,status-proof,main,True,False,4674,16107,62,5,4.215463000008413,True,False,4,6,partition-young,SERVE,n0/bundle,True,7,0.8794350000016493
case-21,transfer,public-lock,6,status-proof,main,True,False,4678,16109,0,5,3.16122300000643,True,False,14,6,partition-expired,EXPIRED,n0/bundle,False,0,0.20551000000068598
case-21,transfer,public-lock,6,status-proof,main,True,False,19324,16114,62,0,6.697381999998697,True,False,27,16,recovered,SERVE,n0/bundle,True,7,0.8931460000098923
case-21,transfer,public-lock,6,status-proof,probe,False,False,405,230,1,0,1.6999119999923096,False,False,27,4,transfer-probe,INVALID_OR_MISSING_STATUS,n1/old-grant-publication,False,1,0.10895400001231792
case-21,transfer,public-lock,6,status-proof,probe,True,False,548,373,1,0,1.6169360000048982,True,False,27,4,transfer-probe,SERVE,n1/new-owner-publication,True,1,0.10510800001384268
case-22,transfer,generated,1,lww,main,True,False,65982,65928,0,0,7.289274000015666,True,False,1,2,base,SERVE,n0/bundle,True,0,0.021602999993319827
case-22,transfer,generated,1,lww,main,True,False,65982,65928,0,0,7.200390999997808,True,False,4,2,partition-young,SERVE,n0/bundle,True,0,0.017866999996840605
case-22,transfer,generated,1,lww,main,True,False,65982,65928,0,0,8.39745499999367,True,False,14,2,partition-expired,SERVE,n0/bundle,True,0,0.017466999992166166
case-22,transfer,generated,1,lww,main,True,False,67024,66970,0,0,8.383874000003289,True,False,27,2,recovered,SERVE,n0/bundle,True,0,0.018517999990308454
case-22,transfer,generated,1,lww,probe,False,False,65633,65564,0,0,3.1132210000066607,False,False,27,2,transfer-probe,MISSING_OR_ROOT_REVOKED,n1/old-grant-publication,False,0,0.018006999994213402
case-22,transfer,generated,1,lww,probe,True,False,65633,65564,0,0,3.1841990000032183,True,False,27,2,transfer-probe,SERVE,n1/new-owner-publication,True,0,0.01775699999484459
case-22,transfer,generated,1,signed-index,main,True,False,65982,65928,0,0,7.229254000009178,True,False,1,2,base,SERVE,n0/bundle,True,0,0.019420000000991422
case-22,transfer,generated,1,signed-index,main,True,False,65982,65928,0,0,7.554924000004348,True,False,4,2,partition-young,SERVE,n0/bundle,True,0,0.01840799998831244
case-22,transfer,generated,1,signed-index,main,True,False,65982,65928,0,0,8.541651000001593,True,False,14,2,partition-expired,SERVE,n0/bundle,True,0,0.01857799998106202
case-22,transfer,generated,1,signed-index,main,True,False,67024,66970,0,0,8.513789000005545,True,False,27,2,recovered,SERVE,n0/bundle,True,0,0.01906800000028852
case-22,transfer,generated,1,signed-index,probe,False,False,65633,65564,0,0,3.112750999974878,False,False,27,2,transfer-probe,MISSING_OR_ROOT_REVOKED,n1/old-grant-publication,False,0,0.01824699998564938
case-22,transfer,generated,1,signed-index,probe,True,False,65633,65564,0,0,3.1825659999924483,True,False,27,2,transfer-probe,SERVE,n1/new-owner-publication,True,0,0.018847999996296494
case-22,transfer,generated,1,transparency-only,main,True,False,65982,65928,0,0,7.225218000002087,True,False,1,2,base,SERVE,n0/bundle,True,0,0.040581999996902596
case-22,transfer,generated,1,transparency-only,main,True,False,65982,65928,0,0,7.358487999994168,True,False,4,2,partition-young,SERVE,n0/bundle,True,0,0.03895800000464078
case-22,transfer,generated,1,transparency-only,main,True,False,65982,65928,0,0,8.519688000006909,True,False,14,2,partition-expired,SERVE,n0/bundle,True,0,0.049224000008507574
case-22,transfer,generated,1,transparency-only,main,True,False,67024,66970,0,0,8.586790000009614,True,False,27,2,recovered,SERVE,n0/bundle,True,0,0.04012099998362828
case-22,transfer,generated,1,transparency-only,probe,False,False,65633,65564,0,0,3.1005020000236527,False,False,27,2,transfer-probe,MISSING_OR_ROOT_REVOKED,n1/old-grant-publication,False,0,0.020831000000498534
case-22,transfer,generated,1,transparency-only,probe,True,False,65633,65564,0,0,3.218770000017912,True,False,27,2,transfer-probe,SERVE,n1/new-owner-publication,True,0,0.01947900000232039
case-22,transfer,generated,1,root-only,main,True,False,66634,65928,130,0,32.165631999987454,True,False,1,8,base,SERVE,n0/bundle,True,2,23.224106999975902
case-22,transfer,generated,1,root-only,main,True,False,66634,65928,130,0,32.373113999994985,True,False,4,8,partition-young,SERVE,n0/bundle,True,2,23.33376199999293
case-22,transfer,generated,1,root-only,main,True,False,66638,65929,130,0,33.553832999984934,True,False,14,8,partition-expired,SERVE,n0/bundle,True,2,23.24490899999887
case-22,transfer,generated,1,root-only,main,True,False,67680,66971,130,0,33.9884379999944,True,False,27,8,recovered,SERVE,n0/bundle,True,2,23.666894999990973
case-22,transfer,generated,1,root-only,probe,False,False,66295,65565,1,0,27.8208449999795,False,False,27,8,transfer-probe,MISSING_DEPENDENCY,n1/old-grant-publication,False,1,22.810934000006
case-22,transfer,generated,1,root-only,probe,True,False,66295,65565,1,0,27.89452600001141,True,False,27,8,transfer-probe,SERVE,n1/new-owner-publication,True,1,22.82006799998726
case-22,transfer,generated,1,all-namespaces,main,True,False,83347,75458,130,0,55.49217300000464,True,False,1,74,base,SERVE,n0/bundle,True,2,26.75198399998635
case-22,transfer,generated,1,all-namespaces,main,True,False,78015,75458,130,10,47.77387200002181,True,False,4,34,partition-young,SERVE,n0/bundle,True,2,26.584371000012652
case-22,transfer,generated,1,all-namespaces,main,True,False,78023,75460,130,10,46.56041299998037,True,False,14,34,partition-expired,EXPIRED,n0/bundle,False,2,26.606573999998773
case-22,transfer,generated,1,all-namespaces,main,True,False,84437,76512,130,0,57.1159200000011,True,False,27,74,recovered,SERVE,n0/bundle,True,2,27.023652999986325
case-22,transfer,generated,1,all-namespaces,probe,False,False,84467,76527,1,0,51.39282600001138,False,False,27,74,transfer-probe,MISSING_DEPENDENCY,n1/old-grant-publication,False,1,26.701868000003515
case-22,transfer,generated,1,all-namespaces,probe,True,False,84467,76527,1,0,51.84612899998342,True,False,27,74,transfer-probe,SERVE,n1/new-owner-publication,True,1,26.883781999998746
case-22,transfer,generated,1,scoped,main,True,False,71064,65928,130,0,37.477615999989666,True,False,1,18,base,SERVE,n0/bundle,True,2,23.32453799999712
case-22,transfer,generated,1,scoped,main,True,False,70526,65928,130,1,36.4119799999969,True,False,4,14,partition-young,SERVE,n0/bundle,True,2,23.23906000000875
case-22,transfer,generated,1,scoped,main,True,False,70530,65929,130,1,34.9974389999943,True,False,14,14,partition-expired,EXPIRED,n0/bundle,False,2,23.199860999994826
case-22,transfer,generated,1,scoped,main,True,False,72114,66972,130,0,38.80324299998961,True,False,27,18,recovered,SERVE,n0/bundle,True,2,23.554815999972334
case-22,transfer,generated,1,scoped,probe,False,False,66515,65565,1,0,31.079454000007445,False,False,27,12,transfer-probe,MISSING_DEPENDENCY,n1/old-grant-publication,False,1,22.982562999999345
case-22,transfer,generated,1,scoped,probe,True,False,66515,65565,1,0,31.034736999998813,True,False,27,12,transfer-probe,SERVE,n1/new-owner-publication,True,1,22.94680900001822
case-22,transfer,generated,1,status-proof,main,True,False,29305,25531,130,0,9.830934999996543,True,False,1,6,base,SERVE,n0/bundle,True,2,0.6796540000095774
case-22,transfer,generated,1,status-proof,main,True,False,2269,25531,130,1,7.0757820000153515,True,False,4,4,partition-young,SERVE,n0/bundle,True,2,0.6478059999892594
case-22,transfer,generated,1,status-proof,main,True,False,2271,25532,0,1,5.365775000001349,True,False,14,4,partition-expired,EXPIRED,n0/bundle,False,0,0.35517499998150015
case-22,transfer,generated,1,status-proof,main,True,False,29309,25533,130,0,11.572888999978659,True,False,27,6,recovered,SERVE,n0/bundle,True,2,0.6544569999960004
case-22,transfer,generated,1,status-proof,probe,False,False,406,231,1,0,2.224142000017082,False,False,27,4,transfer-probe,INVALID_OR_MISSING_STATUS,n1/old-grant-publication,False,1,0.10162300000615687
case-22,transfer,generated,1,status-proof,probe,True,False,549,374,1,0,2.2343169999885504,True,False,27,4,transfer-probe,SERVE,n1/new-owner-publication,True,1,0.13598500001421598
case-23,transfer,generated,3,lww,main,True,False,67839,67785,0,0,7.232168000001593,True,False,1,2,base,SERVE,n0/bundle,True,0,0.019438999999010775
case-23,transfer,generated,3,lww,main,True,False,67839,67785,0,0,7.264096999989533,True,False,4,2,partition-young,SERVE,n0/bundle,True,0,0.018888999989030708
case-23,transfer,generated,3,lww,main,True,False,67839,67785,0,0,8.52112100000113,True,False,14,2,partition-expired,SERVE,n0/bundle,True,0,0.018809000010833188
case-23,transfer,generated,3,lww,main,True,False,68878,68824,0,0,8.505476999999928,True,False,27,2,recovered,SERVE,n0/bundle,True,0,0.019589000004316404
case-23,transfer,generated,3,lww,probe,False,False,23197,23128,0,0,2.2083879999854616,False,False,27,2,transfer-probe,MISSING_OR_ROOT_REVOKED,n1/old-grant-publication,False,0,0.008893000000398388
case-23,transfer,generated,3,lww,probe,True,False,23197,23128,0,0,2.2306110000158696,True,False,27,2,transfer-probe,SERVE,n1/new-owner-publication,True,0,0.008071999985759248
case-23,transfer,generated,3,signed-index,main,True,False,67839,67785,0,0,7.352169000000686,True,False,1,2,base,SERVE,n0/bundle,True,0,0.02014099999314567
case-23,transfer,generated,3,signed-index,main,True,False,67839,67785,0,0,7.397778000012067,True,False,4,2,partition-young,SERVE,n0/bundle,True,0,0.01864799997974842
case-23,transfer,generated,3,signed-index,main,True,False,67839,67785,0,0,8.650115000023106,True,False,14,2,partition-expired,SERVE,n0/bundle,True,0,0.019278999985772316
case-23,transfer,generated,3,signed-index,main,True,False,68878,68824,0,0,8.64979499999663,True,False,27,2,recovered,SERVE,n0/bundle,True,0,0.019530000002987435
case-23,transfer,generated,3,signed-index,probe,False,False,23197,23128,0,0,2.187916999986328,False,False,27,2,transfer-probe,MISSING_OR_ROOT_REVOKED,n1/old-grant-publication,False,0,0.008964000016931095
case-23,transfer,generated,3,signed-index,probe,True,False,23197,23128,0,0,2.282038999993574,True,False,27,2,transfer-probe,SERVE,n1/new-owner-publication,True,0,0.008772999990469543
case-23,transfer,generated,3,transparency-only,main,True,False,67839,67785,0,0,7.391978999976345,True,False,1,2,base,SERVE,n0/bundle,True,0,0.04102200000488665
case-23,transfer,generated,3,transparency-only,main,True,False,67839,67785,0,0,7.402825000013991,True,False,4,2,partition-young,SERVE,n0/bundle,True,0,0.039659999998775675
case-23,transfer,generated,3,transparency-only,main,True,False,67839,67785,0,0,8.61090600000125,True,False,14,2,partition-expired,SERVE,n0/bundle,True,0,0.03978999998821564
case-23,transfer,generated,3,transparency-only,main,True,False,68878,68824,0,0,8.616875999990725,True,False,27,2,recovered,SERVE,n0/bundle,True,0,0.04134200000294186
case-23,transfer,generated,3,transparency-only,probe,False,False,23197,23128,0,0,2.1802950000164856,False,False,27,2,transfer-probe,MISSING_OR_ROOT_REVOKED,n1/old-grant-publication,False,0,0.008592999989787131
case-23,transfer,generated,3,transparency-only,probe,True,False,23197,23128,0,0,2.2573120000117797,True,False,27,2,transfer-probe,SERVE,n1/new-owner-publication,True,0,0.008943000011640834
case-23,transfer,generated,3,root-only,main,True,False,68492,67785,130,0,32.98027899998601,True,False,1,8,base,SERVE,n0/bundle,True,4,23.96153899999831
case-23,transfer,generated,3,root-only,main,True,False,68492,67785,130,0,33.11722500001224,True,False,4,8,partition-young,SERVE,n0/bundle,True,4,23.94056599999317
case-23,transfer,generated,3,root-only,main,True,False,68496,67786,130,0,34.33741400002077,True,False,14,8,partition-expired,SERVE,n0/bundle,True,4,23.923209999992423
case-23,transfer,generated,3,root-only,main,True,False,69535,68825,130,0,34.78019100001006,True,False,27,8,recovered,SERVE,n0/bundle,True,4,24.2497219999791
case-23,transfer,generated,3,root-only,probe,False,False,23857,23129,1,0,12.210500000009006,False,False,27,8,transfer-probe,MISSING_DEPENDENCY,n1/old-grant-publication,False,1,8.145534999982829
case-23,transfer,generated,3,root-only,probe,True,False,23857,23129,1,0,12.21829200000002,True,False,27,8,transfer-probe,SERVE,n1/new-owner-publication,True,1,8.114037000012786
case-23,transfer,generated,3,all-namespaces,main,True,False,83317,75413,130,0,55.314855999995416,True,False,1,74,base,SERVE,n0/bundle,True,4,26.631272000003037
case-23,transfer,generated,3,all-namespaces,main,True,False,77982,75413,130,10,47.991659999979674,True,False,4,34,partition-young,SERVE,n0/bundle,True,4,26.753876000014998
case-23,transfer,generated,3,all-namespaces,main,True,False,77990,75415,130,10,46.65715900000578,True,False,14,34,partition-expired,EXPIRED,n0/bundle,False,4,26.847145999994382
case-23,transfer,generated,3,all-namespaces,main,True,False,84404,76464,130,0,56.98875699999917,True,False,27,74,recovered,SERVE,n0/bundle,True,4,26.957814000013514
case-23,transfer,generated,3,all-namespaces,probe,False,False,84434,76479,1,0,51.34797699997762,False,False,27,74,transfer-probe,MISSING_DEPENDENCY,n1/old-grant-publication,False,1,26.718573000010792
case-23,transfer,generated,3,all-namespaces,probe,True,False,84434,76479,1,0,51.538004000008186,True,False,27,74,transfer-probe,SERVE,n1/new-owner-publication,True,1,26.861507999996093
case-23,transfer,generated,3,scoped,main,True,False,74252,67785,130,0,41.6265779999776,True,False,1,30,base,SERVE,n0/bundle,True,4,24.11727300000166
case-23,transfer,generated,3,scoped,main,True,False,72647,67785,130,3,39.63138100002084,True,False,4,18,partition-young,SERVE,n0/bundle,True,4,24.116521999985707
case-23,transfer,generated,3,scoped,main,True,False,72651,67786,130,3,37.95002800001157,True,False,14,18,partition-expired,EXPIRED,n0/bundle,False,4,24.06469400000333
case-23,transfer,generated,3,scoped,main,True,False,75307,68828,130,0,43.12378500000591,True,False,27,30,recovered,SERVE,n0/bundle,True,4,24.252727000003915
case-23,transfer,generated,3,scoped,probe,False,False,24077,23129,1,0,15.221948000004204,False,False,27,12,transfer-probe,MISSING_DEPENDENCY,n1/old-grant-publication,False,1,8.117402000010543
case-23,transfer,generated,3,scoped,probe,True,False,24077,23129,1,0,15.238723999999593,True,False,27,12,transfer-probe,SERVE,n1/new-owner-publication,True,1,8.094717999995282
case-23,transfer,generated,3,status-proof,main,True,False,29716,25856,130,0,9.473275999994257,True,False,1,10,base,SERVE,n0/bundle,True,4,0.8319540000059078
case-23,transfer,generated,3,status-proof,main,True,False,2279,25856,130,3,7.177596000019548,True,False,4,4,partition-young,SERVE,n0/bundle,True,4,0.8454739999876892
case-23,transfer,generated,3,status-proof,main,True,False,2281,25857,0,3,5.2531169999952,True,False,14,4,partition-expired,EXPIRED,n0/bundle,False,0,0.2562960000034309
case-23,transfer,generated,3,status-proof,main,True,False,29724,25860,130,0,11.055269000024737,True,False,27,10,recovered,SERVE,n0/bundle,True,4,0.8196649999945294
case-23,transfer,generated,3,status-proof,probe,False,False,405,230,1,0,2.1917130000019824,False,False,27,4,transfer-probe,INVALID_OR_MISSING_STATUS,n1/old-grant-publication,False,1,0.10275500000034299
case-23,transfer,generated,3,status-proof,probe,True,False,548,373,1,0,2.807940999986158,True,False,27,4,transfer-probe,SERVE,n1/new-owner-publication,True,1,0.1088439999819002
case-24,transfer,generated,6,lww,main,True,False,70674,70620,0,0,7.317307000022311,True,False,1,2,base,SERVE,n0/bundle,True,0,0.022753999985525297
case-24,transfer,generated,6,lww,main,True,False,70674,70620,0,0,7.59883100002412,True,False,4,2,partition-young,SERVE,n0/bundle,True,0,0.020810999984632872
case-24,transfer,generated,6,lww,main,True,False,70674,70620,0,0,8.55625299999474,True,False,14,2,partition-expired,SERVE,n0/bundle,True,0,0.019689999987804185
case-24,transfer,generated,6,lww,main,True,False,71713,71659,0,0,8.52961300000743,True,False,27,2,recovered,SERVE,n0/bundle,True,0,0.019759000025487694
case-24,transfer,generated,6,lww,probe,False,False,12904,12835,0,0,1.9948050000095918,False,False,27,2,transfer-probe,MISSING_OR_ROOT_REVOKED,n1/old-grant-publication,False,0,0.005918999988807627
case-24,transfer,generated,6,lww,probe,True,False,12904,12835,0,0,2.019874000012578,True,False,27,2,transfer-probe,SERVE,n1/new-owner-publication,True,0,0.005568999995375634
case-24,transfer,generated,6,signed-index,main,True,False,70674,70620,0,0,7.459821999987071,True,False,1,2,base,SERVE,n0/bundle,True,0,0.02021999998191859
case-24,transfer,generated,6,signed-index,main,True,False,70674,70620,0,0,7.4759560000075,True,False,4,2,partition-young,SERVE,n0/bundle,True,0,0.019659000003002802
case-24,transfer,generated,6,signed-index,main,True,False,70674,70620,0,0,8.716535000019121,True,False,14,2,partition-expired,SERVE,n0/bundle,True,0,0.01955999999836422
case-24,transfer,generated,6,signed-index,main,True,False,71713,71659,0,0,8.71354000000224,True,False,27,2,recovered,SERVE,n0/bundle,True,0,0.02030100000638413
case-24,transfer,generated,6,signed-index,probe,False,False,12904,12835,0,0,1.9694579999907091,False,False,27,2,transfer-probe,MISSING_OR_ROOT_REVOKED,n1/old-grant-publication,False,0,0.005918999988807627
case-24,transfer,generated,6,signed-index,probe,True,False,12904,12835,0,0,2.0340150000208723,True,False,27,2,transfer-probe,SERVE,n1/new-owner-publication,True,0,0.005818999994744445
case-24,transfer,generated,6,transparency-only,main,True,False,70674,70620,0,0,7.91381600001273,True,False,1,2,base,SERVE,n0/bundle,True,0,0.041812999995727296
case-24,transfer,generated,6,transparency-only,main,True,False,70674,70620,0,0,7.443256000016163,True,False,4,2,partition-young,SERVE,n0/bundle,True,0,0.04020000000082291
case-24,transfer,generated,6,transparency-only,main,True,False,70674,70620,0,0,8.712287999998125,True,False,14,2,partition-expired,SERVE,n0/bundle,True,0,0.04013099999156111
case-24,transfer,generated,6,transparency-only,main,True,False,71713,71659,0,0,8.714261999983819,True,False,27,2,recovered,SERVE,n0/bundle,True,0,0.0414630000022953
case-24,transfer,generated,6,transparency-only,probe,False,False,12904,12835,0,0,2.0122930000070482,False,False,27,2,transfer-probe,MISSING_OR_ROOT_REVOKED,n1/old-grant-publication,False,0,0.005958999992117242
case-24,transfer,generated,6,transparency-only,probe,True,False,12904,12835,0,0,2.0158580000213533,True,False,27,2,transfer-probe,SERVE,n1/new-owner-publication,True,0,0.006430000013324388
case-24,transfer,generated,6,root-only,main,True,False,71330,70620,130,0,34.81568500001231,True,False,1,8,base,SERVE,n0/bundle,True,7,25.6223400000124
case-24,transfer,generated,6,root-only,main,True,False,71330,70620,130,0,34.303723000022046,True,False,4,8,partition-young,SERVE,n0/bundle,True,7,24.904378000002225
case-24,transfer,generated,6,root-only,main,True,False,71334,70621,130,0,35.4038909999872,True,False,14,8,partition-expired,SERVE,n0/bundle,True,7,24.951479999998583
case-24,transfer,generated,6,root-only,main,True,False,72373,71660,130,0,35.98745000002168,True,False,27,8,recovered,SERVE,n0/bundle,True,7,25.616110999976627
case-24,transfer,generated,6,root-only,probe,False,False,13567,12836,1,0,8.43596200002139,False,False,27,8,transfer-probe,MISSING_DEPENDENCY,n1/old-grant-publication,False,1,4.566621999998688
case-24,transfer,generated,6,root-only,probe,True,False,13567,12836,1,0,8.466077000008454,True,False,27,8,transfer-probe,SERVE,n1/new-owner-publication,True,1,4.554113000011739
case-24,transfer,generated,6,all-namespaces,main,True,False,83344,75395,130,0,55.450218999993695,True,False,1,74,base,SERVE,n0/bundle,True,7,26.809310000004416
case-24,transfer,generated,6,all-namespaces,main,True,False,78003,75395,130,10,47.79553399998804,True,False,4,34,partition-young,SERVE,n0/bundle,True,7,26.641245999996954
case-24,transfer,generated,6,all-namespaces,main,True,False,78011,75397,130,10,46.605349999992995,True,False,14,34,partition-expired,EXPIRED,n0/bundle,False,7,26.83069200000432
case-24,transfer,generated,6,all-namespaces,main,True,False,84431,76446,130,0,57.31760300000133,True,False,27,74,recovered,SERVE,n0/bundle,True,7,27.019836999983227
case-24,transfer,generated,6,all-namespaces,probe,False,False,84461,76461,1,0,51.64555499999324,False,False,27,74,transfer-probe,MISSING_DEPENDENCY,n1/old-grant-publication,False,1,26.90957999999455
case-24,transfer,generated,6,all-namespaces,probe,True,False,84461,76461,1,0,51.81561099999499,True,False,27,74,transfer-probe,SERVE,n1/new-owner-publication,True,1,26.846606000020756
case-24,transfer,generated,6,scoped,main,True,False,79106,70620,130,0,48.43892299999197,True,False,1,48,base,SERVE,n0/bundle,True,7,25.12638300001413
case-24,transfer,generated,6,scoped,main,True,False,76431,70620,130,5,44.274818999980425,True,False,4,28,partition-young,SERVE,n0/bundle,True,7,24.926872999998295
case-24,transfer,generated,6,scoped,main,True,False,76439,70622,130,5,43.068531000017174,True,False,14,28,partition-expired,EXPIRED,n0/bundle,False,7,25.03019900001391
case-24,transfer,generated,6,scoped,main,True,False,80173,71666,130,0,49.89845199997944,True,False,27,48,recovered,SERVE,n0/bundle,True,7,25.377061000000367
case-24,transfer,generated,6,scoped,probe,False,False,13787,12836,1,0,11.42674900000884,False,False,27,12,transfer-probe,MISSING_DEPENDENCY,n1/old-grant-publication,False,1,4.557446999996273
case-24,transfer,generated,6,scoped,probe,True,False,13787,12836,1,0,11.48059000001922,True,False,27,12,transfer-probe,SERVE,n1/new-owner-publication,True,1,4.532659999995303
case-24,transfer,generated,6,status-proof,main,True,False,30334,26345,130,0,10.515475999994806,True,False,1,16,base,SERVE,n0/bundle,True,7,1.0822300000086216
case-24,transfer,generated,6,status-proof,main,True,False,6851,26345,130,5,8.07096199997659,True,False,4,6,partition-young,SERVE,n0/bundle,True,7,1.0873880000019653
case-24,transfer,generated,6,status-proof,main,True,False,6855,26347,0,5,5.771277000008013,True,False,14,6,partition-expired,EXPIRED,n0/bundle,False,0,0.22980599999300466
case-24,transfer,generated,6,status-proof,main,True,False,30348,26352,130,0,11.73255999998446,True,False,27,16,recovered,SERVE,n0/bundle,True,7,1.0953000000029078
case-24,transfer,generated,6,status-proof,probe,False,False,405,230,1,0,2.186253999980181,False,False,27,4,transfer-probe,INVALID_OR_MISSING_STATUS,n1/old-grant-publication,False,1,0.10057099999016827
case-24,transfer,generated,6,status-proof,probe,True,False,548,373,1,0,2.22736599999962,True,False,27,4,transfer-probe,SERVE,n1/new-owner-publication,True,1,0.11986000001229513
case-25,equivocation,public-lock,1,lww,main,True,False,34888,34834,0,0,3.17322200001513,True,False,1,2,base,SERVE,n0/bundle,True,0,0.011757999999417734
case-25,equivocation,public-lock,1,lww,main,True,False,34888,34834,0,0,2.7019619999748556,False,True,4,2,partition-young,SERVE,n0/bundle,True,0,0.011548000003358538
case-25,equivocation,public-lock,1,lww,main,False,True,34888,34834,0,0,2.4633219999827816,False,True,14,2,partition-expired,SERVE,n0/bundle,True,0,0.011346999997385865
case-25,equivocation,public-lock,1,lww,main,False,True,35361,35307,0,0,2.384463999987929,False,True,27,2,recovered,SERVE,n0/bundle,True,0,0.01213800001664822
case-25,equivocation,public-lock,1,signed-index,main,True,False,34888,34834,0,0,3.1689559999961148,True,False,1,2,base,SERVE,n0/bundle,True,0,0.012038000022585038
case-25,equivocation,public-lock,1,signed-index,main,True,False,34888,34834,0,0,2.674460000008594,False,True,4,2,partition-young,SERVE,n0/bundle,True,0,0.01204800000209616
case-25,equivocation,public-lock,1,signed-index,main,False,True,34888,34834,0,0,2.4103719999857276,False,True,14,2,partition-expired,SERVE,n0/bundle,True,0,0.011597999986179275
case-25,equivocation,public-lock,1,signed-index,main,False,True,35361,35307,0,0,2.40955099999951,False,True,27,2,recovered,SERVE,n0/bundle,True,0,0.012027999986230498
case-25,equivocation,public-lock,1,transparency-only,main,True,False,34888,34834,0,0,3.1758650000028865,True,False,1,2,base,SERVE,n0/bundle,True,0,0.026189999999814972
case-25,equivocation,public-lock,1,transparency-only,main,True,False,34888,34834,0,0,2.7204900000015186,False,True,4,2,partition-young,SERVE,n0/bundle,True,0,0.0259889999938423
case-25,equivocation,public-lock,1,transparency-only,main,False,True,34888,34834,0,0,2.3909020000019154,False,True,14,2,partition-expired,SERVE,n0/bundle,True,0,0.025389000001041495
case-25,equivocation,public-lock,1,transparency-only,main,False,True,35361,35307,0,0,2.432856000012862,False,True,27,2,recovered,SERVE,n0/bundle,True,0,0.027621000015187747
case-25,equivocation,public-lock,1,root-only,main,True,False,35539,34834,62,0,16.180733999988206,True,False,1,8,base,SERVE,n0/bundle,True,2,11.58177299998897
case-25,equivocation,public-lock,1,root-only,main,True,False,35539,34834,62,0,15.888823000011598,False,True,4,8,partition-young,SERVE,n0/bundle,True,2,11.72754200001691
case-25,equivocation,public-lock,1,root-only,main,False,True,35543,34835,62,0,15.539748000009013,False,True,14,8,partition-expired,SERVE,n0/bundle,True,2,11.55884799999285
case-25,equivocation,public-lock,1,root-only,main,False,False,36016,35308,3,0,15.25502799998435,False,False,27,8,recovered,EQUIVOCATION,n0/bundle,False,2,11.654411999984404
case-25,equivocation,public-lock,1,all-namespaces,main,True,False,52238,44364,62,0,36.020630999985315,True,False,1,74,base,SERVE,n0/bundle,True,2,15.098483000002716
case-25,equivocation,public-lock,1,all-namespaces,main,True,False,46909,44364,62,10,28.020284999996647,False,True,4,34,partition-young,SERVE,n0/bundle,True,2,14.977260000023307
case-25,equivocation,public-lock,1,all-namespaces,main,False,False,46917,44366,62,10,27.425207999982604,False,False,14,34,partition-expired,EXPIRED,n0/bundle,False,2,14.97496700000056
case-25,equivocation,public-lock,1,all-namespaces,main,False,False,52759,44849,3,0,35.15747000000147,False,False,27,74,recovered,EQUIVOCATION,n0/bundle,False,2,15.104160999982241
case-25,equivocation,public-lock,1,scoped,main,True,False,39179,34834,62,0,25.78154099998642,True,False,1,18,base,SERVE,n0/bundle,True,2,13.753656000005776
case-25,equivocation,public-lock,1,scoped,main,True,False,38644,34834,62,1,29.45109099999854,False,True,4,14,partition-young,SERVE,n0/bundle,True,2,14.64158400000315
case-25,equivocation,public-lock,1,scoped,main,False,False,38648,34835,62,1,22.741529999990462,False,False,14,14,partition-expired,EXPIRED,n0/bundle,False,2,13.751352000014094
case-25,equivocation,public-lock,1,scoped,main,False,False,39660,35309,3,0,18.829945000021553,False,False,27,18,recovered,EQUIVOCATION,n0/bundle,False,2,11.576035000018692
case-25,equivocation,public-lock,1,status-proof,main,True,False,18280,15292,62,0,4.385187999986329,True,False,1,6,base,SERVE,n0/bundle,True,2,0.4384309999920788
case-25,equivocation,public-lock,1,status-proof,main,True,False,1887,15292,62,1,2.833348999985219,False,True,4,4,partition-young,SERVE,n0/bundle,True,2,0.43441399998300767
case-25,equivocation,public-lock,1,status-proof,main,False,False,1889,15293,0,1,2.1810269999775755,False,False,14,4,partition-expired,EXPIRED,n0/bundle,False,0,0.2770469999973102
case-25,equivocation,public-lock,1,status-proof,main,False,False,18285,15295,62,0,3.272011000007069,False,False,27,6,recovered,INVALID_OR_MISSING_STATUS,n0/bundle,False,2,0.33734900000581547
case-26,equivocation,public-lock,3,lww,main,True,False,36778,36724,0,0,3.1825060000016947,True,False,1,2,base,SERVE,n0/bundle,True,0,0.012169000001449604
case-26,equivocation,public-lock,3,lww,main,True,False,36778,36724,0,0,2.689273000015646,False,True,4,2,partition-young,SERVE,n0/bundle,True,0,0.011818000018593011
case-26,equivocation,public-lock,3,lww,main,False,True,36778,36724,0,0,2.5120159999971747,False,True,14,2,partition-expired,SERVE,n0/bundle,True,0,0.011957999987544099
case-26,equivocation,public-lock,3,lww,main,False,True,37249,37195,0,0,2.5100820000147905,False,True,27,2,recovered,SERVE,n0/bundle,True,0,0.012247999990222525
case-26,equivocation,public-lock,3,signed-index,main,True,False,36778,36724,0,0,3.197147999998151,True,False,1,2,base,SERVE,n0/bundle,True,0,0.012358999981643137
case-26,equivocation,public-lock,3,signed-index,main,True,False,36778,36724,0,0,2.688791999986506,False,True,4,2,partition-young,SERVE,n0/bundle,True,0,0.01212800000871539
case-26,equivocation,public-lock,3,signed-index,main,False,True,36778,36724,0,0,2.527930000013612,False,True,14,2,partition-expired,SERVE,n0/bundle,True,0,0.012037999994163329
case-26,equivocation,public-lock,3,signed-index,main,False,True,37249,37195,0,0,2.4945689999924525,False,True,27,2,recovered,SERVE,n0/bundle,True,0,0.012558999998191211
case-26,equivocation,public-lock,3,transparency-only,main,True,False,36778,36724,0,0,3.211089000018319,True,False,1,2,base,SERVE,n0/bundle,True,0,0.02558899998916786
case-26,equivocation,public-lock,3,transparency-only,main,True,False,36778,36724,0,0,2.7428829999962545,False,True,4,2,partition-young,SERVE,n0/bundle,True,0,0.025198000003001653
case-26,equivocation,public-lock,3,transparency-only,main,False,True,36778,36724,0,0,2.5362820000225383,False,True,14,2,partition-expired,SERVE,n0/bundle,True,0,0.02485799998908078
case-26,equivocation,public-lock,3,transparency-only,main,False,True,37249,37195,0,0,2.52703799998244,False,True,27,2,recovered,SERVE,n0/bundle,True,0,0.02664999999524298
case-26,equivocation,public-lock,3,root-only,main,True,False,37431,36724,62,0,16.92705800002159,True,False,1,8,base,SERVE,n0/bundle,True,4,12.264541999996936
case-26,equivocation,public-lock,3,root-only,main,True,False,37431,36724,62,0,16.413583999991488,False,True,4,8,partition-young,SERVE,n0/bundle,True,4,12.242748999995001
case-26,equivocation,public-lock,3,root-only,main,False,True,37435,36725,62,0,16.291559999984884,False,True,14,8,partition-expired,SERVE,n0/bundle,True,4,12.25037000000384
case-26,equivocation,public-lock,3,root-only,main,False,False,37906,37196,25,0,16.039430000006405,False,False,27,8,recovered,EQUIVOCATION,n0/bundle,False,4,12.313334999987546
case-26,equivocation,public-lock,3,all-namespaces,main,True,False,52256,44352,62,0,37.29592299998785,True,False,1,74,base,SERVE,n0/bundle,True,4,14.986042999993288
case-26,equivocation,public-lock,3,all-namespaces,main,True,False,46921,44352,62,10,28.09459700000616,False,True,4,34,partition-young,SERVE,n0/bundle,True,4,14.958962000008569
case-26,equivocation,public-lock,3,all-namespaces,main,False,False,46929,44354,62,10,27.428182000022616,False,False,14,34,partition-expired,EXPIRED,n0/bundle,False,4,14.885010999989845
case-26,equivocation,public-lock,3,all-namespaces,main,False,False,52775,44835,25,0,34.93428400000198,False,False,27,74,recovered,EQUIVOCATION,n0/bundle,False,4,15.077831000013475
case-26,equivocation,public-lock,3,scoped,main,True,False,42405,36724,62,0,23.331057999996574,True,False,1,30,base,SERVE,n0/bundle,True,4,12.278992999995353
case-26,equivocation,public-lock,3,scoped,main,True,False,40800,36724,62,3,20.577097999989746,False,True,4,18,partition-young,SERVE,n0/bundle,True,4,12.260054999984504
case-26,equivocation,public-lock,3,scoped,main,False,False,40804,36725,62,3,20.213449999999966,False,False,14,18,partition-expired,EXPIRED,n0/bundle,False,4,12.22632400001089
case-26,equivocation,public-lock,3,scoped,main,False,False,42892,37199,25,0,22.484010999988868,False,False,27,30,recovered,EQUIVOCATION,n0/bundle,False,4,12.319294000008085
case-26,equivocation,public-lock,3,status-proof,main,True,False,18692,15618,62,0,5.0203560000170455,True,False,1,10,base,SERVE,n0/bundle,True,4,0.6243810000228223
case-26,equivocation,public-lock,3,status-proof,main,True,False,1897,15618,62,3,3.0205420000015692,False,True,4,4,partition-young,SERVE,n0/bundle,True,4,0.6048209999960363
case-26,equivocation,public-lock,3,status-proof,main,False,False,1899,15619,0,3,2.144221999998308,False,False,14,4,partition-expired,EXPIRED,n0/bundle,False,0,0.2195909999898049
case-26,equivocation,public-lock,3,status-proof,main,False,False,18701,15623,42,0,3.905795999997963,False,False,27,10,recovered,INVALID_OR_MISSING_STATUS,n0/bundle,False,4,0.5013850000068487
case-27,equivocation,public-lock,6,lww,main,True,False,39613,39559,0,0,3.3027169999968464,True,False,1,2,base,SERVE,n0/bundle,True,0,0.014211000006980612
case-27,equivocation,public-lock,6,lww,main,True,False,39613,39559,0,0,2.7898740000011912,False,True,4,2,partition-young,SERVE,n0/bundle,True,0,0.01287999998567102
case-27,equivocation,public-lock,6,lww,main,False,True,39613,39559,0,0,2.4974429999815584,False,True,14,2,partition-expired,SERVE,n0/bundle,True,0,0.012669000000187225
case-27,equivocation,public-lock,6,lww,main,False,True,40091,40037,0,0,2.480538000014576,False,True,27,2,recovered,SERVE,n0/bundle,True,0,0.014081000017540646
case-27,equivocation,public-lock,6,signed-index,main,True,False,39613,39559,0,0,6.029345999991165,True,False,1,2,base,SERVE,n0/bundle,True,0,0.013719999998329513
case-27,equivocation,public-lock,6,signed-index,main,True,False,39613,39559,0,0,2.7860290000205623,False,True,4,2,partition-young,SERVE,n0/bundle,True,0,0.013260000002901506
case-27,equivocation,public-lock,6,signed-index,main,False,True,39613,39559,0,0,2.512325999987297,False,True,14,2,partition-expired,SERVE,n0/bundle,True,0,0.013761000019485436
case-27,equivocation,public-lock,6,signed-index,main,False,True,40091,40037,0,0,2.4922359999948185,False,True,27,2,recovered,SERVE,n0/bundle,True,0,0.013910999996369355
case-27,equivocation,public-lock,6,transparency-only,main,True,False,39613,39559,0,0,3.424710999979652,True,False,1,2,base,SERVE,n0/bundle,True,0,0.028252000021211643
case-27,equivocation,public-lock,6,transparency-only,main,True,False,39613,39559,0,0,2.849773999997751,False,True,4,2,partition-young,SERVE,n0/bundle,True,0,0.02684099999328282
case-27,equivocation,public-lock,6,transparency-only,main,False,True,39613,39559,0,0,2.5228220000030888,False,True,14,2,partition-expired,SERVE,n0/bundle,True,0,0.026640000015731857
case-27,equivocation,public-lock,6,transparency-only,main,False,True,40091,40037,0,0,2.531074000017952,False,True,27,2,recovered,SERVE,n0/bundle,True,0,0.02725100000589009
case-27,equivocation,public-lock,6,root-only,main,True,False,40269,39559,62,0,18.153387000012344,True,False,1,8,base,SERVE,n0/bundle,True,7,13.365942999996605
case-27,equivocation,public-lock,6,root-only,main,True,False,40269,39559,62,0,17.520764000011013,False,True,4,8,partition-young,SERVE,n0/bundle,True,7,13.242545999986532
case-27,equivocation,public-lock,6,root-only,main,False,True,40273,39560,62,0,17.4713590000124,False,True,14,8,partition-expired,SERVE,n0/bundle,True,7,13.267984999998816
case-27,equivocation,public-lock,6,root-only,main,False,False,40751,40038,42,0,17.1495539999853,False,False,27,8,recovered,EQUIVOCATION,n0/bundle,False,7,13.47711000002505
case-27,equivocation,public-lock,6,all-namespaces,main,True,False,52283,44334,62,0,35.95544499998482,True,False,1,74,base,SERVE,n0/bundle,True,7,14.983981000000313
case-27,equivocation,public-lock,6,all-namespaces,main,True,False,46942,44334,62,10,28.05960599999935,False,True,4,34,partition-young,SERVE,n0/bundle,True,7,14.98698500000728
case-27,equivocation,public-lock,6,all-namespaces,main,False,False,46950,44336,62,10,27.365320000001248,False,False,14,34,partition-expired,EXPIRED,n0/bundle,False,7,14.992624000001342
case-27,equivocation,public-lock,6,all-namespaces,main,False,False,52809,44824,42,0,34.99269400001026,False,False,27,74,recovered,EQUIVOCATION,n0/bundle,False,7,15.105753999989702
case-27,equivocation,public-lock,6,scoped,main,True,False,47259,39559,62,0,29.00185600000782,True,False,1,48,base,SERVE,n0/bundle,True,7,13.35053900001526
case-27,equivocation,public-lock,6,scoped,main,True,False,44584,39559,62,5,24.84687400001917,False,True,4,28,partition-young,SERVE,n0/bundle,True,7,13.277990000005957
case-27,equivocation,public-lock,6,scoped,main,False,False,44592,39561,62,5,24.14908300002594,False,False,14,28,partition-expired,EXPIRED,n0/bundle,False,7,13.282355999990614
case-27,equivocation,public-lock,6,scoped,main,False,False,47765,40044,42,0,28.002920000005815,False,False,27,48,recovered,EQUIVOCATION,n0/bundle,False,7,13.427565999990065
case-27,equivocation,public-lock,6,status-proof,main,True,False,19310,16107,62,0,6.265372000001435,True,False,1,16,base,SERVE,n0/bundle,True,7,0.8692199999984496
case-27,equivocation,public-lock,6,status-proof,main,True,False,4674,16107,62,5,3.6926349999930608,False,True,4,6,partition-young,SERVE,n0/bundle,True,7,0.8654039999953511
case-27,equivocation,public-lock,6,status-proof,main,False,False,4678,16109,0,5,2.5453060000018013,False,False,14,6,partition-expired,EXPIRED,n0/bundle,False,0,0.2043979999939438
case-27,equivocation,public-lock,6,status-proof,main,False,False,19325,16115,32,0,5.092775000008487,False,False,27,16,recovered,INVALID_OR_MISSING_STATUS,n0/bundle,False,7,0.7364400000255955
case-28,equivocation,generated,1,lww,main,True,False,65982,65928,0,0,7.294071999979224,True,False,1,2,base,SERVE,n0/bundle,True,0,0.019939999987172996
case-28,equivocation,generated,1,lww,main,True,False,65982,65928,0,0,6.424621000007846,False,True,4,2,partition-young,SERVE,n0/bundle,True,0,0.018948999979784276
case-28,equivocation,generated,1,lww,main,False,True,65982,65928,0,0,6.4390729999956875,False,True,14,2,partition-expired,SERVE,n0/bundle,True,0,0.01782699999353099
case-28,equivocation,generated,1,lww,main,False,True,66451,66397,0,0,6.428186999983154,False,True,27,2,recovered,SERVE,n0/bundle,True,0,0.018598999986352283
case-28,equivocation,generated,1,signed-index,main,True,False,65982,65928,0,0,7.271037000009528,True,False,1,2,base,SERVE,n0/bundle,True,0,0.04284399997800392
case-28,equivocation,generated,1,signed-index,main,True,False,65982,65928,0,0,6.320934999990868,False,True,4,2,partition-young,SERVE,n0/bundle,True,0,0.018638000000237298
case-28,equivocation,generated,1,signed-index,main,False,True,65982,65928,0,0,6.5395850000129485,False,True,14,2,partition-expired,SERVE,n0/bundle,True,0,0.01825800001142852
case-28,equivocation,generated,1,signed-index,main,False,True,66451,66397,0,0,6.728460000005043,False,True,27,2,recovered,SERVE,n0/bundle,True,0,0.0202900000090267
case-28,equivocation,generated,1,transparency-only,main,True,False,65982,65928,0,0,7.565992000024835,True,False,1,2,base,SERVE,n0/bundle,True,0,0.04108199999564022
case-28,equivocation,generated,1,transparency-only,main,True,False,65982,65928,0,0,6.335878000015782,False,True,4,2,partition-young,SERVE,n0/bundle,True,0,0.03963999998291001
case-28,equivocation,generated,1,transparency-only,main,False,True,65982,65928,0,0,6.520986999987599,False,True,14,2,partition-expired,SERVE,n0/bundle,True,0,0.0395999999796004
case-28,equivocation,generated,1,transparency-only,main,False,True,66451,66397,0,0,6.529870999997911,False,True,27,2,recovered,SERVE,n0/bundle,True,0,0.03910899999937101
case-28,equivocation,generated,1,root-only,main,True,False,66634,65928,130,0,32.44782900000587,True,False,1,8,base,SERVE,n0/bundle,True,2,23.39320399997291
case-28,equivocation,generated,1,root-only,main,True,False,66634,65928,130,0,31.388421999992033,False,True,4,8,partition-young,SERVE,n0/bundle,True,2,23.245651000024736
case-28,equivocation,generated,1,root-only,main,False,True,66638,65929,130,0,31.716475999985505,False,True,14,8,partition-expired,SERVE,n0/bundle,True,2,23.2672129999969
case-28,equivocation,generated,1,root-only,main,False,False,67107,66398,115,0,31.28936299998486,False,False,27,8,recovered,EQUIVOCATION,n0/bundle,False,2,24.590817999978754
case-28,equivocation,generated,1,all-namespaces,main,True,False,83347,75458,130,0,55.46352400000387,True,False,1,74,base,SERVE,n0/bundle,True,2,26.555338999997957
case-28,equivocation,generated,1,all-namespaces,main,True,False,78015,75458,130,10,47.126640000016096,False,True,4,34,partition-young,SERVE,n0/bundle,True,2,26.83723399999849
case-28,equivocation,generated,1,all-namespaces,main,False,False,78023,75460,130,10,45.48355300002527,False,False,14,34,partition-expired,EXPIRED,n0/bundle,False,2,26.6341870000133
case-28,equivocation,generated,1,all-namespaces,main,False,False,83864,75939,115,0,53.05785900000615,False,False,27,74,recovered,EQUIVOCATION,n0/bundle,False,2,26.784700999996858
case-28,equivocation,generated,1,scoped,main,True,False,71064,65928,130,0,37.22013399999469,True,False,1,18,base,SERVE,n0/bundle,True,2,23.269830999993246
case-28,equivocation,generated,1,scoped,main,True,False,70526,65928,130,1,36.28493100001151,False,True,4,14,partition-young,SERVE,n0/bundle,True,2,23.540991000004396
case-28,equivocation,generated,1,scoped,main,False,False,70530,65929,130,1,34.148794999993015,False,False,14,14,partition-expired,EXPIRED,n0/bundle,False,2,23.21484800000917
case-28,equivocation,generated,1,scoped,main,False,False,71541,66399,115,0,38.45769399998744,False,False,27,18,recovered,EQUIVOCATION,n0/bundle,False,2,23.38600600000973
case-28,equivocation,generated,1,status-proof,main,True,False,29305,25531,130,0,9.7900089999996,True,False,1,6,base,SERVE,n0/bundle,True,2,0.6814500000018597
case-28,equivocation,generated,1,status-proof,main,True,False,2269,25531,130,1,6.075218000006544,False,True,4,4,partition-young,SERVE,n0/bundle,True,2,0.6547890000092593
case-28,equivocation,generated,1,status-proof,main,False,False,2271,25532,0,1,4.3474170000195045,False,False,14,4,partition-expired,EXPIRED,n0/bundle,False,0,0.35243199999968056
case-28,equivocation,generated,1,status-proof,main,False,False,29310,25534,11,0,7.204261999987693,False,False,27,6,recovered,INVALID_OR_MISSING_STATUS,n0/bundle,False,2,0.4008450000014818
case-29,equivocation,generated,3,lww,main,True,False,67839,67785,0,0,7.205333999991126,True,False,1,2,base,SERVE,n0/bundle,True,0,0.020120000016277118
case-29,equivocation,generated,3,lww,main,True,False,67839,67785,0,0,6.4321560000166755,False,True,4,2,partition-young,SERVE,n0/bundle,True,0,0.018798000013475757
case-29,equivocation,generated,3,lww,main,False,True,67839,67785,0,0,6.751459000014393,False,True,14,2,partition-expired,SERVE,n0/bundle,True,0,0.019248999990395532
case-29,equivocation,generated,3,lww,main,False,True,68307,68253,0,0,6.696511000001237,False,True,27,2,recovered,SERVE,n0/bundle,True,0,0.019538999993073958
case-29,equivocation,generated,3,signed-index,main,True,False,67839,67785,0,0,7.313139999979512,True,False,1,2,base,SERVE,n0/bundle,True,0,0.01980999999773303
case-29,equivocation,generated,3,signed-index,main,True,False,67839,67785,0,0,6.5221280000002935,False,True,4,2,partition-young,SERVE,n0/bundle,True,0,0.019169000012198012
case-29,equivocation,generated,3,signed-index,main,False,True,67839,67785,0,0,6.844242999989092,False,True,14,2,partition-expired,SERVE,n0/bundle,True,0,0.01938899998776833
case-29,equivocation,generated,3,signed-index,main,False,True,68307,68253,0,0,6.997224000002689,False,True,27,2,recovered,SERVE,n0/bundle,True,0,0.02096200000778481
case-29,equivocation,generated,3,transparency-only,main,True,False,67839,67785,0,0,7.336175000006051,True,False,1,2,base,SERVE,n0/bundle,True,0,0.041903000010279357
case-29,equivocation,generated,3,transparency-only,main,True,False,67839,67785,0,0,6.514966999986882,False,True,4,2,partition-young,SERVE,n0/bundle,True,0,0.04022100000611317
case-29,equivocation,generated,3,transparency-only,main,False,True,67839,67785,0,0,6.883542999986503,False,True,14,2,partition-expired,SERVE,n0/bundle,True,0,0.04047100000548198
case-29,equivocation,generated,3,transparency-only,main,False,True,68307,68253,0,0,6.855190000010225,False,True,27,2,recovered,SERVE,n0/bundle,True,0,0.04038100001935163
case-29,equivocation,generated,3,root-only,main,True,False,68492,67785,130,0,32.98878199998967,True,False,1,8,base,SERVE,n0/bundle,True,4,23.959615999984862
case-29,equivocation,generated,3,root-only,main,True,False,68492,67785,130,0,32.19599599998446,False,True,4,8,partition-young,SERVE,n0/bundle,True,4,23.90907899999206
case-29,equivocation,generated,3,root-only,main,False,True,68496,67786,130,0,32.582509999997455,False,True,14,8,partition-expired,SERVE,n0/bundle,True,4,23.95682100001295
case-29,equivocation,generated,3,root-only,main,False,False,68964,68254,129,0,30.84079499998893,False,False,27,8,recovered,EQUIVOCATION,n0/bundle,False,4,24.027097000015374
case-29,equivocation,generated,3,all-namespaces,main,True,False,83317,75413,130,0,55.308485999972845,True,False,1,74,base,SERVE,n0/bundle,True,4,26.717821000005415
case-29,equivocation,generated,3,all-namespaces,main,True,False,77982,75413,130,10,47.19836399999622,False,True,4,34,partition-young,SERVE,n0/bundle,True,4,26.784402000004093
case-29,equivocation,generated,3,all-namespaces,main,False,False,77990,75415,130,10,45.542138999991266,False,False,14,34,partition-expired,EXPIRED,n0/bundle,False,4,26.680575000000317
case-29,equivocation,generated,3,all-namespaces,main,False,False,83833,75893,129,0,53.29586299998823,False,False,27,74,recovered,EQUIVOCATION,n0/bundle,False,4,26.77072100001965
case-29,equivocation,generated,3,scoped,main,True,False,74252,67785,130,0,41.43184399998745,True,False,1,30,base,SERVE,n0/bundle,True,4,23.996680999999853
case-29,equivocation,generated,3,scoped,main,True,False,72647,67785,130,3,38.336781000026576,False,True,4,18,partition-young,SERVE,n0/bundle,True,4,23.836939999995366
case-29,equivocation,generated,3,scoped,main,False,False,72651,67786,130,3,37.06941100000449,False,False,14,18,partition-expired,EXPIRED,n0/bundle,False,4,24.018453999985923
case-29,equivocation,generated,3,scoped,main,False,False,74736,68257,129,0,40.532479999995985,False,False,27,30,recovered,EQUIVOCATION,n0/bundle,False,4,25.2002939999727
case-29,equivocation,generated,3,status-proof,main,True,False,29716,25856,130,0,9.595429999990301,True,False,1,10,base,SERVE,n0/bundle,True,4,0.8200059999978748
case-29,equivocation,generated,3,status-proof,main,True,False,2279,25856,130,3,6.376649000003454,False,True,4,4,partition-young,SERVE,n0/bundle,True,4,0.8204270000078395
case-29,equivocation,generated,3,status-proof,main,False,False,2281,25857,0,3,4.375492999997732,False,False,14,4,partition-expired,EXPIRED,n0/bundle,False,0,0.2443779999907747
case-29,equivocation,generated,3,status-proof,main,False,False,29725,25861,11,0,6.991596999995409,False,False,27,10,recovered,INVALID_OR_MISSING_STATUS,n0/bundle,False,4,0.5854020000128912
case-30,equivocation,generated,6,lww,main,True,False,70674,70620,0,0,7.443889000001036,True,False,1,2,base,SERVE,n0/bundle,True,0,0.021271999997907187
case-30,equivocation,generated,6,lww,main,True,False,70674,70620,0,0,6.464643000015258,False,True,4,2,partition-young,SERVE,n0/bundle,True,0,0.019549999990431388
case-30,equivocation,generated,6,lww,main,False,True,70674,70620,0,0,6.999918999980537,False,True,14,2,partition-expired,SERVE,n0/bundle,True,0,0.01970899998582354
case-30,equivocation,generated,6,lww,main,False,True,71142,71088,0,0,6.735100000014427,False,True,27,2,recovered,SERVE,n0/bundle,True,0,0.019750000006979462
case-30,equivocation,generated,6,signed-index,main,True,False,70674,70620,0,0,7.688786999977992,True,False,1,2,base,SERVE,n0/bundle,True,0,0.020771000009744967
case-30,equivocation,generated,6,signed-index,main,True,False,70674,70620,0,0,6.585775000019112,False,True,4,2,partition-young,SERVE,n0/bundle,True,0,0.01973999999904663
case-30,equivocation,generated,6,signed-index,main,False,True,70674,70620,0,0,6.8442450000247845,False,True,14,2,partition-expired,SERVE,n0/bundle,True,0,0.019699000006312417
case-30,equivocation,generated,6,signed-index,main,False,True,71142,71088,0,0,6.790402999996559,False,True,27,2,recovered,SERVE,n0/bundle,True,0,0.01989000000435226
case-30,equivocation,generated,6,transparency-only,main,True,False,70674,70620,0,0,7.512222000002566,True,False,1,2,base,SERVE,n0/bundle,True,0,0.04158299998380244
case-30,equivocation,generated,6,transparency-only,main,True,False,70674,70620,0,0,6.666487000018151,False,True,4,2,partition-young,SERVE,n0/bundle,True,0,0.040991999981088156
case-30,equivocation,generated,6,transparency-only,main,False,True,70674,70620,0,0,7.0124079999800415,False,True,14,2,partition-expired,SERVE,n0/bundle,True,0,0.04062100001078761
case-30,equivocation,generated,6,transparency-only,main,False,True,71142,71088,0,0,6.804194000011421,False,True,27,2,recovered,SERVE,n0/bundle,True,0,0.040992000009509866
case-30,equivocation,generated,6,root-only,main,True,False,71330,70620,130,0,34.86772799999471,True,False,1,8,base,SERVE,n0/bundle,True,7,25.3620729999966
case-30,equivocation,generated,6,root-only,main,True,False,71330,70620,130,0,33.782513000005565,False,True,4,8,partition-young,SERVE,n0/bundle,True,7,25.155160999986492
case-30,equivocation,generated,6,root-only,main,False,True,71334,70621,130,0,33.84121100000925,False,True,14,8,partition-expired,SERVE,n0/bundle,True,7,25.179457000007233
case-30,equivocation,generated,6,root-only,main,False,False,71802,71089,129,0,32.482773000026555,False,False,27,8,recovered,EQUIVOCATION,n0/bundle,False,7,25.485519000000068
case-30,equivocation,generated,6,all-namespaces,main,True,False,83344,75395,130,0,57.509209999977884,True,False,1,74,base,SERVE,n0/bundle,True,7,27.1021749999818
case-30,equivocation,generated,6,all-namespaces,main,True,False,78003,75395,130,10,48.25963100000763,False,True,4,34,partition-young,SERVE,n0/bundle,True,7,27.15676700000813
case-30,equivocation,generated,6,all-namespaces,main,False,False,78011,75397,130,10,46.950597999995125,False,False,14,34,partition-expired,EXPIRED,n0/bundle,False,7,27.36768500000153
case-30,equivocation,generated,6,all-namespaces,main,False,False,83860,75875,129,0,53.476451999983965,False,False,27,74,recovered,EQUIVOCATION,n0/bundle,False,7,26.923616000004813
case-30,equivocation,generated,6,scoped,main,True,False,79106,70620,130,0,48.23283999999717,True,False,1,48,base,SERVE,n0/bundle,True,7,24.956040000006396
case-30,equivocation,generated,6,scoped,main,True,False,76431,70620,130,5,43.33013100000471,False,True,4,28,partition-young,SERVE,n0/bundle,True,7,24.899514999987105
case-30,equivocation,generated,6,scoped,main,False,False,76439,70622,130,5,42.025305000009894,False,False,14,28,partition-expired,EXPIRED,n0/bundle,False,7,25.058685000004743
case-30,equivocation,generated,6,scoped,main,False,False,79602,71095,129,0,45.73776999998813,False,False,27,48,recovered,EQUIVOCATION,n0/bundle,False,7,25.03072299998621
case-30,equivocation,generated,6,status-proof,main,True,False,30334,26345,130,0,10.784273000012945,True,False,1,16,base,SERVE,n0/bundle,True,7,1.098014000007197
case-30,equivocation,generated,6,status-proof,main,True,False,6851,26345,130,5,7.197376999982907,False,True,4,6,partition-young,SERVE,n0/bundle,True,7,1.0824710000179039
case-30,equivocation,generated,6,status-proof,main,False,False,6855,26347,0,5,4.863400000004958,False,False,14,6,partition-expired,EXPIRED,n0/bundle,False,0,0.21854999999959546
case-30,equivocation,generated,6,status-proof,main,False,False,30349,26353,20,0,8.017603000013196,False,False,27,16,recovered,INVALID_OR_MISSING_STATUS,n0/bundle,False,7,0.8491600000013477
case-31,missing,public-lock,1,lww,main,True,False,34888,34834,0,0,3.150086999994528,True,False,1,2,base,SERVE,n0/bundle,True,0,0.012838999992936806
case-31,missing,public-lock,1,lww,main,False,True,35405,35343,0,0,1.977840999984437,False,True,4,2,partition-young,SERVE,n0/missing-bundle,True,0,0.011868000001413748
case-31,missing,public-lock,1,lww,main,False,True,35405,35343,0,0,1.9311500000185333,False,True,14,2,partition-expired,SERVE,n0/missing-bundle,True,0,0.01172800000404095
case-31,missing,public-lock,1,lww,main,False,True,35405,35343,0,0,1.8842300000017076,False,True,27,2,recovered,SERVE,n0/missing-bundle,True,0,0.01221899998427034
case-31,missing,public-lock,1,signed-index,main,True,False,34888,34834,0,0,3.1422750000160704,True,False,1,2,base,SERVE,n0/bundle,True,0,0.012990000016088743
case-31,missing,public-lock,1,signed-index,main,False,True,35405,35343,0,0,1.9672850000063136,False,True,4,2,partition-young,SERVE,n0/missing-bundle,True,0,0.012488000010080214
case-31,missing,public-lock,1,signed-index,main,False,True,35405,35343,0,0,1.9188910000025317,False,True,14,2,partition-expired,SERVE,n0/missing-bundle,True,0,0.012439000016684076
case-31,missing,public-lock,1,signed-index,main,False,True,35405,35343,0,0,1.9263130000126694,False,True,27,2,recovered,SERVE,n0/missing-bundle,True,0,0.012438999988262367
case-31,missing,public-lock,1,transparency-only,main,True,False,34888,34834,0,0,3.223615999985441,True,False,1,2,base,SERVE,n0/bundle,True,0,0.026891000004525267
case-31,missing,public-lock,1,transparency-only,main,False,False,35405,35343,0,0,5.080053000000362,False,False,4,2,partition-young,MISSING_OR_ROOT_REVOKED,n0/missing-bundle,False,0,0.013249999994968675
case-31,missing,public-lock,1,transparency-only,main,False,False,35405,35343,0,0,1.930077999986679,False,False,14,2,partition-expired,MISSING_OR_ROOT_REVOKED,n0/missing-bundle,False,0,0.013260000002901506
case-31,missing,public-lock,1,transparency-only,main,False,False,35405,35343,0,0,1.883828000018184,False,False,27,2,recovered,MISSING_OR_ROOT_REVOKED,n0/missing-bundle,False,0,0.013159999980416615
case-31,missing,public-lock,1,root-only,main,True,False,35539,34834,62,0,16.187346999970487,True,False,1,8,base,SERVE,n0/bundle,True,2,11.57647000002271
case-31,missing,public-lock,1,root-only,main,False,False,36056,35343,3,0,15.065627000012682,False,False,4,8,partition-young,MISSING_DEPENDENCY,n0/missing-bundle,False,2,11.701919000017824
case-31,missing,public-lock,1,root-only,main,False,False,36060,35344,3,0,15.018585999996503,False,False,14,8,partition-expired,MISSING_DEPENDENCY,n0/missing-bundle,False,2,11.586684999997487
case-31,missing,public-lock,1,root-only,main,False,False,36060,35344,3,0,14.903943000035724,False,False,27,8,recovered,MISSING_DEPENDENCY,n0/missing-bundle,False,2,11.622959999954219
case-31,missing,public-lock,1,all-namespaces,main,True,False,52238,44364,62,0,35.72127500001443,True,False,1,74,base,SERVE,n0/bundle,True,2,15.095082000016191
case-31,missing,public-lock,1,all-namespaces,main,False,False,47426,44873,3,10,27.36849100000427,False,False,4,34,partition-young,MISSING_DEPENDENCY,n0/missing-bundle,False,2,15.039096999998947
case-31,missing,public-lock,1,all-namespaces,main,False,False,47434,44875,3,10,27.28463500000089,False,False,14,34,partition-expired,MISSING_DEPENDENCY,n0/missing-bundle,False,2,15.067688999977236
case-31,missing,public-lock,1,all-namespaces,main,False,False,52803,44885,3,0,35.622826999997415,False,False,27,74,recovered,MISSING_DEPENDENCY,n0/missing-bundle,False,2,15.126218000034442
case-31,missing,public-lock,1,scoped,main,True,False,39179,34834,62,0,20.010035999973752,True,False,1,18,base,SERVE,n0/bundle,True,2,11.581287000012708
case-31,missing,public-lock,1,scoped,main,False,False,39241,35343,3,1,17.95984799997541,False,False,4,14,partition-young,MISSING_DEPENDENCY,n0/missing-bundle,False,2,11.653056000000106
case-31,missing,public-lock,1,scoped,main,False,False,39245,35344,3,1,17.875289000016892,False,False,14,14,partition-expired,MISSING_DEPENDENCY,n0/missing-bundle,False,2,11.636201000044366
case-31,missing,public-lock,1,scoped,main,False,False,39784,35345,3,0,18.545298999981696,False,False,27,18,recovered,MISSING_DEPENDENCY,n0/missing-bundle,False,2,11.6768120000188
case-31,missing,public-lock,1,status-proof,main,True,False,18280,15292,62,0,4.430114000001595,True,False,1,6,base,SERVE,n0/bundle,True,2,0.4770489999827987
case-31,missing,public-lock,1,status-proof,main,False,False,2157,555,2,1,1.5926500000205124,False,False,4,4,partition-young,INVALID_OR_MISSING_STATUS,n0/missing-bundle,False,2,0.10546899994778869
case-31,missing,public-lock,1,status-proof,main,False,False,2159,556,2,1,1.6526400000316244,False,False,14,4,partition-expired,INVALID_OR_MISSING_STATUS,n0/missing-bundle,False,2,0.10564999996631741
case-31,missing,public-lock,1,status-proof,main,False,False,18616,15554,2,0,2.9590269999744123,False,False,27,6,recovered,INVALID_OR_MISSING_STATUS,n0/missing-bundle,False,2,0.3063020000126926
case-32,missing,public-lock,3,lww,main,True,False,36778,36724,0,0,3.2546630000069854,True,False,1,2,base,SERVE,n0/bundle,True,0,0.012438999988262367
case-32,missing,public-lock,3,lww,main,False,True,37295,37233,0,0,1.9645900000000438,False,True,4,2,partition-young,SERVE,n0/missing-bundle,True,0,0.012929999968491757
case-32,missing,public-lock,3,lww,main,False,True,37295,37233,0,0,1.9595520000166289,False,True,14,2,partition-expired,SERVE,n0/missing-bundle,True,0,0.011838000034458673
case-32,missing,public-lock,3,lww,main,False,True,37295,37233,0,0,1.9623869999918497,False,True,27,2,recovered,SERVE,n0/missing-bundle,True,0,0.012940000033268007
case-32,missing,public-lock,3,signed-index,main,True,False,36778,36724,0,0,3.1814430000167704,True,False,1,2,base,SERVE,n0/bundle,True,0,0.01286899998831359
case-32,missing,public-lock,3,signed-index,main,False,True,37295,37233,0,0,1.9681749999449494,False,True,4,2,partition-young,SERVE,n0/missing-bundle,True,0,0.012869999977738189
case-32,missing,public-lock,3,signed-index,main,False,True,37295,37233,0,0,1.936037000007218,False,True,14,2,partition-expired,SERVE,n0/missing-bundle,True,0,0.012918999971134326
case-32,missing,public-lock,3,signed-index,main,False,True,37295,37233,0,0,1.9331020000095123,False,True,27,2,recovered,SERVE,n0/missing-bundle,True,0,0.013249999994968675
case-32,missing,public-lock,3,transparency-only,main,True,False,36778,36724,0,0,3.2184080000092763,True,False,1,2,base,SERVE,n0/bundle,True,0,0.026038999976663035
case-32,missing,public-lock,3,transparency-only,main,False,False,37295,37233,0,0,1.9224060000055943,False,False,4,2,partition-young,MISSING_OR_ROOT_REVOKED,n0/missing-bundle,False,0,0.013649999971221405
case-32,missing,public-lock,3,transparency-only,main,False,False,37295,37233,0,0,1.945872000021609,False,False,14,2,partition-expired,MISSING_OR_ROOT_REVOKED,n0/missing-bundle,False,0,0.01313000001346154
case-32,missing,public-lock,3,transparency-only,main,False,False,37295,37233,0,0,1.9280449999996563,False,False,27,2,recovered,MISSING_OR_ROOT_REVOKED,n0/missing-bundle,False,0,0.014050999993742153
case-32,missing,public-lock,3,root-only,main,True,False,37431,36724,62,0,16.932038999982524,True,False,1,8,base,SERVE,n0/bundle,True,4,12.245887999995375
case-32,missing,public-lock,3,root-only,main,False,False,37948,37233,3,0,15.65939099998559,False,False,4,8,partition-young,MISSING_DEPENDENCY,n0/missing-bundle,False,2,12.262653999982831
case-32,missing,public-lock,3,root-only,main,False,False,37952,37234,3,0,15.721264000035262,False,False,14,8,partition-expired,MISSING_DEPENDENCY,n0/missing-bundle,False,2,12.264356999992287
case-32,missing,public-lock,3,root-only,main,False,False,37952,37234,3,0,15.815055000018674,False,False,27,8,recovered,MISSING_DEPENDENCY,n0/missing-bundle,False,2,12.411549000034938
case-32,missing,public-lock,3,all-namespaces,main,True,False,52256,44352,62,0,35.902168000006895,True,False,1,74,base,SERVE,n0/bundle,True,4,14.993999000012082
case-32,missing,public-lock,3,all-namespaces,main,False,False,47438,44861,3,10,27.206316999979663,False,False,4,34,partition-young,MISSING_DEPENDENCY,n0/missing-bundle,False,2,15.082493000022623
case-32,missing,public-lock,3,all-namespaces,main,False,False,47446,44863,3,10,27.989066000031926,False,False,14,34,partition-expired,MISSING_DEPENDENCY,n0/missing-bundle,False,2,15.688705999991726
case-32,missing,public-lock,3,all-namespaces,main,False,False,52821,44873,3,0,34.65608099998008,False,False,27,74,recovered,MISSING_DEPENDENCY,n0/missing-bundle,False,2,15.007949999983339
case-32,missing,public-lock,3,scoped,main,True,False,42405,36724,62,0,23.288864999983616,True,False,1,30,base,SERVE,n0/bundle,True,4,12.232198999981847
case-32,missing,public-lock,3,scoped,main,False,False,41397,37233,3,3,19.90706100002626,False,False,4,18,partition-young,MISSING_DEPENDENCY,n0/missing-bundle,False,2,12.296676000005391
case-32,missing,public-lock,3,scoped,main,False,False,41401,37234,3,3,19.985197999972115,False,False,14,18,partition-expired,MISSING_DEPENDENCY,n0/missing-bundle,False,2,12.300942000024406
case-32,missing,public-lock,3,scoped,main,False,False,43018,37237,3,0,22.404693999988012,False,False,27,30,recovered,MISSING_DEPENDENCY,n0/missing-bundle,False,2,12.281352000002244
case-32,missing,public-lock,3,status-proof,main,True,False,18692,15618,62,0,4.985861000022851,True,False,1,10,base,SERVE,n0/bundle,True,4,0.615627999991375
case-32,missing,public-lock,3,status-proof,main,False,False,2167,10745,2,3,1.9677439999554736,False,False,4,4,partition-young,INVALID_OR_MISSING_STATUS,n0/missing-bundle,False,2,0.350117000039063
case-32,missing,public-lock,3,status-proof,main,False,False,2169,10746,0,3,1.807111999994504,False,False,14,4,partition-expired,EXPIRED,n0/missing-bundle,False,0,0.22076300001572235
case-32,missing,public-lock,3,status-proof,main,False,False,19032,15882,2,0,3.5890969999741174,False,False,27,10,recovered,INVALID_OR_MISSING_STATUS,n0/missing-bundle,False,2,0.49734899999975823
case-33,missing,public-lock,6,lww,main,True,False,39613,39559,0,0,3.3325310000122954,True,False,1,2,base,SERVE,n0/bundle,True,0,0.013240000043879263
case-33,missing,public-lock,6,lww,main,False,True,40130,40068,0,0,2.083088000006228,False,True,4,2,partition-young,SERVE,n0/missing-bundle,True,0,0.013550000005579932
case-33,missing,public-lock,6,lww,main,False,True,40130,40068,0,0,2.059282000004714,False,True,14,2,partition-expired,SERVE,n0/missing-bundle,True,0,0.012339000022620894
case-33,missing,public-lock,6,lww,main,False,True,40130,40068,0,0,2.017050000006293,False,True,27,2,recovered,SERVE,n0/missing-bundle,True,0,0.012918999971134326
case-33,missing,public-lock,6,signed-index,main,True,False,39613,39559,0,0,3.3498589999680917,True,False,1,2,base,SERVE,n0/bundle,True,0,0.013099999989663047
case-33,missing,public-lock,6,signed-index,main,False,True,40130,40068,0,0,2.2270260000141207,False,True,4,2,partition-young,SERVE,n0/missing-bundle,True,0,0.01403099997787649
case-33,missing,public-lock,6,signed-index,main,False,True,40130,40068,0,0,2.0560590000400225,False,True,14,2,partition-expired,SERVE,n0/missing-bundle,True,0,0.013350000017453567
case-33,missing,public-lock,6,signed-index,main,False,True,40130,40068,0,0,2.039953999997124,False,True,27,2,recovered,SERVE,n0/missing-bundle,True,0,0.01412199998185315
case-33,missing,public-lock,6,transparency-only,main,True,False,39613,39559,0,0,3.429729000004045,True,False,1,2,base,SERVE,n0/bundle,True,0,0.028111999995417136
case-33,missing,public-lock,6,transparency-only,main,False,False,40130,40068,0,0,2.033253999968565,False,False,4,2,partition-young,MISSING_OR_ROOT_REVOKED,n0/missing-bundle,False,0,0.014401000044017565
case-33,missing,public-lock,6,transparency-only,main,False,False,40130,40068,0,0,1.9994639999936226,False,False,14,2,partition-expired,MISSING_OR_ROOT_REVOKED,n0/missing-bundle,False,0,0.014561999989837204
case-33,missing,public-lock,6,transparency-only,main,False,False,40130,40068,0,0,1.9504299999653085,False,False,27,2,recovered,MISSING_OR_ROOT_REVOKED,n0/missing-bundle,False,0,0.01461199997265794
case-33,missing,public-lock,6,root-only,main,True,False,40269,39559,62,0,18.069733000004362,True,False,1,8,base,SERVE,n0/bundle,True,7,13.315668000018377
case-33,missing,public-lock,6,root-only,main,False,False,40786,40068,3,0,16.893089000006967,False,False,4,8,partition-young,MISSING_DEPENDENCY,n0/missing-bundle,False,2,13.372763999996096
case-33,missing,public-lock,6,root-only,main,False,False,40790,40069,3,0,16.878486999985398,False,False,14,8,partition-expired,MISSING_DEPENDENCY,n0/missing-bundle,False,2,13.303909999990537
case-33,missing,public-lock,6,root-only,main,False,False,40790,40069,3,0,16.92483700003322,False,False,27,8,recovered,MISSING_DEPENDENCY,n0/missing-bundle,False,2,13.42077600003222
case-33,missing,public-lock,6,all-namespaces,main,True,False,52283,44334,62,0,35.9245810000175,True,False,1,74,base,SERVE,n0/bundle,True,7,14.972074000013436
case-33,missing,public-lock,6,all-namespaces,main,False,False,47459,44843,3,10,27.285130999985086,False,False,4,34,partition-young,MISSING_DEPENDENCY,n0/missing-bundle,False,2,15.032145000020591
case-33,missing,public-lock,6,all-namespaces,main,False,False,47467,44845,3,10,27.15480399996295,False,False,14,34,partition-expired,MISSING_DEPENDENCY,n0/missing-bundle,False,2,15.03144399998746
case-33,missing,public-lock,6,all-namespaces,main,False,False,52848,44855,3,0,34.91651199999524,False,False,27,74,recovered,MISSING_DEPENDENCY,n0/missing-bundle,False,2,15.169471000035628
case-33,missing,public-lock,6,scoped,main,True,False,47259,39559,62,0,28.878732000009677,True,False,1,48,base,SERVE,n0/bundle,True,7,13.363459999993665
case-33,missing,public-lock,6,scoped,main,False,False,45181,40068,3,5,23.909562999961054,False,False,4,28,partition-young,MISSING_DEPENDENCY,n0/missing-bundle,False,2,13.353995000045416
case-33,missing,public-lock,6,scoped,main,False,False,45189,40070,3,5,23.925227000006544,False,False,14,28,partition-expired,MISSING_DEPENDENCY,n0/missing-bundle,False,2,13.34104599999364
case-33,missing,public-lock,6,scoped,main,False,False,47884,40075,3,0,27.78348200001801,False,False,27,48,recovered,MISSING_DEPENDENCY,n0/missing-bundle,False,2,13.396328999988327
case-33,missing,public-lock,6,status-proof,main,True,False,19310,16107,62,0,6.255637999970531,True,False,1,16,base,SERVE,n0/bundle,True,7,0.8888390000265645
case-33,missing,public-lock,6,status-proof,main,False,False,4944,13364,2,5,2.644325000005665,False,False,4,6,partition-young,INVALID_OR_MISSING_STATUS,n0/missing-bundle,False,2,0.617481000006137
case-33,missing,public-lock,6,status-proof,main,False,False,4948,13366,0,5,2.2520139999642197,False,False,14,6,partition-expired,EXPIRED,n0/missing-bundle,False,0,0.20588999996107304
case-33,missing,public-lock,6,status-proof,main,False,False,19656,16374,2,0,4.8507399999948575,False,False,27,16,recovered,INVALID_OR_MISSING_STATUS,n0/missing-bundle,False,2,0.7344070000385727
case-34,missing,generated,1,lww,main,True,False,65982,65928,0,0,7.3118299999919145,True,False,1,2,base,SERVE,n0/bundle,True,0,0.01981000002615474
case-34,missing,generated,1,lww,main,False,True,66499,66437,0,0,3.3603740000103244,False,True,4,2,partition-young,SERVE,n0/missing-bundle,True,0,0.01857799998106202
case-34,missing,generated,1,lww,main,False,True,66499,66437,0,0,3.2409240000106365,False,True,14,2,partition-expired,SERVE,n0/missing-bundle,True,0,0.018628000020726176
case-34,missing,generated,1,lww,main,False,True,66499,66437,0,0,3.2046399999785535,False,True,27,2,recovered,SERVE,n0/missing-bundle,True,0,0.01840699997046613
case-34,missing,generated,1,signed-index,main,True,False,65982,65928,0,0,7.2521899999742345,True,False,1,2,base,SERVE,n0/bundle,True,0,0.020490999986577663
case-34,missing,generated,1,signed-index,main,False,True,66499,66437,0,0,3.222305999997843,False,True,4,2,partition-young,SERVE,n0/missing-bundle,True,0,0.01848800002335338
case-34,missing,generated,1,signed-index,main,False,True,66499,66437,0,0,3.2399229999668933,False,True,14,2,partition-expired,SERVE,n0/missing-bundle,True,0,0.018536999959906098
case-34,missing,generated,1,signed-index,main,False,True,66499,66437,0,0,3.222265999966112,False,True,27,2,recovered,SERVE,n0/missing-bundle,True,0,0.018758000010166143
case-34,missing,generated,1,transparency-only,main,True,False,65982,65928,0,0,7.339650999995229,True,False,1,2,base,SERVE,n0/bundle,True,0,0.04075100002864929
case-34,missing,generated,1,transparency-only,main,False,False,66499,66437,0,0,3.456578999987414,False,False,4,2,partition-young,MISSING_OR_ROOT_REVOKED,n0/missing-bundle,False,0,0.019258999998328363
case-34,missing,generated,1,transparency-only,main,False,False,66499,66437,0,0,3.1947450000302524,False,False,14,2,partition-expired,MISSING_OR_ROOT_REVOKED,n0/missing-bundle,False,0,0.02031000002489236
case-34,missing,generated,1,transparency-only,main,False,False,66499,66437,0,0,3.1916400000113754,False,False,27,2,recovered,MISSING_OR_ROOT_REVOKED,n0/missing-bundle,False,0,0.019709000014245248
case-34,missing,generated,1,root-only,main,True,False,66634,65928,130,0,32.44001900003468,True,False,1,8,base,SERVE,n0/bundle,True,2,23.27884300001415
case-34,missing,generated,1,root-only,main,False,False,67151,66437,3,0,28.099508000025253,False,False,4,8,partition-young,MISSING_DEPENDENCY,n0/missing-bundle,False,2,23.128725999981725
case-34,missing,generated,1,root-only,main,False,False,67155,66438,3,0,28.28671000003169,False,False,14,8,partition-expired,MISSING_DEPENDENCY,n0/missing-bundle,False,2,23.271932000000106
case-34,missing,generated,1,root-only,main,False,False,67155,66438,3,0,28.13988899998776,False,False,27,8,recovered,MISSING_DEPENDENCY,n0/missing-bundle,False,2,23.268868000002385
case-34,missing,generated,1,all-namespaces,main,True,False,83347,75458,130,0,55.402295000021695,True,False,1,74,base,SERVE,n0/bundle,True,2,26.677796000001308
case-34,missing,generated,1,all-namespaces,main,False,False,78532,75967,3,10,43.846428999984255,False,False,4,34,partition-young,MISSING_DEPENDENCY,n0/missing-bundle,False,2,26.59290700000838
case-34,missing,generated,1,all-namespaces,main,False,False,78540,75969,3,10,43.908493000003546,False,False,14,34,partition-expired,MISSING_DEPENDENCY,n0/missing-bundle,False,2,26.7841660000272
case-34,missing,generated,1,all-namespaces,main,False,False,83912,75979,3,0,51.17207899996856,False,False,27,74,recovered,MISSING_DEPENDENCY,n0/missing-bundle,False,2,26.59403799998472
case-34,missing,generated,1,scoped,main,True,False,71064,65928,130,0,38.59432299998389,True,False,1,18,base,SERVE,n0/bundle,True,2,24.235043999965455
case-34,missing,generated,1,scoped,main,False,False,71123,66437,3,1,32.504345999996076,False,False,4,14,partition-young,MISSING_DEPENDENCY,n0/missing-bundle,False,2,23.23921300001075
case-34,missing,generated,1,scoped,main,False,False,71127,66438,3,1,32.279867999989165,False,False,14,14,partition-expired,MISSING_DEPENDENCY,n0/missing-bundle,False,2,23.128204999977697
case-34,missing,generated,1,scoped,main,False,False,71669,66439,3,0,33.292933999973684,False,False,27,18,recovered,MISSING_DEPENDENCY,n0/missing-bundle,False,2,23.25565699999288
case-34,missing,generated,1,status-proof,main,True,False,29305,25531,130,0,9.802443000012317,True,False,1,6,base,SERVE,n0/bundle,True,2,0.6595440000296549
case-34,missing,generated,1,status-proof,main,False,False,2539,544,2,1,2.244553000025462,False,False,4,4,partition-young,INVALID_OR_MISSING_STATUS,n0/missing-bundle,False,2,0.10737200000221492
case-34,missing,generated,1,status-proof,main,False,False,2541,545,2,1,2.249099000039223,False,False,14,4,partition-expired,INVALID_OR_MISSING_STATUS,n0/missing-bundle,False,2,0.10610000003907771
case-34,missing,generated,1,status-proof,main,False,False,29641,25793,2,0,8.61359100002801,False,False,27,6,recovered,INVALID_OR_MISSING_STATUS,n0/missing-bundle,False,2,0.38748400004351424
case-35,missing,generated,3,lww,main,True,False,67839,67785,0,0,7.268924000015886,True,False,1,2,base,SERVE,n0/bundle,True,0,0.020240999958787143
case-35,missing,generated,3,lww,main,False,True,68356,68294,0,0,3.3231280000336483,False,True,4,2,partition-young,SERVE,n0/missing-bundle,True,0,0.018758000010166143
case-35,missing,generated,3,lww,main,False,True,68356,68294,0,0,3.285731999994823,False,True,14,2,partition-expired,SERVE,n0/missing-bundle,True,0,0.019739999970624922
case-35,missing,generated,3,lww,main,False,True,68356,68294,0,0,3.21874100001196,False,True,27,2,recovered,SERVE,n0/missing-bundle,True,0,0.019498999961342633
case-35,missing,generated,3,signed-index,main,True,False,67839,67785,0,0,7.347402999982933,True,False,1,2,base,SERVE,n0/bundle,True,0,0.020249999977295374
case-35,missing,generated,3,signed-index,main,False,True,68356,68294,0,0,3.2968790000040826,False,True,4,2,partition-young,SERVE,n0/missing-bundle,True,0,0.01916900004061972
case-35,missing,generated,3,signed-index,main,False,True,68356,68294,0,0,3.2907689999888134,False,True,14,2,partition-expired,SERVE,n0/missing-bundle,True,0,0.018768000018098974
case-35,missing,generated,3,signed-index,main,False,True,68356,68294,0,0,3.270568999994339,False,True,27,2,recovered,SERVE,n0/missing-bundle,True,0,0.019930000007661874
case-35,missing,generated,3,transparency-only,main,True,False,67839,67785,0,0,7.3853300000337185,True,False,1,2,base,SERVE,n0/bundle,True,0,0.04470699997227712
case-35,missing,generated,3,transparency-only,main,False,False,68356,68294,0,0,3.2150349999824357,False,False,4,2,partition-young,MISSING_OR_ROOT_REVOKED,n0/missing-bundle,False,0,0.02032100002224979
case-35,missing,generated,3,transparency-only,main,False,False,68356,68294,0,0,3.2218559999819263,False,False,14,2,partition-expired,MISSING_OR_ROOT_REVOKED,n0/missing-bundle,False,0,0.01972000001160268
case-35,missing,generated,3,transparency-only,main,False,False,68356,68294,0,0,3.1861919999869315,False,False,27,2,recovered,MISSING_OR_ROOT_REVOKED,n0/missing-bundle,False,0,0.020441000003756926
case-35,missing,generated,3,root-only,main,True,False,68492,67785,130,0,33.066473000019414,True,False,1,8,base,SERVE,n0/bundle,True,4,24.07837800001289
case-35,missing,generated,3,root-only,main,False,False,69009,68294,3,0,28.803969000023244,False,False,4,8,partition-young,MISSING_DEPENDENCY,n0/missing-bundle,False,2,23.80044899996392
case-35,missing,generated,3,root-only,main,False,False,69013,68295,3,0,28.907204999995884,False,False,14,8,partition-expired,MISSING_DEPENDENCY,n0/missing-bundle,False,2,23.875180999993972
case-35,missing,generated,3,root-only,main,False,False,69013,68295,3,0,28.77308299997594,False,False,27,8,recovered,MISSING_DEPENDENCY,n0/missing-bundle,False,2,23.857484000018303
case-35,missing,generated,3,all-namespaces,main,True,False,83317,75413,130,0,55.56582000002663,True,False,1,74,base,SERVE,n0/bundle,True,4,26.601128999971024
case-35,missing,generated,3,all-namespaces,main,False,False,78499,75922,3,10,43.63807499998984,False,False,4,34,partition-young,MISSING_DEPENDENCY,n0/missing-bundle,False,2,26.53946699996368
case-35,missing,generated,3,all-namespaces,main,False,False,78507,75924,3,10,43.87060499999507,False,False,14,34,partition-expired,MISSING_DEPENDENCY,n0/missing-bundle,False,2,26.801470999998855
case-35,missing,generated,3,all-namespaces,main,False,False,83882,75934,3,0,51.16969499999868,False,False,27,74,recovered,MISSING_DEPENDENCY,n0/missing-bundle,False,2,26.539836999972977
case-35,missing,generated,3,scoped,main,True,False,74252,67785,130,0,41.597360000025674,True,False,1,30,base,SERVE,n0/bundle,True,4,24.06242300003214
case-35,missing,generated,3,scoped,main,False,False,73244,68294,3,3,35.16624700000648,False,False,4,18,partition-young,MISSING_DEPENDENCY,n0/missing-bundle,False,2,23.914040000022396
case-35,missing,generated,3,scoped,main,False,False,73248,68295,3,3,35.147328999983074,False,False,14,18,partition-expired,MISSING_DEPENDENCY,n0/missing-bundle,False,2,23.82066899997426
case-35,missing,generated,3,scoped,main,False,False,74865,68298,3,0,37.587926000014704,False,False,27,30,recovered,MISSING_DEPENDENCY,n0/missing-bundle,False,2,23.98678000002974
case-35,missing,generated,3,status-proof,main,True,False,29716,25856,130,0,9.441187999982503,True,False,1,10,base,SERVE,n0/bundle,True,4,0.8304010000301787
case-35,missing,generated,3,status-proof,main,False,False,2549,17637,2,3,2.739458000007744,False,False,4,4,partition-young,INVALID_OR_MISSING_STATUS,n0/missing-bundle,False,2,0.42536099999779253
case-35,missing,generated,3,status-proof,main,False,False,2551,17638,0,3,2.524415000038971,False,False,14,4,partition-expired,EXPIRED,n0/missing-bundle,False,0,0.24575999998432962
case-35,missing,generated,3,status-proof,main,False,False,30056,26120,2,0,5.189680999990287,False,False,27,10,recovered,INVALID_OR_MISSING_STATUS,n0/missing-bundle,False,2,0.580614999989848
case-36,missing,generated,6,lww,main,True,False,70674,70620,0,0,7.4046490000228005,True,False,1,2,base,SERVE,n0/bundle,True,0,0.020541000026241818
case-36,missing,generated,6,lww,main,False,True,71191,71129,0,0,3.4140849999744205,False,True,4,2,partition-young,SERVE,n0/missing-bundle,True,0,0.019680000036714773
case-36,missing,generated,6,lww,main,False,True,71191,71129,0,0,3.3953459999906954,False,True,14,2,partition-expired,SERVE,n0/missing-bundle,True,0,0.04292500000246946
case-36,missing,generated,6,lww,main,False,True,71191,71129,0,0,3.515848000006372,False,True,27,2,recovered,SERVE,n0/missing-bundle,True,0,0.020920999986628885
case-36,missing,generated,6,signed-index,main,True,False,70674,70620,0,0,7.52232700000377,True,False,1,2,base,SERVE,n0/bundle,True,0,0.020991999974739883
case-36,missing,generated,6,signed-index,main,False,True,71191,71129,0,0,3.4191729999974996,False,True,4,2,partition-young,SERVE,n0/missing-bundle,True,0,0.020010000014281104
case-36,missing,generated,6,signed-index,main,False,True,71191,71129,0,0,3.3955869999999777,False,True,14,2,partition-expired,SERVE,n0/missing-bundle,True,0,0.020109999979922577
case-36,missing,generated,6,signed-index,main,False,True,71191,71129,0,0,3.361375999986649,False,True,27,2,recovered,SERVE,n0/missing-bundle,True,0,0.02046099996277917
case-36,missing,generated,6,transparency-only,main,True,False,70674,70620,0,0,7.520243999977083,True,False,1,2,base,SERVE,n0/bundle,True,0,0.04325499998003579
case-36,missing,generated,6,transparency-only,main,False,False,71191,71129,0,0,3.3328220000043984,False,False,4,2,partition-young,MISSING_OR_ROOT_REVOKED,n0/missing-bundle,False,0,0.021072000038202532
case-36,missing,generated,6,transparency-only,main,False,False,71191,71129,0,0,3.3277150000117217,False,False,14,2,partition-expired,MISSING_OR_ROOT_REVOKED,n0/missing-bundle,False,0,0.02012999999578824
case-36,missing,generated,6,transparency-only,main,False,False,71191,71129,0,0,3.2756370000015522,False,False,27,2,recovered,MISSING_OR_ROOT_REVOKED,n0/missing-bundle,False,0,0.02080100000512175
case-36,missing,generated,6,root-only,main,True,False,71330,70620,130,0,34.13547299999209,True,False,1,8,base,SERVE,n0/bundle,True,7,25.00313000001597
case-36,missing,generated,6,root-only,main,False,False,71847,71129,3,0,30.045208999979423,False,False,4,8,partition-young,MISSING_DEPENDENCY,n0/missing-bundle,False,2,24.91039100004855
case-36,missing,generated,6,root-only,main,False,False,71851,71130,3,0,30.271760000005088,False,False,14,8,partition-expired,MISSING_DEPENDENCY,n0/missing-bundle,False,2,25.091013000007933
case-36,missing,generated,6,root-only,main,False,False,71851,71130,3,0,30.00873399997772,False,False,27,8,recovered,MISSING_DEPENDENCY,n0/missing-bundle,False,2,24.96128799998587
case-36,missing,generated,6,all-namespaces,main,True,False,83344,75395,130,0,55.819392000046264,True,False,1,74,base,SERVE,n0/bundle,True,7,27.09610499999826
case-36,missing,generated,6,all-namespaces,main,False,False,78520,75904,3,10,43.90814099997442,False,False,4,34,partition-young,MISSING_DEPENDENCY,n0/missing-bundle,False,2,26.60025699998414
case-36,missing,generated,6,all-namespaces,main,False,False,78528,75906,3,10,43.78828999995221,False,False,14,34,partition-expired,MISSING_DEPENDENCY,n0/missing-bundle,False,2,26.55624099998022
case-36,missing,generated,6,all-namespaces,main,False,False,83909,75916,3,0,51.31379200003039,False,False,27,74,recovered,MISSING_DEPENDENCY,n0/missing-bundle,False,2,26.5664069999616
case-36,missing,generated,6,scoped,main,True,False,79106,70620,130,0,48.22910299998284,True,False,1,48,base,SERVE,n0/bundle,True,7,25.17044299997906
case-36,missing,generated,6,scoped,main,False,False,77028,71129,3,5,40.276839000000564,False,False,4,28,partition-young,MISSING_DEPENDENCY,n0/missing-bundle,False,2,24.856258999989223
case-36,missing,generated,6,scoped,main,False,False,77036,71131,3,5,40.25572699998747,False,False,14,28,partition-expired,MISSING_DEPENDENCY,n0/missing-bundle,False,2,24.96267999998736
case-36,missing,generated,6,scoped,main,False,False,79731,71136,3,0,44.156606000001375,False,False,27,48,recovered,MISSING_DEPENDENCY,n0/missing-bundle,False,2,25.080736999996134
case-36,missing,generated,6,status-proof,main,True,False,30334,26345,130,0,10.590128999979243,True,False,1,16,base,SERVE,n0/bundle,True,7,1.0768429999643558
case-36,missing,generated,6,status-proof,main,False,False,7121,22161,2,5,3.5076760000265494,False,False,4,6,partition-young,INVALID_OR_MISSING_STATUS,n0/missing-bundle,False,2,0.6935250000310589
case-36,missing,generated,6,status-proof,main,False,False,7125,22163,0,5,3.058358999965094,False,False,14,6,partition-expired,EXPIRED,n0/missing-bundle,False,0,0.21878900003002855
case-36,missing,generated,6,status-proof,main,False,False,30680,26612,2,0,6.212892999997166,False,False,27,16,recovered,INVALID_OR_MISSING_STATUS,n0/missing-bundle,False,2,0.8396660000471456
case-37,malformed,public-lock,1,lww,main,True,False,34888,34834,0,0,3.1710790000261113,True,False,1,2,base,SERVE,n0/bundle,True,0,0.012137999988226511
case-37,malformed,public-lock,1,lww,main,False,True,2489,2434,0,0,1.255581999998867,False,True,4,2,partition-young,SERVE,n0/cycle-a,True,0,0.003144999993764941
case-37,malformed,public-lock,1,lww,main,False,True,2489,2434,0,0,1.202761999991253,False,True,14,2,partition-expired,SERVE,n0/cycle-a,True,0,0.0025840000148491526
case-37,malformed,public-lock,1,lww,main,False,True,2489,2434,0,0,1.2105640000186213,False,True,27,2,recovered,SERVE,n0/cycle-a,True,0,0.003183999979228247
case-37,malformed,public-lock,1,signed-index,main,True,False,34888,34834,0,0,3.1378190000168615,True,False,1,2,base,SERVE,n0/bundle,True,0,0.012137999988226511
case-37,malformed,public-lock,1,signed-index,main,False,True,2489,2434,0,0,1.2604400000100213,False,True,4,2,partition-young,SERVE,n0/cycle-a,True,0,0.0035249999541520083
case-37,malformed,public-lock,1,signed-index,main,False,True,2489,2434,0,0,1.2137699999925644,False,True,14,2,partition-expired,SERVE,n0/cycle-a,True,0,0.002904999973907252
case-37,malformed,public-lock,1,signed-index,main,False,True,2489,2434,0,0,1.1858469999879162,False,True,27,2,recovered,SERVE,n0/cycle-a,True,0,0.003364999997756968
case-37,malformed,public-lock,1,transparency-only,main,True,False,34888,34834,0,0,3.1657609999911074,True,False,1,2,base,SERVE,n0/bundle,True,0,0.026711000032264565
case-37,malformed,public-lock,1,transparency-only,main,False,True,2489,2434,0,0,1.2549310000053993,False,True,4,2,partition-young,SERVE,n0/cycle-a,True,0,0.0042160000361946
case-37,malformed,public-lock,1,transparency-only,main,False,True,2489,2434,0,0,1.290144000051896,False,True,14,2,partition-expired,SERVE,n0/cycle-a,True,0,0.0038960000097176817
case-37,malformed,public-lock,1,transparency-only,main,False,True,2489,2434,0,0,1.1931180000033237,False,True,27,2,recovered,SERVE,n0/cycle-a,True,0,0.004547000003185531
case-37,malformed,public-lock,1,root-only,main,True,False,35539,34834,62,0,16.200572000002467,True,False,1,8,base,SERVE,n0/bundle,True,2,11.549763999994411
case-37,malformed,public-lock,1,root-only,main,False,False,3140,2434,2,0,3.619323999998869,False,False,4,8,partition-young,DEPENDENCY_CYCLE,n0/cycle-a,False,1,0.9321539999973538
case-37,malformed,public-lock,1,root-only,main,False,False,3144,2435,2,0,3.621036999959415,False,False,14,8,partition-expired,DEPENDENCY_CYCLE,n0/cycle-a,False,1,0.9237020000227858
case-37,malformed,public-lock,1,root-only,main,False,False,3144,2435,2,0,3.534877000049619,False,False,27,8,recovered,DEPENDENCY_CYCLE,n0/cycle-a,False,1,0.9192750000011074
case-37,malformed,public-lock,1,all-namespaces,main,True,False,52238,44364,62,0,36.35629500001869,True,False,1,74,base,SERVE,n0/bundle,True,2,15.022286999965218
case-37,malformed,public-lock,1,all-namespaces,main,False,False,47863,45317,2,10,27.619019000042044,False,False,4,34,partition-young,DEPENDENCY_CYCLE,n0/cycle-a,False,1,15.146134000019629
case-37,malformed,public-lock,1,all-namespaces,main,False,False,47871,45319,2,10,27.45987899999136,False,False,14,34,partition-expired,DEPENDENCY_CYCLE,n0/cycle-a,False,1,15.173183999991124
case-37,malformed,public-lock,1,all-namespaces,main,False,False,53240,45329,2,0,34.874402000014015,False,False,27,74,recovered,DEPENDENCY_CYCLE,n0/cycle-a,False,1,15.22003500002711
case-37,malformed,public-lock,1,scoped,main,True,False,39179,34834,62,0,19.780447000016466,True,False,1,18,base,SERVE,n0/bundle,True,2,11.593450000020766
case-37,malformed,public-lock,1,scoped,main,False,False,3330,2434,2,0,5.628182000009474,False,False,4,12,partition-young,DEPENDENCY_CYCLE,n0/cycle-a,False,1,0.9314139999787585
case-37,malformed,public-lock,1,scoped,main,False,False,3334,2435,2,0,5.504343999973571,False,False,14,12,partition-expired,DEPENDENCY_CYCLE,n0/cycle-a,False,1,0.9131159999924421
case-37,malformed,public-lock,1,scoped,main,False,False,3334,2435,2,0,5.58939300003658,False,False,27,12,recovered,DEPENDENCY_CYCLE,n0/cycle-a,False,1,1.0024999999700412
case-37,malformed,public-lock,1,status-proof,main,True,False,18280,15292,62,0,4.431868999972721,True,False,1,6,base,SERVE,n0/bundle,True,2,0.43908200001396835
case-37,malformed,public-lock,1,status-proof,main,False,False,677,519,2,0,1.547612000024401,False,False,4,4,partition-young,CYCLE_OR_DEPTH,n0/cycle-a,False,1,0.11845900002072085
case-37,malformed,public-lock,1,status-proof,main,False,False,679,520,2,0,1.5878230000225813,False,False,14,4,partition-expired,CYCLE_OR_DEPTH,n0/cycle-a,False,1,0.1057790000231762
case-37,malformed,public-lock,1,status-proof,main,False,False,679,520,2,0,1.5588989999741898,False,False,27,4,recovered,CYCLE_OR_DEPTH,n0/cycle-a,False,1,0.10861399999839705
case-38,malformed,public-lock,3,lww,main,True,False,36778,36724,0,0,3.1688149999808957,True,False,1,2,base,SERVE,n0/bundle,True,0,0.012168000012025004
case-38,malformed,public-lock,3,lww,main,False,True,2489,2434,0,0,1.2131279999607614,False,True,4,2,partition-young,SERVE,n0/cycle-a,True,0,0.0032149999924513395
case-38,malformed,public-lock,3,lww,main,False,True,2489,2434,0,0,1.1911249999911888,False,True,14,2,partition-expired,SERVE,n0/cycle-a,True,0,0.002633999997669889
case-38,malformed,public-lock,3,lww,main,False,True,2489,2434,0,0,1.202231999968717,False,True,27,2,recovered,SERVE,n0/cycle-a,True,0,0.003284999991137738
case-38,malformed,public-lock,3,signed-index,main,True,False,36778,36724,0,0,3.1865120000134084,True,False,1,2,base,SERVE,n0/bundle,True,0,0.01221799999484574
case-38,malformed,public-lock,3,signed-index,main,False,True,2489,2434,0,0,1.2236340000413293,False,True,4,2,partition-young,SERVE,n0/cycle-a,True,0,0.012819000005492853
case-38,malformed,public-lock,3,signed-index,main,False,True,2489,2434,0,0,1.1937689999967915,False,True,14,2,partition-expired,SERVE,n0/cycle-a,True,0,0.003024999955414387
case-38,malformed,public-lock,3,signed-index,main,False,True,2489,2434,0,0,1.1979160000237243,False,True,27,2,recovered,SERVE,n0/cycle-a,True,0,0.0033350000308018934
case-38,malformed,public-lock,3,transparency-only,main,True,False,36778,36724,0,0,3.2155659999943964,True,False,1,2,base,SERVE,n0/bundle,True,0,0.025318000041352207
case-38,malformed,public-lock,3,transparency-only,main,False,True,2489,2434,0,0,1.189441999997598,False,True,4,2,partition-young,SERVE,n0/cycle-a,True,0,0.004176000004463276
case-38,malformed,public-lock,3,transparency-only,main,False,True,2489,2434,0,0,1.1809999999741194,False,True,14,2,partition-expired,SERVE,n0/cycle-a,True,0,0.0036249999766369
case-38,malformed,public-lock,3,transparency-only,main,False,True,2489,2434,0,0,1.195652000035352,False,True,27,2,recovered,SERVE,n0/cycle-a,True,0,0.004477000004499132
case-38,malformed,public-lock,3,root-only,main,True,False,37431,36724,62,0,16.880717999981698,True,False,1,8,base,SERVE,n0/bundle,True,4,12.24868700001025
case-38,malformed,public-lock,3,root-only,main,False,False,3142,2434,2,0,3.5450620000005983,False,False,4,8,partition-young,DEPENDENCY_CYCLE,n0/cycle-a,False,1,0.9082790000434215
case-38,malformed,public-lock,3,root-only,main,False,False,3146,2435,2,0,3.5877470000400535,False,False,14,8,partition-expired,DEPENDENCY_CYCLE,n0/cycle-a,False,1,0.9010980000425661
case-38,malformed,public-lock,3,root-only,main,False,False,3146,2435,2,0,3.5501389999694766,False,False,27,8,recovered,DEPENDENCY_CYCLE,n0/cycle-a,False,1,0.907447000031425
case-38,malformed,public-lock,3,all-namespaces,main,True,False,52256,44352,62,0,36.00203199999896,True,False,1,74,base,SERVE,n0/bundle,True,4,15.020214000003307
case-38,malformed,public-lock,3,all-namespaces,main,False,False,47875,45305,2,10,27.352837000023555,False,False,4,34,partition-young,DEPENDENCY_CYCLE,n0/cycle-a,False,1,15.198733000033826
case-38,malformed,public-lock,3,all-namespaces,main,False,False,47883,45307,2,10,27.401220000001558,False,False,14,34,partition-expired,DEPENDENCY_CYCLE,n0/cycle-a,False,1,15.149930000006862
case-38,malformed,public-lock,3,all-namespaces,main,False,False,53258,45317,2,0,34.86327499996378,False,False,27,74,recovered,DEPENDENCY_CYCLE,n0/cycle-a,False,1,15.173105000030773
case-38,malformed,public-lock,3,scoped,main,True,False,42405,36724,62,0,23.28136299996686,True,False,1,30,base,SERVE,n0/bundle,True,4,12.254687000051945
case-38,malformed,public-lock,3,scoped,main,False,False,3332,2434,2,0,5.526337999981479,False,False,4,12,partition-young,DEPENDENCY_CYCLE,n0/cycle-a,False,1,0.9137370000189549
case-38,malformed,public-lock,3,scoped,main,False,False,3336,2435,2,0,5.5497030000424274,False,False,14,12,partition-expired,DEPENDENCY_CYCLE,n0/cycle-a,False,1,0.9264759999609851
case-38,malformed,public-lock,3,scoped,main,False,False,3336,2435,2,0,5.630934999999226,False,False,27,12,recovered,DEPENDENCY_CYCLE,n0/cycle-a,False,1,0.9284390000061649
case-38,malformed,public-lock,3,status-proof,main,True,False,18692,15618,62,0,4.983670000001439,True,False,1,10,base,SERVE,n0/bundle,True,4,0.6261930000164284
case-38,malformed,public-lock,3,status-proof,main,False,False,677,519,2,0,1.5792199999964396,False,False,4,4,partition-young,CYCLE_OR_DEPTH,n0/cycle-a,False,1,0.10745200000883415
case-38,malformed,public-lock,3,status-proof,main,False,False,679,520,2,0,1.5784889999963525,False,False,14,4,partition-expired,CYCLE_OR_DEPTH,n0/cycle-a,False,1,0.10448700004417333
case-38,malformed,public-lock,3,status-proof,main,False,False,679,520,2,0,1.555454000026657,False,False,27,4,recovered,CYCLE_OR_DEPTH,n0/cycle-a,False,1,0.10865399997328495
case-39,malformed,public-lock,6,lww,main,True,False,39613,39559,0,0,3.297548999967148,True,False,1,2,base,SERVE,n0/bundle,True,0,0.013830999989750126
case-39,malformed,public-lock,6,lww,main,False,True,2489,2434,0,0,1.2174550000167983,False,True,4,2,partition-young,SERVE,n0/cycle-a,True,0,0.002973999983169051
case-39,malformed,public-lock,6,lww,main,False,True,2489,2434,0,0,1.19617300003938,False,True,14,2,partition-expired,SERVE,n0/cycle-a,True,0,0.002504000008229923
case-39,malformed,public-lock,6,lww,main,False,True,2489,2434,0,0,1.205906999985018,False,True,27,2,recovered,SERVE,n0/cycle-a,True,0,0.0032250000003841706
case-39,malformed,public-lock,6,signed-index,main,True,False,39613,39559,0,0,3.2976779999671635,True,False,1,2,base,SERVE,n0/bundle,True,0,0.013451000029363058
case-39,malformed,public-lock,6,signed-index,main,False,True,2489,2434,0,0,1.225956999974187,False,True,4,2,partition-young,SERVE,n0/cycle-a,True,0,0.0032450000162498327
case-39,malformed,public-lock,6,signed-index,main,False,True,2489,2434,0,0,1.1936079999941285,False,True,14,2,partition-expired,SERVE,n0/cycle-a,True,0,0.00264400000560272
case-39,malformed,public-lock,6,signed-index,main,False,True,2489,2434,0,0,1.2489020000430173,False,True,27,2,recovered,SERVE,n0/cycle-a,True,0,0.0036750000163010554
case-39,malformed,public-lock,6,transparency-only,main,True,False,39613,39559,0,0,3.2978190000108043,True,False,1,2,base,SERVE,n0/bundle,True,0,0.027099999954316445
case-39,malformed,public-lock,6,transparency-only,main,False,True,2489,2434,0,0,1.2589770000204226,False,True,4,2,partition-young,SERVE,n0/cycle-a,True,0,0.004305999993903242
case-39,malformed,public-lock,6,transparency-only,main,False,True,2489,2434,0,0,1.2228319999962878,False,True,14,2,partition-expired,SERVE,n0/cycle-a,True,0,0.0038759999938520195
case-39,malformed,public-lock,6,transparency-only,main,False,True,2489,2434,0,0,1.196262000007664,False,True,27,2,recovered,SERVE,n0/cycle-a,True,0,0.0045169999793870375
case-39,malformed,public-lock,6,root-only,main,True,False,40269,39559,62,0,18.078938000030575,True,False,1,8,base,SERVE,n0/bundle,True,7,13.358627000002343
case-39,malformed,public-lock,6,root-only,main,False,False,3145,2434,2,0,3.5892479999688476,False,False,4,8,partition-young,DEPENDENCY_CYCLE,n0/cycle-a,False,1,0.9091699999999037
case-39,malformed,public-lock,6,root-only,main,False,False,3149,2435,2,0,3.573202999973546,False,False,14,8,partition-expired,DEPENDENCY_CYCLE,n0/cycle-a,False,1,0.9103719999643545
case-39,malformed,public-lock,6,root-only,main,False,False,3149,2435,2,0,3.5224470000230212,False,False,27,8,recovered,DEPENDENCY_CYCLE,n0/cycle-a,False,1,0.9062650000259964
case-39,malformed,public-lock,6,all-namespaces,main,True,False,52283,44334,62,0,35.98982199997636,True,False,1,74,base,SERVE,n0/bundle,True,7,15.188863999981095
case-39,malformed,public-lock,6,all-namespaces,main,False,False,47896,45287,2,10,27.45364200001177,False,False,4,34,partition-young,DEPENDENCY_CYCLE,n0/cycle-a,False,1,15.177106000010099
case-39,malformed,public-lock,6,all-namespaces,main,False,False,47904,45289,2,10,27.40572999999813,False,False,14,34,partition-expired,DEPENDENCY_CYCLE,n0/cycle-a,False,1,15.216966000025423
case-39,malformed,public-lock,6,all-namespaces,main,False,False,53285,45299,2,0,34.91995100000622,False,False,27,74,recovered,DEPENDENCY_CYCLE,n0/cycle-a,False,1,15.197516000000633
case-39,malformed,public-lock,6,scoped,main,True,False,47259,39559,62,0,28.87600500002918,True,False,1,48,base,SERVE,n0/bundle,True,7,13.365596999960871
case-39,malformed,public-lock,6,scoped,main,False,False,3335,2434,2,0,5.53300600000739,False,False,4,12,partition-young,DEPENDENCY_CYCLE,n0/cycle-a,False,1,0.9102619999907802
case-39,malformed,public-lock,6,scoped,main,False,False,3339,2435,2,0,5.563912000013715,False,False,14,12,partition-expired,DEPENDENCY_CYCLE,n0/cycle-a,False,1,0.9113829999591871
case-39,malformed,public-lock,6,scoped,main,False,False,3339,2435,2,0,5.543161000048258,False,False,27,12,recovered,DEPENDENCY_CYCLE,n0/cycle-a,False,1,0.9182739999573641
case-39,malformed,public-lock,6,status-proof,main,True,False,19310,16107,62,0,6.265740000003461,True,False,1,16,base,SERVE,n0/bundle,True,7,0.8890490000226237
case-39,malformed,public-lock,6,status-proof,main,False,False,677,519,2,0,1.5948429999639302,False,False,4,4,partition-young,CYCLE_OR_DEPTH,n0/cycle-a,False,1,0.10751199999958772
case-39,malformed,public-lock,6,status-proof,main,False,False,679,520,2,0,1.609483999970962,False,False,14,4,partition-expired,CYCLE_OR_DEPTH,n0/cycle-a,False,1,0.10663099999419501
case-39,malformed,public-lock,6,status-proof,main,False,False,679,520,2,0,1.6040760000350929,False,False,27,4,recovered,CYCLE_OR_DEPTH,n0/cycle-a,False,1,0.10957500001040898
case-40,malformed,generated,1,lww,main,True,False,65982,65928,0,0,7.275831999947968,True,False,1,2,base,SERVE,n0/bundle,True,0,0.019839999993109814
case-40,malformed,generated,1,lww,main,False,True,2478,2423,0,0,1.8177389999891602,False,True,4,2,partition-young,SERVE,n0/cycle-a,True,0,0.0030749999950785423
case-40,malformed,generated,1,lww,main,False,True,2478,2423,0,0,1.8475429999966764,False,True,14,2,partition-expired,SERVE,n0/cycle-a,True,0,0.0030950000109442044
case-40,malformed,generated,1,lww,main,False,True,2478,2423,0,0,1.8408929999509382,False,True,27,2,recovered,SERVE,n0/cycle-a,True,0,0.0031250000347426976
case-40,malformed,generated,1,signed-index,main,True,False,65982,65928,0,0,7.244275000005018,True,False,1,2,base,SERVE,n0/bundle,True,0,0.019518999977208296
case-40,malformed,generated,1,signed-index,main,False,True,2478,2423,0,0,1.7967470000144203,False,True,4,2,partition-young,SERVE,n0/cycle-a,True,0,0.0031949999765856774
case-40,malformed,generated,1,signed-index,main,False,True,2478,2423,0,0,1.836586999957035,False,True,14,2,partition-expired,SERVE,n0/cycle-a,True,0,0.002943999959370558
case-40,malformed,generated,1,signed-index,main,False,True,2478,2423,0,0,1.8227060000413076,False,True,27,2,recovered,SERVE,n0/cycle-a,True,0,0.003504999995129765
case-40,malformed,generated,1,transparency-only,main,True,False,65982,65928,0,0,7.280609000019922,True,False,1,2,base,SERVE,n0/bundle,True,0,0.06050199999663164
case-40,malformed,generated,1,transparency-only,main,False,True,2478,2423,0,0,1.8445590000055745,False,True,4,2,partition-young,SERVE,n0/cycle-a,True,0,0.004577000026984024
case-40,malformed,generated,1,transparency-only,main,False,True,2478,2423,0,0,1.8283550000433024,False,True,14,2,partition-expired,SERVE,n0/cycle-a,True,0,0.003825999954187864
case-40,malformed,generated,1,transparency-only,main,False,True,2478,2423,0,0,2.07454499997084,False,True,27,2,recovered,SERVE,n0/cycle-a,True,0,0.004577000026984024
case-40,malformed,generated,1,root-only,main,True,False,66634,65928,130,0,32.53633899998931,True,False,1,8,base,SERVE,n0/bundle,True,2,23.573035999959302
case-40,malformed,generated,1,root-only,main,False,False,3130,2423,2,0,4.454812000005859,False,False,4,8,partition-young,DEPENDENCY_CYCLE,n0/cycle-a,False,1,0.9257940000111375
case-40,malformed,generated,1,root-only,main,False,False,3134,2424,2,0,4.488713000000644,False,False,14,8,partition-expired,DEPENDENCY_CYCLE,n0/cycle-a,False,1,0.9250440000414528
case-40,malformed,generated,1,root-only,main,False,False,3134,2424,2,0,4.465968000033627,False,False,27,8,recovered,DEPENDENCY_CYCLE,n0/cycle-a,False,1,0.9183639999719162
case-40,malformed,generated,1,all-namespaces,main,True,False,83347,75458,130,0,55.31933599996819,True,False,1,74,base,SERVE,n0/bundle,True,2,26.668669000002865
case-40,malformed,generated,1,all-namespaces,main,False,False,78969,76411,2,10,44.19323899998062,False,False,4,34,partition-young,DEPENDENCY_CYCLE,n0/cycle-a,False,1,27.078898000013396
case-40,malformed,generated,1,all-namespaces,main,False,False,78977,76413,2,10,43.98280200001636,False,False,14,34,partition-expired,DEPENDENCY_CYCLE,n0/cycle-a,False,1,26.734328000031837
case-40,malformed,generated,1,all-namespaces,main,False,False,84349,76423,2,0,51.4252770000212,False,False,27,74,recovered,DEPENDENCY_CYCLE,n0/cycle-a,False,1,26.721649000023717
case-40,malformed,generated,1,scoped,main,True,False,71064,65928,130,0,37.34879300003513,True,False,1,18,base,SERVE,n0/bundle,True,2,23.32475999997996
case-40,malformed,generated,1,scoped,main,False,False,3320,2423,2,0,7.41961099998889,False,False,4,12,partition-young,DEPENDENCY_CYCLE,n0/cycle-a,False,1,0.9118039999975736
case-40,malformed,generated,1,scoped,main,False,False,3324,2424,2,0,7.518149000020458,False,False,14,12,partition-expired,DEPENDENCY_CYCLE,n0/cycle-a,False,1,0.9158000000297761
case-40,malformed,generated,1,scoped,main,False,False,3324,2424,2,0,7.526992999999038,False,False,27,12,recovered,DEPENDENCY_CYCLE,n0/cycle-a,False,1,0.9357399999885274
case-40,malformed,generated,1,status-proof,main,True,False,29305,25531,130,0,9.847701000012421,True,False,1,6,base,SERVE,n0/bundle,True,2,0.6787329999724534
case-40,malformed,generated,1,status-proof,main,False,False,677,519,2,0,2.1801560000085374,False,False,4,4,partition-young,CYCLE_OR_DEPTH,n0/cycle-a,False,1,0.10760200001413978
case-40,malformed,generated,1,status-proof,main,False,False,679,520,2,0,2.1599649999757276,False,False,14,4,partition-expired,CYCLE_OR_DEPTH,n0/cycle-a,False,1,0.10841299996400267
case-40,malformed,generated,1,status-proof,main,False,False,679,520,2,0,2.2063450000473495,False,False,27,4,recovered,CYCLE_OR_DEPTH,n0/cycle-a,False,1,0.1094449999641256
case-41,malformed,generated,3,lww,main,True,False,67839,67785,0,0,7.22843300002296,True,False,1,2,base,SERVE,n0/bundle,True,0,0.01915900003268689
case-41,malformed,generated,3,lww,main,False,True,2478,2423,0,0,1.7905079999991358,False,True,4,2,partition-young,SERVE,n0/cycle-a,True,0,0.002964000032079639
case-41,malformed,generated,3,lww,main,False,True,2478,2423,0,0,1.792652000006001,False,True,14,2,partition-expired,SERVE,n0/cycle-a,True,0,0.0028340000426396728
case-41,malformed,generated,3,lww,main,False,True,2478,2423,0,0,1.8220260000134658,False,True,27,2,recovered,SERVE,n0/cycle-a,True,0,0.003294999999070569
case-41,malformed,generated,3,signed-index,main,True,False,67839,67785,0,0,7.27220899995018,True,False,1,2,base,SERVE,n0/bundle,True,0,0.019439999960013665
case-41,malformed,generated,3,signed-index,main,False,True,2478,2423,0,0,1.8338040000003275,False,True,4,2,partition-young,SERVE,n0/cycle-a,True,0,0.0034060000189128914
case-41,malformed,generated,3,signed-index,main,False,True,2478,2423,0,0,1.8120610000096349,False,True,14,2,partition-expired,SERVE,n0/cycle-a,True,0,0.002734000020154781
case-41,malformed,generated,3,signed-index,main,False,True,2478,2423,0,0,1.832100999990871,False,True,27,2,recovered,SERVE,n0/cycle-a,True,0,0.019188999999641965
case-41,malformed,generated,3,transparency-only,main,True,False,67839,67785,0,0,7.298778999995648,True,False,1,2,base,SERVE,n0/bundle,True,0,0.04060200001276826
case-41,malformed,generated,3,transparency-only,main,False,True,2478,2423,0,0,1.801445000012336,False,True,4,2,partition-young,SERVE,n0/cycle-a,True,0,0.004135999972731952
case-41,malformed,generated,3,transparency-only,main,False,True,2478,2423,0,0,1.8500979999771516,False,True,14,2,partition-expired,SERVE,n0/cycle-a,True,0,0.003945999992538418
case-41,malformed,generated,3,transparency-only,main,False,True,2478,2423,0,0,1.8466930000045068,False,True,27,2,recovered,SERVE,n0/cycle-a,True,0,0.004477000004499132
case-41,malformed,generated,3,root-only,main,True,False,68492,67785,130,0,33.1944529999646,True,False,1,8,base,SERVE,n0/bundle,True,4,23.923151999952097
case-41,malformed,generated,3,root-only,main,False,False,3131,2423,2,0,4.444817999967654,False,False,4,8,partition-young,DEPENDENCY_CYCLE,n0/cycle-a,False,1,0.9273570000232212
case-41,malformed,generated,3,root-only,main,False,False,3135,2424,2,0,4.468634000033944,False,False,14,8,partition-expired,DEPENDENCY_CYCLE,n0/cycle-a,False,1,0.9264959999768507
case-41,malformed,generated,3,root-only,main,False,False,3135,2424,2,0,4.457477000016752,False,False,27,8,recovered,DEPENDENCY_CYCLE,n0/cycle-a,False,1,0.9136570000123356
case-41,malformed,generated,3,all-namespaces,main,True,False,83317,75413,130,0,55.21214300000565,True,False,1,74,base,SERVE,n0/bundle,True,4,26.616149999995287
case-41,malformed,generated,3,all-namespaces,main,False,False,78936,76366,2,10,44.55080700000735,False,False,4,34,partition-young,DEPENDENCY_CYCLE,n0/cycle-a,False,1,27.05804600003603
case-41,malformed,generated,3,all-namespaces,main,False,False,78944,76368,2,10,43.99766400001681,False,False,14,34,partition-expired,DEPENDENCY_CYCLE,n0/cycle-a,False,1,26.784312999950544
case-41,malformed,generated,3,all-namespaces,main,False,False,84319,76378,2,0,55.432615999961854,False,False,27,74,recovered,DEPENDENCY_CYCLE,n0/cycle-a,False,1,30.390237000005982
case-41,malformed,generated,3,scoped,main,True,False,74252,67785,130,0,43.71489699997255,True,False,1,30,base,SERVE,n0/bundle,True,4,24.104524999984278
case-41,malformed,generated,3,scoped,main,False,False,3321,2423,2,0,7.434843999988061,False,False,4,12,partition-young,DEPENDENCY_CYCLE,n0/cycle-a,False,1,0.9144579999542657
case-41,malformed,generated,3,scoped,main,False,False,3325,2424,2,0,7.499120999966635,False,False,14,12,partition-expired,DEPENDENCY_CYCLE,n0/cycle-a,False,1,0.9138770000163277
case-41,malformed,generated,3,scoped,main,False,False,3325,2424,2,0,7.847807000018747,False,False,27,12,recovered,DEPENDENCY_CYCLE,n0/cycle-a,False,1,1.1613099999863152
case-41,malformed,generated,3,status-proof,main,True,False,29716,25856,130,0,9.540426999990359,True,False,1,10,base,SERVE,n0/bundle,True,4,0.8444819999908759
case-41,malformed,generated,3,status-proof,main,False,False,677,519,2,0,2.1972910000158663,False,False,4,4,partition-young,CYCLE_OR_DEPTH,n0/cycle-a,False,1,0.1092339999786418
case-41,malformed,generated,3,status-proof,main,False,False,679,520,2,0,2.1960189999958857,False,False,14,4,partition-expired,CYCLE_OR_DEPTH,n0/cycle-a,False,1,0.1065210000206207
case-41,malformed,generated,3,status-proof,main,False,False,679,520,2,0,2.2188830000118287,False,False,27,4,recovered,CYCLE_OR_DEPTH,n0/cycle-a,False,1,0.1105669999788006
case-42,malformed,generated,6,lww,main,True,False,70674,70620,0,0,8.044863000009173,True,False,1,2,base,SERVE,n0/bundle,True,0,0.021602999993319827
case-42,malformed,generated,6,lww,main,False,True,2478,2423,0,0,1.8022959999939303,False,True,4,2,partition-young,SERVE,n0/cycle-a,True,0,0.0032550000241826638
case-42,malformed,generated,6,lww,main,False,True,2478,2423,0,0,1.8376699999862467,False,True,14,2,partition-expired,SERVE,n0/cycle-a,True,0,0.002754000036020443
case-42,malformed,generated,6,lww,main,False,True,2478,2423,0,0,1.88277699999162,False,True,27,2,recovered,SERVE,n0/cycle-a,True,0,0.0035550000347939203
case-42,malformed,generated,6,signed-index,main,True,False,70674,70620,0,0,7.685481999999411,True,False,1,2,base,SERVE,n0/bundle,True,0,0.020821000020987412
case-42,malformed,generated,6,signed-index,main,False,True,2478,2423,0,0,1.8468530000177452,False,True,4,2,partition-young,SERVE,n0/cycle-a,True,0,0.003484999979264103
case-42,malformed,generated,6,signed-index,main,False,True,2478,2423,0,0,1.8735230000288539,False,True,14,2,partition-expired,SERVE,n0/cycle-a,True,0,0.0030140000149003754
case-42,malformed,generated,6,signed-index,main,False,True,2478,2423,0,0,1.904039000010016,False,True,27,2,recovered,SERVE,n0/cycle-a,True,0,0.00379599998723279
case-42,malformed,generated,6,transparency-only,main,True,False,70674,70620,0,0,7.496306999996705,True,False,1,2,base,SERVE,n0/bundle,True,0,0.042624000002433604
case-42,malformed,generated,6,transparency-only,main,False,True,2478,2423,0,0,1.8751249999695574,False,True,4,2,partition-young,SERVE,n0/cycle-a,True,0,0.004266000019015337
case-42,malformed,generated,6,transparency-only,main,False,True,2478,2423,0,0,1.8190920000051847,False,True,14,2,partition-expired,SERVE,n0/cycle-a,True,0,0.0036559999898599926
case-42,malformed,generated,6,transparency-only,main,False,True,2478,2423,0,0,1.8396219999772256,False,True,27,2,recovered,SERVE,n0/cycle-a,True,0,0.004557000011118362
case-42,malformed,generated,6,root-only,main,True,False,71330,70620,130,0,39.95918699996537,True,False,1,8,base,SERVE,n0/bundle,True,7,28.984387999969385
case-42,malformed,generated,6,root-only,main,False,False,3134,2423,2,0,4.497128000025441,False,False,4,8,partition-young,DEPENDENCY_CYCLE,n0/cycle-a,False,1,0.9219890000053965
case-42,malformed,generated,6,root-only,main,False,False,3138,2424,2,0,4.498569000020325,False,False,14,8,partition-expired,DEPENDENCY_CYCLE,n0/cycle-a,False,1,0.9118350000107966
case-42,malformed,generated,6,root-only,main,False,False,3138,2424,2,0,4.448733999993237,False,False,27,8,recovered,DEPENDENCY_CYCLE,n0/cycle-a,False,1,0.9126360000095701
case-42,malformed,generated,6,all-namespaces,main,True,False,83344,75395,130,0,55.498083000031784,True,False,1,74,base,SERVE,n0/bundle,True,7,26.78881999997884
case-42,malformed,generated,6,all-namespaces,main,False,False,78957,76348,2,10,46.09397199999421,False,False,4,34,partition-young,DEPENDENCY_CYCLE,n0/cycle-a,False,1,26.710121000007803
case-42,malformed,generated,6,all-namespaces,main,False,False,78965,76350,2,10,44.008489000020745,False,False,14,34,partition-expired,DEPENDENCY_CYCLE,n0/cycle-a,False,1,26.794527999982165
case-42,malformed,generated,6,all-namespaces,main,False,False,84346,76360,2,0,51.463673000000654,False,False,27,74,recovered,DEPENDENCY_CYCLE,n0/cycle-a,False,1,26.856221000002733
case-42,malformed,generated,6,scoped,main,True,False,79106,70620,130,0,49.55912399998397,True,False,1,48,base,SERVE,n0/bundle,True,7,25.101516999995965
case-42,malformed,generated,6,scoped,main,False,False,3324,2423,2,0,7.500012000036804,False,False,4,12,partition-young,DEPENDENCY_CYCLE,n0/cycle-a,False,1,0.91302599997789
case-42,malformed,generated,6,scoped,main,False,False,3328,2424,2,0,7.554404000018167,False,False,14,12,partition-expired,DEPENDENCY_CYCLE,n0/cycle-a,False,1,0.9219690000463743
case-42,malformed,generated,6,scoped,main,False,False,3328,2424,2,0,7.524498999998741,False,False,27,12,recovered,DEPENDENCY_CYCLE,n0/cycle-a,False,1,0.9267570000019987
case-42,malformed,generated,6,status-proof,main,True,False,30334,26345,130,0,10.531260999982806,True,False,1,16,base,SERVE,n0/bundle,True,7,1.0953500000141503
case-42,malformed,generated,6,status-proof,main,False,False,677,519,2,0,2.156259000003047,False,False,4,4,partition-young,CYCLE_OR_DEPTH,n0/cycle-a,False,1,0.11324100000820181
case-42,malformed,generated,6,status-proof,main,False,False,679,520,2,0,2.1669859999633445,False,False,14,4,partition-expired,CYCLE_OR_DEPTH,n0/cycle-a,False,1,0.10633100004042717
case-42,malformed,generated,6,status-proof,main,False,False,679,520,2,0,2.184661999990567,False,False,27,4,recovered,CYCLE_OR_DEPTH,n0/cycle-a,False,1,0.10914400002093316
case-43,rollback,public-lock,1,lww,main,True,False,34888,34834,0,0,3.1628060000343794,True,False,1,2,base,SERVE,n0/bundle,True,0,0.01220799998691291
case-43,rollback,public-lock,1,lww,main,True,False,34888,34834,0,0,2.6734589999932723,False,True,4,2,partition-young,SERVE,n0/bundle,True,0,0.011468000025161018
case-43,rollback,public-lock,1,lww,main,False,True,34888,34834,0,0,2.3979540000027555,False,True,14,2,partition-expired,SERVE,n0/bundle,True,0,0.011548000031780248
case-43,rollback,public-lock,1,lww,main,False,True,35145,35091,0,0,2.3993550000227515,False,True,27,2,recovered,SERVE,n0/bundle,True,0,0.011958000015965808
case-43,rollback,public-lock,1,lww,probe,True,False,35145,35091,0,0,2.6471290000245062,False,True,2,2,pin-before-rollback,SERVE,n0/bundle,True,0,0.012499000035859353
case-43,rollback,public-lock,1,signed-index,main,True,False,34888,34834,0,0,3.150817999994615,True,False,1,2,base,SERVE,n0/bundle,True,0,0.01270899997507513
case-43,rollback,public-lock,1,signed-index,main,True,False,34888,34834,0,0,2.6538889999869753,False,True,4,2,partition-young,SERVE,n0/bundle,True,0,0.011776999997437088
case-43,rollback,public-lock,1,signed-index,main,False,True,34888,34834,0,0,2.457622999997966,False,True,14,2,partition-expired,SERVE,n0/bundle,True,0,0.011476999986825831
case-43,rollback,public-lock,1,signed-index,main,False,True,35145,35091,0,0,2.4019300000190924,False,True,27,2,recovered,SERVE,n0/bundle,True,0,0.012198000035823497
case-43,rollback,public-lock,1,signed-index,probe,True,False,35145,35091,0,0,2.665717000013501,False,True,2,2,pin-before-rollback,SERVE,n0/bundle,True,0,0.01204800003051787
case-43,rollback,public-lock,1,transparency-only,main,True,False,34888,34834,0,0,3.1750040000133595,True,False,1,2,base,SERVE,n0/bundle,True,0,0.026540000021668675
case-43,rollback,public-lock,1,transparency-only,main,True,False,34888,34834,0,0,2.706799999998566,False,True,4,2,partition-young,SERVE,n0/bundle,True,0,0.02592999999251333
case-43,rollback,public-lock,1,transparency-only,main,False,True,34888,34834,0,0,2.63376899999912,False,True,14,2,partition-expired,SERVE,n0/bundle,True,0,0.025898999979290238
case-43,rollback,public-lock,1,transparency-only,main,False,True,35145,35091,0,0,2.3961910000025455,False,True,27,2,recovered,SERVE,n0/bundle,True,0,0.02617000001237102
case-43,rollback,public-lock,1,transparency-only,probe,True,False,35145,35091,0,0,2.7113260000533046,False,True,2,2,pin-before-rollback,SERVE,n0/bundle,True,0,0.025688999983231042
case-43,rollback,public-lock,1,root-only,main,True,False,35539,34834,62,0,16.12367100000256,True,False,1,8,base,SERVE,n0/bundle,True,2,11.546091000013803
case-43,rollback,public-lock,1,root-only,main,True,False,35539,34834,0,0,4.387371999996503,False,False,4,8,partition-young,ROLLBACK,n0/bundle,False,0,0.6604959999663151
case-43,rollback,public-lock,1,root-only,main,False,False,35543,34835,0,0,4.34390599997414,False,False,14,8,partition-expired,ROLLBACK,n0/bundle,False,0,0.6616379999968558
case-43,rollback,public-lock,1,root-only,main,False,False,35800,35092,3,0,15.12561600003437,False,False,27,8,recovered,REVOKED,n0/bundle,False,2,11.558890999992855
case-43,rollback,public-lock,1,root-only,probe,True,False,35796,35091,3,0,15.255221000018082,False,False,2,8,pin-before-rollback,REVOKED,n0/bundle,False,2,11.523927999974148
case-43,rollback,public-lock,1,all-namespaces,main,True,False,52238,44364,62,0,35.643919999984064,True,False,1,74,base,SERVE,n0/bundle,True,2,15.004793999992216
case-43,rollback,public-lock,1,all-namespaces,main,True,False,46909,44364,0,10,13.242337999997744,False,False,4,34,partition-young,ROLLBACK,n0/bundle,False,0,0.6555279999815866
case-43,rollback,public-lock,1,all-namespaces,main,False,False,46917,44366,0,10,13.032371000008425,False,False,14,34,partition-expired,ROLLBACK,n0/bundle,False,0,0.6428190000065115
case-43,rollback,public-lock,1,all-namespaces,main,False,False,52543,44633,3,0,34.67468899998494,False,False,27,74,recovered,REVOKED,n0/bundle,False,2,14.98028699995757
case-43,rollback,public-lock,1,all-namespaces,probe,True,False,52495,44621,3,0,34.864083999991635,False,False,2,74,pin-before-rollback,REVOKED,n0/bundle,False,2,14.969000000007782
case-43,rollback,public-lock,1,scoped,main,True,False,39179,34834,62,0,19.627270999990287,True,False,1,18,base,SERVE,n0/bundle,True,2,11.578400000018974
case-43,rollback,public-lock,1,scoped,main,True,False,38644,34834,0,1,7.1796000000290405,False,False,4,14,partition-young,ROLLBACK,n0/bundle,False,0,0.6622280000101455
case-43,rollback,public-lock,1,scoped,main,False,False,38648,34835,0,1,7.056133999981284,False,False,14,14,partition-expired,ROLLBACK,n0/bundle,False,0,0.6492679999610118
case-43,rollback,public-lock,1,scoped,main,False,False,39444,35093,3,0,18.68568200001164,False,False,27,18,recovered,REVOKED,n0/bundle,False,2,11.543697999968572
case-43,rollback,public-lock,1,scoped,probe,True,False,39436,35091,3,0,18.76761500000157,False,False,2,18,pin-before-rollback,REVOKED,n0/bundle,False,2,11.526521000007506
case-43,rollback,public-lock,1,status-proof,main,True,False,18280,15292,62,0,4.368825000028664,True,False,1,6,base,SERVE,n0/bundle,True,2,0.45098999999027
case-43,rollback,public-lock,1,status-proof,main,True,False,1887,15293,62,1,2.313396999966244,False,False,4,4,partition-young,INVALID_OR_MISSING_STATUS,n0/bundle,False,2,0.3499179999835178
case-43,rollback,public-lock,1,status-proof,main,False,False,1889,15294,0,1,2.142268999989483,False,False,14,4,partition-expired,EXPIRED,n0/bundle,False,0,0.2755760000354712
case-43,rollback,public-lock,1,status-proof,main,False,False,18285,15295,62,0,3.272972999980084,False,False,27,6,recovered,INVALID_OR_MISSING_STATUS,n0/bundle,False,2,0.33439399999224406
case-43,rollback,public-lock,1,status-proof,probe,True,False,18281,15293,62,0,3.476680000005672,False,False,2,6,pin-before-rollback,INVALID_OR_MISSING_STATUS,n0/bundle,False,2,0.33312199997226344
case-44,rollback,public-lock,3,lww,main,True,False,36778,36724,0,0,3.1933619999904295,True,False,1,2,base,SERVE,n0/bundle,True,0,0.012749000006806455
case-44,rollback,public-lock,3,lww,main,True,False,36778,36724,0,0,2.7316270000028453,False,True,4,2,partition-young,SERVE,n0/bundle,True,0,0.012438999988262367
case-44,rollback,public-lock,3,lww,main,False,True,36778,36724,0,0,2.4917449999861674,False,True,14,2,partition-expired,SERVE,n0/bundle,True,0,0.011898000025212241
case-44,rollback,public-lock,3,lww,main,False,True,37033,36979,0,0,2.4644039999657252,False,True,27,2,recovered,SERVE,n0/bundle,True,0,0.012478999963150272
case-44,rollback,public-lock,3,lww,probe,True,False,37033,36979,0,0,2.713438999990103,False,True,2,2,pin-before-rollback,SERVE,n0/bundle,True,0,0.012428000047748355
case-44,rollback,public-lock,3,signed-index,main,True,False,36778,36724,0,0,3.2288959999959843,True,False,1,2,base,SERVE,n0/bundle,True,0,0.012899000012112083
case-44,rollback,public-lock,3,signed-index,main,True,False,36778,36724,0,0,2.7943410000261792,False,True,4,2,partition-young,SERVE,n0/bundle,True,0,0.012399000013374462
case-44,rollback,public-lock,3,signed-index,main,False,True,36778,36724,0,0,2.7423629999816512,False,True,14,2,partition-expired,SERVE,n0/bundle,True,0,0.012728999990940792
case-44,rollback,public-lock,3,signed-index,main,False,True,37033,36979,0,0,2.491425000016534,False,True,27,2,recovered,SERVE,n0/bundle,True,0,0.012940000033268007
case-44,rollback,public-lock,3,signed-index,probe,True,False,37033,36979,0,0,2.7822440000022652,False,True,2,2,pin-before-rollback,SERVE,n0/bundle,True,0,0.013501000012183795
case-44,rollback,public-lock,3,transparency-only,main,True,False,36778,36724,0,0,3.226233000020784,True,False,1,2,base,SERVE,n0/bundle,True,0,0.025528000037411402
case-44,rollback,public-lock,3,transparency-only,main,True,False,36778,36724,0,0,2.9627349999827857,False,True,4,2,partition-young,SERVE,n0/bundle,True,0,0.029343999983666436
case-44,rollback,public-lock,3,transparency-only,main,False,True,36778,36724,0,0,2.558286000009957,False,True,14,2,partition-expired,SERVE,n0/bundle,True,0,0.025538000045344234
case-44,rollback,public-lock,3,transparency-only,main,False,True,37033,36979,0,0,2.516471999967962,False,True,27,2,recovered,SERVE,n0/bundle,True,0,0.026439999999183783
case-44,rollback,public-lock,3,transparency-only,probe,True,False,37033,36979,0,0,2.730055000029097,False,True,2,2,pin-before-rollback,SERVE,n0/bundle,True,0,0.02692100002832376
case-44,rollback,public-lock,3,root-only,main,True,False,37431,36724,62,0,17.19840999999178,True,False,1,8,base,SERVE,n0/bundle,True,4,12.563784999997551
case-44,rollback,public-lock,3,root-only,main,True,False,37431,36724,0,0,4.449615999988055,False,False,4,8,partition-young,ROLLBACK,n0/bundle,False,0,0.674717000038072
case-44,rollback,public-lock,3,root-only,main,False,False,37435,36725,0,0,4.512110000007397,False,False,14,8,partition-expired,ROLLBACK,n0/bundle,False,0,0.6516920000194659
case-44,rollback,public-lock,3,root-only,main,False,False,37690,36980,25,0,15.929728000003252,False,False,27,8,recovered,REVOKED,n0/bundle,False,4,12.270392000004904
case-44,rollback,public-lock,3,root-only,probe,True,False,37686,36979,25,0,16.09886300002472,False,False,2,8,pin-before-rollback,REVOKED,n0/bundle,False,4,12.261018000003787
case-44,rollback,public-lock,3,all-namespaces,main,True,False,52256,44352,62,0,35.943610999993325,True,False,1,74,base,SERVE,n0/bundle,True,4,14.932975000021997
case-44,rollback,public-lock,3,all-namespaces,main,True,False,46921,44352,0,10,13.216087999978754,False,False,4,34,partition-young,ROLLBACK,n0/bundle,False,0,0.6431290000250556
case-44,rollback,public-lock,3,all-namespaces,main,False,False,46929,44354,0,10,13.022857000009935,False,False,14,34,partition-expired,ROLLBACK,n0/bundle,False,0,0.6503010000074028
case-44,rollback,public-lock,3,all-namespaces,main,False,False,52559,44619,25,0,34.90924299995868,False,False,27,74,recovered,REVOKED,n0/bundle,False,4,14.989350999996987
case-44,rollback,public-lock,3,all-namespaces,probe,True,False,52511,44607,25,0,35.07431100001668,False,False,2,74,pin-before-rollback,REVOKED,n0/bundle,False,4,14.939295000033326
case-44,rollback,public-lock,3,scoped,main,True,False,42405,36724,62,0,23.31706199998962,True,False,1,30,base,SERVE,n0/bundle,True,4,12.245425000003252
case-44,rollback,public-lock,3,scoped,main,True,False,40800,36724,0,3,8.739571999967666,False,False,4,18,partition-young,ROLLBACK,n0/bundle,False,0,0.6603649999874506
case-44,rollback,public-lock,3,scoped,main,False,False,40804,36725,0,3,8.660232000011092,False,False,14,18,partition-expired,ROLLBACK,n0/bundle,False,0,0.6398649999823647
case-44,rollback,public-lock,3,scoped,main,False,False,42676,36983,25,0,22.499447000029704,False,False,27,30,recovered,REVOKED,n0/bundle,False,4,12.35902499996655
case-44,rollback,public-lock,3,scoped,probe,True,False,42660,36979,25,0,22.404095000013058,False,False,2,30,pin-before-rollback,REVOKED,n0/bundle,False,4,12.251554999977543
case-44,rollback,public-lock,3,status-proof,main,True,False,18692,15618,62,0,4.997861999981978,True,False,1,10,base,SERVE,n0/bundle,True,4,0.6335250000120141
case-44,rollback,public-lock,3,status-proof,main,True,False,1897,15619,42,3,2.491163999991386,False,False,4,4,partition-young,INVALID_OR_MISSING_STATUS,n0/bundle,False,4,0.538561999974263
case-44,rollback,public-lock,3,status-proof,main,False,False,1899,15620,0,3,2.2041219999664463,False,False,14,4,partition-expired,EXPIRED,n0/bundle,False,0,0.22028099999715778
case-44,rollback,public-lock,3,status-proof,main,False,False,18701,15623,42,0,3.9129470000034416,False,False,27,10,recovered,INVALID_OR_MISSING_STATUS,n0/bundle,False,4,0.5143849999740269
case-44,rollback,public-lock,3,status-proof,probe,True,False,18693,15619,42,0,4.002171999957227,False,False,2,10,pin-before-rollback,INVALID_OR_MISSING_STATUS,n0/bundle,False,4,0.49345400003630857
case-45,rollback,public-lock,6,lww,main,True,False,39613,39559,0,0,3.311420000045473,True,False,1,2,base,SERVE,n0/bundle,True,0,0.014100999976562889
case-45,rollback,public-lock,6,lww,main,True,False,39613,39559,0,0,2.9639570000199456,False,True,4,2,partition-young,SERVE,n0/bundle,True,0,0.014381000028151902
case-45,rollback,public-lock,6,lww,main,False,True,39613,39559,0,0,2.5508939999667746,False,True,14,2,partition-expired,SERVE,n0/bundle,True,0,0.012850000018715946
case-45,rollback,public-lock,6,lww,main,False,True,39875,39821,0,0,2.4786050000216164,False,True,27,2,recovered,SERVE,n0/bundle,True,0,0.013910000006944756
case-45,rollback,public-lock,6,lww,probe,True,False,39875,39821,0,0,2.841802999967058,False,True,2,2,pin-before-rollback,SERVE,n0/bundle,True,0,0.013851000005615788
case-45,rollback,public-lock,6,signed-index,main,True,False,39613,39559,0,0,3.2900679999556814,True,False,1,2,base,SERVE,n0/bundle,True,0,0.014151000016227044
case-45,rollback,public-lock,6,signed-index,main,True,False,39613,39559,0,0,2.8239849999636135,False,True,4,2,partition-young,SERVE,n0/bundle,True,0,0.013080000030640804
case-45,rollback,public-lock,6,signed-index,main,False,True,39613,39559,0,0,2.532997000002979,False,True,14,2,partition-expired,SERVE,n0/bundle,True,0,0.013459999991027871
case-45,rollback,public-lock,6,signed-index,main,False,True,39875,39821,0,0,2.4245239999913792,False,True,27,2,recovered,SERVE,n0/bundle,True,0,0.014432000000397238
case-45,rollback,public-lock,6,signed-index,probe,True,False,39875,39821,0,0,2.8002000000242333,False,True,2,2,pin-before-rollback,SERVE,n0/bundle,True,0,0.014641999996456434
case-45,rollback,public-lock,6,transparency-only,main,True,False,39613,39559,0,0,3.3793430000059743,True,False,1,2,base,SERVE,n0/bundle,True,0,0.02758199997288102
case-45,rollback,public-lock,6,transparency-only,main,True,False,39613,39559,0,0,2.7882520000162003,False,True,4,2,partition-young,SERVE,n0/bundle,True,0,0.02707099997678597
case-45,rollback,public-lock,6,transparency-only,main,False,True,39613,39559,0,0,2.5599180000313027,False,True,14,2,partition-expired,SERVE,n0/bundle,True,0,0.026919999982055742
case-45,rollback,public-lock,6,transparency-only,main,False,True,39875,39821,0,0,2.494579000028807,False,True,27,2,recovered,SERVE,n0/bundle,True,0,0.02758200002972444
case-45,rollback,public-lock,6,transparency-only,probe,True,False,39875,39821,0,0,2.8525390000027073,False,True,2,2,pin-before-rollback,SERVE,n0/bundle,True,0,0.026839999975436513
case-45,rollback,public-lock,6,root-only,main,True,False,40269,39559,62,0,18.06411300003674,True,False,1,8,base,SERVE,n0/bundle,True,7,13.315567000006467
case-45,rollback,public-lock,6,root-only,main,True,False,40269,39559,0,0,4.534323000029872,False,False,4,8,partition-young,ROLLBACK,n0/bundle,False,0,0.6566399999883288
case-45,rollback,public-lock,6,root-only,main,False,False,40273,39560,0,0,4.438428000014483,False,False,14,8,partition-expired,ROLLBACK,n0/bundle,False,0,0.6484069999714848
case-45,rollback,public-lock,6,root-only,main,False,False,40535,39822,42,0,17.05266900000879,False,False,27,8,recovered,REVOKED,n0/bundle,False,7,13.306704000001446
case-45,rollback,public-lock,6,root-only,probe,True,False,40531,39821,42,0,17.27323099999012,False,False,2,8,pin-before-rollback,REVOKED,n0/bundle,False,7,13.350860999992165
case-45,rollback,public-lock,6,all-namespaces,main,True,False,52283,44334,62,0,35.972783000033814,True,False,1,74,base,SERVE,n0/bundle,True,7,15.080065999995895
case-45,rollback,public-lock,6,all-namespaces,main,True,False,46942,44334,0,10,13.385252999967179,False,False,4,34,partition-young,ROLLBACK,n0/bundle,False,0,0.6553979999921467
case-45,rollback,public-lock,6,all-namespaces,main,False,False,46950,44336,0,10,13.20468000000119,False,False,14,34,partition-expired,ROLLBACK,n0/bundle,False,0,0.6444310000119913
case-45,rollback,public-lock,6,all-namespaces,main,False,False,52593,44608,42,0,35.01534899999115,False,False,27,74,recovered,REVOKED,n0/bundle,False,7,15.09791299997687
case-45,rollback,public-lock,6,all-namespaces,probe,True,False,52545,44596,42,0,34.98312099998202,False,False,2,74,pin-before-rollback,REVOKED,n0/bundle,False,7,15.060846999972455
case-45,rollback,public-lock,6,scoped,main,True,False,47259,39559,62,0,28.92614299997831,True,False,1,48,base,SERVE,n0/bundle,True,7,13.410630999999285
case-45,rollback,public-lock,6,scoped,main,True,False,44584,39559,0,5,11.701365000021724,False,False,4,28,partition-young,ROLLBACK,n0/bundle,False,0,0.6416269999931501
case-45,rollback,public-lock,6,scoped,main,False,False,44592,39561,0,5,11.477046000038627,False,False,14,28,partition-expired,ROLLBACK,n0/bundle,False,0,0.6474350000189588
case-45,rollback,public-lock,6,scoped,main,False,False,47549,39828,42,0,27.854948000026525,False,False,27,48,recovered,REVOKED,n0/bundle,False,7,13.266393000037624
case-45,rollback,public-lock,6,scoped,probe,True,False,47521,39821,42,0,28.621552999993582,False,False,2,48,pin-before-rollback,REVOKED,n0/bundle,False,7,13.29955199997812
case-45,rollback,public-lock,6,status-proof,main,True,False,19310,16107,62,0,6.2542750000034175,True,False,1,16,base,SERVE,n0/bundle,True,7,0.8703109999714798
case-45,rollback,public-lock,6,status-proof,main,True,False,4674,16108,32,5,3.109145999985685,False,False,4,6,partition-young,INVALID_OR_MISSING_STATUS,n0/bundle,False,7,0.7452730000068186
case-45,rollback,public-lock,6,status-proof,main,False,False,4678,16110,0,5,2.5472689999901377,False,False,14,6,partition-expired,EXPIRED,n0/bundle,False,0,0.2182189999757611
case-45,rollback,public-lock,6,status-proof,main,False,False,19325,16115,32,0,5.124743000010312,False,False,27,16,recovered,INVALID_OR_MISSING_STATUS,n0/bundle,False,7,0.7525540000301589
case-45,rollback,public-lock,6,status-proof,probe,True,False,19311,16108,32,0,5.28435400002536,False,False,2,16,pin-before-rollback,INVALID_OR_MISSING_STATUS,n0/bundle,False,7,0.735157999997682
case-46,rollback,generated,1,lww,main,True,False,65982,65928,0,0,7.263306000027114,True,False,1,2,base,SERVE,n0/bundle,True,0,0.019589999965319294
case-46,rollback,generated,1,lww,main,True,False,65982,65928,0,0,6.2907899999800065,False,True,4,2,partition-young,SERVE,n0/bundle,True,0,0.018988000022091
case-46,rollback,generated,1,lww,main,False,True,65982,65928,0,0,6.531392999988839,False,True,14,2,partition-expired,SERVE,n0/bundle,True,0,0.018688000011479744
case-46,rollback,generated,1,lww,main,False,True,66235,66181,0,0,6.478562999973292,False,True,27,2,recovered,SERVE,n0/bundle,True,0,0.01955999999836422
case-46,rollback,generated,1,lww,probe,True,False,66235,66181,0,0,6.511812999974609,False,True,2,2,pin-before-rollback,SERVE,n0/bundle,True,0,0.018558000022039778
case-46,rollback,generated,1,signed-index,main,True,False,65982,65928,0,0,7.266511000011633,True,False,1,2,base,SERVE,n0/bundle,True,0,0.019539999982498557
case-46,rollback,generated,1,signed-index,main,True,False,65982,65928,0,0,6.407717000001867,False,True,4,2,partition-young,SERVE,n0/bundle,True,0,0.020179999978608976
case-46,rollback,generated,1,signed-index,main,False,True,65982,65928,0,0,6.551883999975416,False,True,14,2,partition-expired,SERVE,n0/bundle,True,0,0.020179999978608976
case-46,rollback,generated,1,signed-index,main,False,True,66235,66181,0,0,6.562259000020276,False,True,27,2,recovered,SERVE,n0/bundle,True,0,0.018767999961255555
case-46,rollback,generated,1,signed-index,probe,True,False,66235,66181,0,0,6.704302999992251,False,True,2,2,pin-before-rollback,SERVE,n0/bundle,True,0,0.02098200002365047
case-46,rollback,generated,1,transparency-only,main,True,False,65982,65928,0,0,7.274222000035024,True,False,1,2,base,SERVE,n0/bundle,True,0,0.03995000002987581
case-46,rollback,generated,1,transparency-only,main,True,False,65982,65928,0,0,6.384001000014905,False,True,4,2,partition-young,SERVE,n0/bundle,True,0,0.039638999965063704
case-46,rollback,generated,1,transparency-only,main,False,True,65982,65928,0,0,6.58931000003804,False,True,14,2,partition-expired,SERVE,n0/bundle,True,0,0.03968999999415246
case-46,rollback,generated,1,transparency-only,main,False,True,66235,66181,0,0,6.528417999959402,False,True,27,2,recovered,SERVE,n0/bundle,True,0,0.042954999969424534
case-46,rollback,generated,1,transparency-only,probe,True,False,66235,66181,0,0,6.412864000026275,False,True,2,2,pin-before-rollback,SERVE,n0/bundle,True,0,0.04793200002950471
case-46,rollback,generated,1,root-only,main,True,False,66634,65928,130,0,32.24012600003334,True,False,1,8,base,SERVE,n0/bundle,True,2,23.258140999985244
case-46,rollback,generated,1,root-only,main,True,False,66634,65928,0,0,7.46792400002505,False,False,4,8,partition-young,ROLLBACK,n0/bundle,False,0,0.9089000000130909
case-46,rollback,generated,1,root-only,main,False,False,66638,65929,0,0,7.385469999974248,False,False,14,8,partition-expired,ROLLBACK,n0/bundle,False,0,0.6527040000037232
case-46,rollback,generated,1,root-only,main,False,False,66891,66182,115,0,29.86463700000286,False,False,27,8,recovered,REVOKED,n0/bundle,False,2,23.225331000048755
case-46,rollback,generated,1,root-only,probe,True,False,66887,66181,115,0,29.719607999993514,False,False,2,8,pin-before-rollback,REVOKED,n0/bundle,False,2,23.222887000031278
case-46,rollback,generated,1,all-namespaces,main,True,False,83347,75458,130,0,55.37281800002347,True,False,1,74,base,SERVE,n0/bundle,True,2,26.843383999960224
case-46,rollback,generated,1,all-namespaces,main,True,False,78015,75458,0,10,19.475520000014512,False,False,4,34,partition-young,ROLLBACK,n0/bundle,False,0,0.6703300000481249
case-46,rollback,generated,1,all-namespaces,main,False,False,78023,75460,0,10,19.611244000032002,False,False,14,34,partition-expired,ROLLBACK,n0/bundle,False,0,0.6729439999730857
case-46,rollback,generated,1,all-namespaces,main,False,False,83648,75723,115,0,52.84555899999077,False,False,27,74,recovered,REVOKED,n0/bundle,False,2,26.556091000031756
case-46,rollback,generated,1,all-namespaces,probe,True,False,83600,75711,115,0,53.11942200000885,False,False,2,74,pin-before-rollback,REVOKED,n0/bundle,False,2,26.85786500001086
case-46,rollback,generated,1,scoped,main,True,False,71064,65928,130,0,37.29787899999337,True,False,1,18,base,SERVE,n0/bundle,True,2,23.339282999984334
case-46,rollback,generated,1,scoped,main,True,False,70526,65928,0,1,11.639170000023569,False,False,4,14,partition-young,ROLLBACK,n0/bundle,False,0,0.7000049999987823
case-46,rollback,generated,1,scoped,main,False,False,70530,65929,0,1,11.586311000030491,False,False,14,14,partition-expired,ROLLBACK,n0/bundle,False,0,0.6526639999719919
case-46,rollback,generated,1,scoped,main,False,False,71325,66183,115,0,34.9676569999815,False,False,27,18,recovered,REVOKED,n0/bundle,False,2,23.25595700000349
case-46,rollback,generated,1,scoped,probe,True,False,71317,66181,115,0,34.77773000003026,False,False,2,18,pin-before-rollback,REVOKED,n0/bundle,False,2,23.351359999992383
case-46,rollback,generated,1,status-proof,main,True,False,29305,25531,130,0,9.79440000003251,True,False,1,6,base,SERVE,n0/bundle,True,2,0.6618570000114232
case-46,rollback,generated,1,status-proof,main,True,False,2269,25532,11,1,4.256515000008676,False,False,4,4,partition-young,INVALID_OR_MISSING_STATUS,n0/bundle,False,2,0.4100579999999354
case-46,rollback,generated,1,status-proof,main,False,False,2271,25533,0,1,4.334382000024561,False,False,14,4,partition-expired,EXPIRED,n0/bundle,False,0,0.3440790000013294
case-46,rollback,generated,1,status-proof,main,False,False,29310,25534,11,0,7.218337999972846,False,False,27,6,recovered,INVALID_OR_MISSING_STATUS,n0/bundle,False,2,0.4049199999940356
case-46,rollback,generated,1,status-proof,probe,True,False,29306,25532,11,0,7.086509000032493,False,False,2,6,pin-before-rollback,INVALID_OR_MISSING_STATUS,n0/bundle,False,2,0.4138929999726315
case-47,rollback,generated,3,lww,main,True,False,67839,67785,0,0,7.191217000013239,True,False,1,2,base,SERVE,n0/bundle,True,0,0.01956900001687245
case-47,rollback,generated,3,lww,main,True,False,67839,67785,0,0,6.516169999997601,False,True,4,2,partition-young,SERVE,n0/bundle,True,0,0.019209000015507627
case-47,rollback,generated,3,lww,main,False,True,67839,67785,0,0,6.872075999979188,False,True,14,2,partition-expired,SERVE,n0/bundle,True,0,0.01899800003002383
case-47,rollback,generated,3,lww,main,False,True,68091,68037,0,0,6.783081999969909,False,True,27,2,recovered,SERVE,n0/bundle,True,0,0.019699999995737016
case-47,rollback,generated,3,lww,probe,True,False,68091,68037,0,0,6.489038999973218,False,True,2,2,pin-before-rollback,SERVE,n0/bundle,True,0,0.019538999993073958
case-47,rollback,generated,3,signed-index,main,True,False,67839,67785,0,0,7.309325000051103,True,False,1,2,base,SERVE,n0/bundle,True,0,0.019699999995737016
case-47,rollback,generated,3,signed-index,main,True,False,67839,67785,0,0,6.587257000035152,False,True,4,2,partition-young,SERVE,n0/bundle,True,0,0.019598999983827525
case-47,rollback,generated,3,signed-index,main,False,True,67839,67785,0,0,6.903803999989577,False,True,14,2,partition-expired,SERVE,n0/bundle,True,0,0.019538999993073958
case-47,rollback,generated,3,signed-index,main,False,True,68091,68037,0,0,6.874680000009903,False,True,27,2,recovered,SERVE,n0/bundle,True,0,0.02003999998123618
case-47,rollback,generated,3,signed-index,probe,True,False,68091,68037,0,0,9.579525999981797,False,True,2,2,pin-before-rollback,SERVE,n0/bundle,True,0,0.024967000001652195
case-47,rollback,generated,3,transparency-only,main,True,False,67839,67785,0,0,7.3267519999831165,True,False,1,2,base,SERVE,n0/bundle,True,0,0.04193300003407785
case-47,rollback,generated,3,transparency-only,main,True,False,67839,67785,0,0,6.595830999970076,False,True,4,2,partition-young,SERVE,n0/bundle,True,0,0.04148199997189295
case-47,rollback,generated,3,transparency-only,main,False,True,67839,67785,0,0,6.901029999994535,False,True,14,2,partition-expired,SERVE,n0/bundle,True,0,0.041131999978460954
case-47,rollback,generated,3,transparency-only,main,False,True,68091,68037,0,0,6.830003999994005,False,True,27,2,recovered,SERVE,n0/bundle,True,0,0.04116200000225945
case-47,rollback,generated,3,transparency-only,probe,True,False,68091,68037,0,0,6.539916999997786,False,True,2,2,pin-before-rollback,SERVE,n0/bundle,True,0,0.04019099998231468
case-47,rollback,generated,3,root-only,main,True,False,68492,67785,130,0,33.422432999998364,True,False,1,8,base,SERVE,n0/bundle,True,4,24.39801200000602
case-47,rollback,generated,3,root-only,main,True,False,68492,67785,0,0,7.3049400000400055,False,False,4,8,partition-young,ROLLBACK,n0/bundle,False,0,0.643069000034302
case-47,rollback,generated,3,root-only,main,False,False,68496,67786,0,0,7.569148000015957,False,False,14,8,partition-expired,ROLLBACK,n0/bundle,False,0,0.6680469999764682
case-47,rollback,generated,3,root-only,main,False,False,68748,68038,129,0,30.808412999988377,False,False,27,8,recovered,REVOKED,n0/bundle,False,4,23.991749000003892
case-47,rollback,generated,3,root-only,probe,True,False,68744,68037,129,0,30.6152819999852,False,False,2,8,pin-before-rollback,REVOKED,n0/bundle,False,4,23.99408299999095
case-47,rollback,generated,3,all-namespaces,main,True,False,83317,75413,130,0,55.269840999983444,True,False,1,74,base,SERVE,n0/bundle,True,4,26.683235000007244
case-47,rollback,generated,3,all-namespaces,main,True,False,77982,75413,0,10,19.362763000003724,False,False,4,34,partition-young,ROLLBACK,n0/bundle,False,0,0.6693889999951352
case-47,rollback,generated,3,all-namespaces,main,False,False,77990,75415,0,10,19.792950999999448,False,False,14,34,partition-expired,ROLLBACK,n0/bundle,False,0,0.8813489999965896
case-47,rollback,generated,3,all-namespaces,main,False,False,83617,75677,129,0,53.46820500000149,False,False,27,74,recovered,REVOKED,n0/bundle,False,4,26.590266000027896
case-47,rollback,generated,3,all-namespaces,probe,True,False,83569,75665,129,0,53.0904249999935,False,False,2,74,pin-before-rollback,REVOKED,n0/bundle,False,4,26.582624000013766
case-47,rollback,generated,3,scoped,main,True,False,74252,67785,130,0,41.57210500000019,True,False,1,30,base,SERVE,n0/bundle,True,4,24.022614999978487
case-47,rollback,generated,3,scoped,main,True,False,72647,67785,0,3,14.154652999991413,False,False,4,18,partition-young,ROLLBACK,n0/bundle,False,0,0.6448819999604893
case-47,rollback,generated,3,scoped,main,False,False,72651,67786,0,3,14.690671000039401,False,False,14,18,partition-expired,ROLLBACK,n0/bundle,False,0,0.6665340000040487
case-47,rollback,generated,3,scoped,main,False,False,74520,68041,129,0,39.12687000001824,False,False,27,30,recovered,REVOKED,n0/bundle,False,4,23.88619000004155
case-47,rollback,generated,3,scoped,probe,True,False,74504,68037,129,0,39.08395600001313,False,False,2,30,pin-before-rollback,REVOKED,n0/bundle,False,4,23.978579000015543
case-47,rollback,generated,3,status-proof,main,True,False,29716,25856,130,0,9.465395999995962,True,False,1,10,base,SERVE,n0/bundle,True,4,0.8512229999837473
case-47,rollback,generated,3,status-proof,main,True,False,2279,25857,11,3,4.512351000016679,False,False,4,4,partition-young,INVALID_OR_MISSING_STATUS,n0/bundle,False,4,0.5661929999973836
case-47,rollback,generated,3,status-proof,main,False,False,2281,25858,0,3,4.429485999992266,False,False,14,4,partition-expired,EXPIRED,n0/bundle,False,0,0.2441280000198276
case-47,rollback,generated,3,status-proof,main,False,False,29725,25861,11,0,6.95166700000982,False,False,27,10,recovered,INVALID_OR_MISSING_STATUS,n0/bundle,False,4,0.5628289999890512
case-47,rollback,generated,3,status-proof,probe,True,False,29717,25857,11,0,6.807169000012436,False,False,2,10,pin-before-rollback,INVALID_OR_MISSING_STATUS,n0/bundle,False,4,0.5797939999752089
case-48,rollback,generated,6,lww,main,True,False,70674,70620,0,0,8.153638000010233,True,False,1,2,base,SERVE,n0/bundle,True,0,0.029654000002210523
case-48,rollback,generated,6,lww,main,True,False,70674,70620,0,0,6.449540999994952,False,True,4,2,partition-young,SERVE,n0/bundle,True,0,0.01946899999438756
case-48,rollback,generated,6,lww,main,False,True,70674,70620,0,0,6.771987000036006,False,True,14,2,partition-expired,SERVE,n0/bundle,True,0,0.02006099998652644
case-48,rollback,generated,6,lww,main,False,True,70926,70872,0,0,6.822193000004972,False,True,27,2,recovered,SERVE,n0/bundle,True,0,0.020622000022285647
case-48,rollback,generated,6,lww,probe,True,False,70926,70872,0,0,6.7458870000223214,False,True,2,2,pin-before-rollback,SERVE,n0/bundle,True,0,0.022904000047674344
case-48,rollback,generated,6,signed-index,main,True,False,70674,70620,0,0,7.518641999979536,True,False,1,2,base,SERVE,n0/bundle,True,0,0.021000999993248115
case-48,rollback,generated,6,signed-index,main,True,False,70674,70620,0,0,6.546737000007852,False,True,4,2,partition-young,SERVE,n0/bundle,True,0,0.019800000018221908
case-48,rollback,generated,6,signed-index,main,False,True,70674,70620,0,0,6.868753000048855,False,True,14,2,partition-expired,SERVE,n0/bundle,True,0,0.022233000038340833
case-48,rollback,generated,6,signed-index,main,False,True,70926,70872,0,0,6.780528999968283,False,True,27,2,recovered,SERVE,n0/bundle,True,0,0.02046099996277917
case-48,rollback,generated,6,signed-index,probe,True,False,70926,70872,0,0,6.569021000018438,False,True,2,2,pin-before-rollback,SERVE,n0/bundle,True,0,0.0202900000090267
case-48,rollback,generated,6,transparency-only,main,True,False,70674,70620,0,0,7.503278000001501,True,False,1,2,base,SERVE,n0/bundle,True,0,0.04199400001425602
case-48,rollback,generated,6,transparency-only,main,True,False,70674,70620,0,0,6.559015999982876,False,True,4,2,partition-young,SERVE,n0/bundle,True,0,0.04218400005129297
case-48,rollback,generated,6,transparency-only,main,False,True,70674,70620,0,0,6.885517999990043,False,True,14,2,partition-expired,SERVE,n0/bundle,True,0,0.04154300000891453
case-48,rollback,generated,6,transparency-only,main,False,True,70926,70872,0,0,6.816894999985834,False,True,27,2,recovered,SERVE,n0/bundle,True,0,0.04187299998648086
case-48,rollback,generated,6,transparency-only,probe,True,False,70926,70872,0,0,6.677523999996993,False,True,2,2,pin-before-rollback,SERVE,n0/bundle,True,0,0.04119199996921452
case-48,rollback,generated,6,root-only,main,True,False,71330,70620,130,0,34.25159799996891,True,False,1,8,base,SERVE,n0/bundle,True,7,25.1203569999916
case-48,rollback,generated,6,root-only,main,True,False,71330,70620,0,0,7.326911999996355,False,False,4,8,partition-young,ROLLBACK,n0/bundle,False,0,0.6631389999824933
case-48,rollback,generated,6,root-only,main,False,False,71334,70621,0,0,7.618722000017897,False,False,14,8,partition-expired,ROLLBACK,n0/bundle,False,0,0.6509710000273117
case-48,rollback,generated,6,root-only,main,False,False,71586,70873,129,0,31.67145999998411,False,False,27,8,recovered,REVOKED,n0/bundle,False,7,24.90248800000927
case-48,rollback,generated,6,root-only,probe,True,False,71582,70872,129,0,31.584709000014755,False,False,2,8,pin-before-rollback,REVOKED,n0/bundle,False,7,24.886524999999438
case-48,rollback,generated,6,all-namespaces,main,True,False,83344,75395,130,0,55.47215799998639,True,False,1,74,base,SERVE,n0/bundle,True,7,26.61860500001012
case-48,rollback,generated,6,all-namespaces,main,True,False,78003,75395,0,10,19.437443000015264,False,False,4,34,partition-young,ROLLBACK,n0/bundle,False,0,0.669178999999076
case-48,rollback,generated,6,all-namespaces,main,False,False,78011,75397,0,10,19.61248700001761,False,False,14,34,partition-expired,ROLLBACK,n0/bundle,False,0,0.699123000003965
case-48,rollback,generated,6,all-namespaces,main,False,False,83644,75659,129,0,53.24348999999984,False,False,27,74,recovered,REVOKED,n0/bundle,False,7,26.948452999988604
case-48,rollback,generated,6,all-namespaces,probe,True,False,83596,75647,129,0,52.996226000004754,False,False,2,74,pin-before-rollback,REVOKED,n0/bundle,False,7,26.614459000029456
case-48,rollback,generated,6,scoped,main,True,False,79106,70620,130,0,48.0893619999847,True,False,1,48,base,SERVE,n0/bundle,True,7,24.99185299996043
case-48,rollback,generated,6,scoped,main,True,False,76431,70620,0,5,17.421744999978728,False,False,4,28,partition-young,ROLLBACK,n0/bundle,False,0,0.656558999992285
case-48,rollback,generated,6,scoped,main,False,False,76439,70622,0,5,17.852463999986412,False,False,14,28,partition-expired,ROLLBACK,n0/bundle,False,0,0.6559780000543469
case-48,rollback,generated,6,scoped,main,False,False,79386,70879,129,0,45.61446299999261,False,False,27,48,recovered,REVOKED,n0/bundle,False,7,24.90518299998712
case-48,rollback,generated,6,scoped,probe,True,False,79358,70872,129,0,45.48756100001583,False,False,2,48,pin-before-rollback,REVOKED,n0/bundle,False,7,24.964552999961143
case-48,rollback,generated,6,status-proof,main,True,False,30334,26345,130,0,10.517579999998361,True,False,1,16,base,SERVE,n0/bundle,True,7,1.0984250000092288
case-48,rollback,generated,6,status-proof,main,True,False,6851,26346,20,5,5.259667000018453,False,False,4,6,partition-young,INVALID_OR_MISSING_STATUS,n0/bundle,False,7,0.8124749999751657
case-48,rollback,generated,6,status-proof,main,False,False,6855,26348,0,5,4.842307999979312,False,False,14,6,partition-expired,EXPIRED,n0/bundle,False,0,0.2173369999809438
case-48,rollback,generated,6,status-proof,main,False,False,30349,26353,20,0,7.968217999973604,False,False,27,16,recovered,INVALID_OR_MISSING_STATUS,n0/bundle,False,7,0.8331959999736682
case-48,rollback,generated,6,status-proof,probe,True,False,30335,26346,20,0,7.8519929999743,False,False,2,16,pin-before-rollback,INVALID_OR_MISSING_STATUS,n0/bundle,False,7,0.842329000022346
