case,scenario,family,span,policy,kind,bounded_truth,bounded_violation,bytes,certificate_bytes,closure_count,drops,elapsed_ms,immediate_truth,immediate_violation,logical_time,messages,phase,reason,root,serve,support_count,verify_ms
case-01,partition,public-lock,1,lww,main,True,False,34888,34834,0,0,4.502675000026102,True,False,1,2,base,SERVE,n0/bundle,True,0,0.018778000026031805
case-01,partition,public-lock,1,lww,main,True,False,34888,34834,0,0,4.44685100001152,True,False,4,2,partition-young,SERVE,n0/bundle,True,0,0.01673499991738936
case-01,partition,public-lock,1,lww,main,True,False,34888,34834,0,0,4.4343119999439295,True,False,14,2,partition-expired,SERVE,n0/bundle,True,0,0.014221000014913443
case-01,partition,public-lock,1,lww,main,True,False,34888,34834,0,0,5.961730999956671,True,False,27,2,recovered,SERVE,n0/bundle,True,0,0.03970000000208529
case-01,partition,public-lock,1,signed-index,main,True,False,34888,34834,0,0,5.064531000016359,True,False,1,2,base,SERVE,n0/bundle,True,0,0.018188000012742123
case-01,partition,public-lock,1,signed-index,main,True,False,34888,34834,0,0,5.530320999923788,True,False,4,2,partition-young,SERVE,n0/bundle,True,0,0.01527300003090204
case-01,partition,public-lock,1,signed-index,main,True,False,34888,34834,0,0,7.086574000027213,True,False,14,2,partition-expired,SERVE,n0/bundle,True,0,0.1502059999438643
case-01,partition,public-lock,1,signed-index,main,True,False,34888,34834,0,0,4.707253000105993,True,False,27,2,recovered,SERVE,n0/bundle,True,0,0.018457999999554886
case-01,partition,public-lock,1,transparency-only,main,True,False,34888,34834,0,0,4.75143999994998,True,False,1,2,base,SERVE,n0/bundle,True,0,0.03885799992531247
case-01,partition,public-lock,1,transparency-only,main,True,False,34888,34834,0,0,4.245046999926672,True,False,4,2,partition-young,SERVE,n0/bundle,True,0,0.15945999996347382
case-01,partition,public-lock,1,transparency-only,main,True,False,34888,34834,0,0,4.651608999893142,True,False,14,2,partition-expired,SERVE,n0/bundle,True,0,0.06641000004492525
case-01,partition,public-lock,1,transparency-only,main,True,False,34888,34834,0,0,5.427746999998817,True,False,27,2,recovered,SERVE,n0/bundle,True,0,0.034302000017305545
case-01,partition,public-lock,1,root-only,main,True,False,35539,34834,62,0,34.238490000007005,True,False,1,8,base,SERVE,n0/bundle,True,2,23.426260000064758
case-01,partition,public-lock,1,root-only,main,True,False,35539,34834,62,0,36.69707500000641,True,False,4,8,partition-young,SERVE,n0/bundle,True,2,30.834093000066787
case-01,partition,public-lock,1,root-only,main,True,False,35543,34835,62,0,29.98252700001558,True,False,14,8,partition-expired,SERVE,n0/bundle,True,2,22.171533000005184
case-01,partition,public-lock,1,root-only,main,True,False,35543,34835,62,0,30.30281799999557,True,False,27,8,recovered,SERVE,n0/bundle,True,2,22.916403999943213
case-01,partition,public-lock,1,all-namespaces,main,True,False,52238,44364,62,0,52.781543000037345,True,False,1,74,base,SERVE,n0/bundle,True,2,29.00980200001868
case-01,partition,public-lock,1,all-namespaces,main,True,False,51171,44364,62,2,48.848084000042036,True,False,4,66,partition-young,SERVE,n0/bundle,True,2,26.89918700002636
case-01,partition,public-lock,1,all-namespaces,main,True,False,51211,44374,62,2,51.22294700004204,True,False,14,66,partition-expired,EXPIRED,n0/bundle,False,2,28.891284000110318
case-01,partition,public-lock,1,all-namespaces,main,True,False,52286,44376,62,0,52.312436999955025,True,False,27,74,recovered,SERVE,n0/bundle,True,2,28.027564000012717
case-01,partition,public-lock,1,scoped,main,True,False,39179,34834,62,0,30.171050000035393,True,False,1,18,base,SERVE,n0/bundle,True,2,20.5160310000565
case-01,partition,public-lock,1,scoped,main,True,False,39179,34834,62,0,31.934022999962508,True,False,4,18,partition-young,SERVE,n0/bundle,True,2,21.89137099992422
case-01,partition,public-lock,1,scoped,main,True,False,39187,34836,62,0,31.518978000008246,True,False,14,18,partition-expired,SERVE,n0/bundle,True,2,20.814651000023332
case-01,partition,public-lock,1,scoped,main,True,False,39187,34836,62,0,30.80100800002583,True,False,27,18,recovered,SERVE,n0/bundle,True,2,20.307768000066062
case-01,partition,public-lock,1,status-proof,main,True,False,18280,15292,62,0,6.145617000015591,True,False,1,6,base,SERVE,n0/bundle,True,2,0.7018759999937174
case-01,partition,public-lock,1,status-proof,main,True,False,18280,15292,62,0,6.532979999974486,True,False,4,6,partition-young,SERVE,n0/bundle,True,2,0.7045400000151858
case-01,partition,public-lock,1,status-proof,main,True,False,18284,15294,62,0,6.216113000050427,True,False,14,6,partition-expired,SERVE,n0/bundle,True,2,0.6507990000272912
case-01,partition,public-lock,1,status-proof,main,True,False,18284,15294,62,0,7.067313999982616,True,False,27,6,recovered,SERVE,n0/bundle,True,2,0.6559070000093925
case-02,partition,public-lock,3,lww,main,True,False,36778,36724,0,0,4.382875000032982,True,False,1,2,base,SERVE,n0/bundle,True,0,0.017185999922730844
case-02,partition,public-lock,3,lww,main,True,False,36778,36724,0,0,4.670898000085799,True,False,4,2,partition-young,SERVE,n0/bundle,True,0,0.014652000004389265
case-02,partition,public-lock,3,lww,main,True,False,36778,36724,0,0,4.6325509999860515,True,False,14,2,partition-expired,SERVE,n0/bundle,True,0,0.021412000023701694
case-02,partition,public-lock,3,lww,main,True,False,36778,36724,0,0,4.540242999951261,True,False,27,2,recovered,SERVE,n0/bundle,True,0,0.01584400001775066
case-02,partition,public-lock,3,signed-index,main,True,False,36778,36724,0,0,4.651439000099344,True,False,1,2,base,SERVE,n0/bundle,True,0,0.017036000031112053
case-02,partition,public-lock,3,signed-index,main,True,False,36778,36724,0,0,4.235432999962541,True,False,4,2,partition-young,SERVE,n0/bundle,True,0,0.014491999991150806
case-02,partition,public-lock,3,signed-index,main,True,False,36778,36724,0,0,4.487042000050678,True,False,14,2,partition-expired,SERVE,n0/bundle,True,0,0.013811000030727882
case-02,partition,public-lock,3,signed-index,main,True,False,36778,36724,0,0,5.126633999907426,True,False,27,2,recovered,SERVE,n0/bundle,True,0,0.01716600002055202
case-02,partition,public-lock,3,transparency-only,main,True,False,36778,36724,0,0,4.3189280000888175,True,False,1,2,base,SERVE,n0/bundle,True,0,0.03500299999359413
case-02,partition,public-lock,3,transparency-only,main,True,False,36778,36724,0,0,4.780403999916416,True,False,4,2,partition-young,SERVE,n0/bundle,True,0,0.040821000084179104
case-02,partition,public-lock,3,transparency-only,main,True,False,36778,36724,0,0,5.329630000005636,True,False,14,2,partition-expired,SERVE,n0/bundle,True,0,0.033279999911428604
case-02,partition,public-lock,3,transparency-only,main,True,False,36778,36724,0,0,5.001025000069603,True,False,27,2,recovered,SERVE,n0/bundle,True,0,0.03846799995699257
case-02,partition,public-lock,3,root-only,main,True,False,37431,36724,62,0,30.221887000038805,True,False,1,8,base,SERVE,n0/bundle,True,4,23.562906000051953
case-02,partition,public-lock,3,root-only,main,True,False,37431,36724,62,0,31.631788000026972,True,False,4,8,partition-young,SERVE,n0/bundle,True,4,25.14789099996051
case-02,partition,public-lock,3,root-only,main,True,False,37435,36725,62,0,32.013701999972,True,False,14,8,partition-expired,SERVE,n0/bundle,True,4,24.640167000029578
case-02,partition,public-lock,3,root-only,main,True,False,37435,36725,62,0,34.637760999999045,True,False,27,8,recovered,SERVE,n0/bundle,True,4,26.47234500000195
case-02,partition,public-lock,3,all-namespaces,main,True,False,52256,44352,62,0,60.83346899993103,True,False,1,74,base,SERVE,n0/bundle,True,4,30.07383299996036
case-02,partition,public-lock,3,all-namespaces,main,True,False,51189,44352,62,2,55.39963199998965,True,False,4,66,partition-young,SERVE,n0/bundle,True,4,30.22329800000989
case-02,partition,public-lock,3,all-namespaces,main,True,False,51229,44362,62,2,60.31309599995893,True,False,14,66,partition-expired,EXPIRED,n0/bundle,False,4,35.1666369999748
case-02,partition,public-lock,3,all-namespaces,main,True,False,52304,44364,62,0,55.78690499999084,True,False,27,74,recovered,SERVE,n0/bundle,True,4,29.188822000037362
case-02,partition,public-lock,3,scoped,main,True,False,42405,36724,62,0,37.01424700000189,True,False,1,30,base,SERVE,n0/bundle,True,4,22.589201000073444
case-02,partition,public-lock,3,scoped,main,True,False,42405,36724,62,0,36.08174299995426,True,False,4,30,partition-young,SERVE,n0/bundle,True,4,22.89821599993047
case-02,partition,public-lock,3,scoped,main,True,False,42421,36728,62,0,36.85460700000931,True,False,14,30,partition-expired,SERVE,n0/bundle,True,4,22.31157300002451
case-02,partition,public-lock,3,scoped,main,True,False,42421,36728,62,0,36.28202600009445,True,False,27,30,recovered,SERVE,n0/bundle,True,4,22.64297199997145
case-02,partition,public-lock,3,status-proof,main,True,False,18692,15618,62,0,6.28311399998438,True,False,1,10,base,SERVE,n0/bundle,True,4,0.9413169999561433
case-02,partition,public-lock,3,status-proof,main,True,False,18692,15618,62,0,6.612348999965434,True,False,4,10,partition-young,SERVE,n0/bundle,True,4,0.9534749999602354
case-02,partition,public-lock,3,status-proof,main,True,False,18700,15622,62,0,6.967494000036822,True,False,14,10,partition-expired,SERVE,n0/bundle,True,4,0.9811459999582439
case-02,partition,public-lock,3,status-proof,main,True,False,18700,15622,62,0,6.766611999978522,True,False,27,10,recovered,SERVE,n0/bundle,True,4,0.9411060000275029
case-03,partition,public-lock,6,lww,main,True,False,39613,39559,0,0,5.895972999951482,True,False,1,2,base,SERVE,n0/bundle,True,0,0.021060999984001683
case-03,partition,public-lock,6,lww,main,True,False,39613,39559,0,0,5.001796999977159,True,False,4,2,partition-young,SERVE,n0/bundle,True,0,0.019118999944112147
case-03,partition,public-lock,6,lww,main,True,False,39613,39559,0,0,5.525734000002558,True,False,14,2,partition-expired,SERVE,n0/bundle,True,0,0.0165749999041509
case-03,partition,public-lock,6,lww,main,True,False,39613,39559,0,0,4.765571000007185,True,False,27,2,recovered,SERVE,n0/bundle,True,0,0.01766600007613306
case-03,partition,public-lock,6,signed-index,main,True,False,39613,39559,0,0,5.119843999978002,True,False,1,2,base,SERVE,n0/bundle,True,0,0.017807000062930456
case-03,partition,public-lock,6,signed-index,main,True,False,39613,39559,0,0,4.543687000023056,True,False,4,2,partition-young,SERVE,n0/bundle,True,0,0.01667499998347921
case-03,partition,public-lock,6,signed-index,main,True,False,39613,39559,0,0,4.723286999933407,True,False,14,2,partition-expired,SERVE,n0/bundle,True,0,0.015143000041462074
case-03,partition,public-lock,6,signed-index,main,True,False,39613,39559,0,0,4.994555000052969,True,False,27,2,recovered,SERVE,n0/bundle,True,0,0.017696999975669314
case-03,partition,public-lock,6,transparency-only,main,True,False,39613,39559,0,0,4.472921000001406,True,False,1,2,base,SERVE,n0/bundle,True,0,0.03881800000726798
case-03,partition,public-lock,6,transparency-only,main,True,False,39613,39559,0,0,4.252749999977823,True,False,4,2,partition-young,SERVE,n0/bundle,True,0,0.03425099998821679
case-03,partition,public-lock,6,transparency-only,main,True,False,39613,39559,0,0,4.607922999980474,True,False,14,2,partition-expired,SERVE,n0/bundle,True,0,0.08920400000533846
case-03,partition,public-lock,6,transparency-only,main,True,False,39613,39559,0,0,4.726642000036918,True,False,27,2,recovered,SERVE,n0/bundle,True,0,0.03631499998846266
case-03,partition,public-lock,6,root-only,main,True,False,40269,39559,62,0,36.1414630000354,True,False,1,8,base,SERVE,n0/bundle,True,7,29.758227999991504
case-03,partition,public-lock,6,root-only,main,True,False,40269,39559,62,0,32.80357100004494,True,False,4,8,partition-young,SERVE,n0/bundle,True,7,26.35409599997729
case-03,partition,public-lock,6,root-only,main,True,False,40273,39560,62,0,31.15799399995467,True,False,14,8,partition-expired,SERVE,n0/bundle,True,7,24.112592999927074
case-03,partition,public-lock,6,root-only,main,True,False,40273,39560,62,0,31.09557099992344,True,False,27,8,recovered,SERVE,n0/bundle,True,7,24.40953100006027
case-03,partition,public-lock,6,all-namespaces,main,True,False,52283,44334,62,0,51.38006399999995,True,False,1,74,base,SERVE,n0/bundle,True,7,28.12007399995764
case-03,partition,public-lock,6,all-namespaces,main,True,False,51213,44334,62,2,50.54956499998298,True,False,4,66,partition-young,SERVE,n0/bundle,True,7,27.643505999890294
case-03,partition,public-lock,6,all-namespaces,main,True,False,51253,44344,62,2,50.76444700000593,True,False,14,66,partition-expired,EXPIRED,n0/bundle,False,7,28.27529700005016
case-03,partition,public-lock,6,all-namespaces,main,True,False,52331,44346,62,0,59.23754699995243,True,False,27,74,recovered,SERVE,n0/bundle,True,7,31.879369999955998
case-03,partition,public-lock,6,scoped,main,True,False,47259,39559,62,0,44.81950100000631,True,False,1,48,base,SERVE,n0/bundle,True,7,24.481949000005443
case-03,partition,public-lock,6,scoped,main,True,False,46724,39559,62,1,42.31257899994034,True,False,4,44,partition-young,SERVE,n0/bundle,True,7,24.800518000006377
case-03,partition,public-lock,6,scoped,main,True,False,46748,39565,62,1,43.3250029999499,True,False,14,44,partition-expired,EXPIRED,n0/bundle,False,7,24.998366000090755
case-03,partition,public-lock,6,scoped,main,True,False,47287,39566,62,0,48.34193200008485,True,False,27,48,recovered,SERVE,n0/bundle,True,7,26.765586000010444
case-03,partition,public-lock,6,status-proof,main,True,False,19310,16107,62,0,9.263409000027423,True,False,1,16,base,SERVE,n0/bundle,True,7,1.4842940000789895
case-03,partition,public-lock,6,status-proof,main,True,False,16318,16107,62,1,10.490936999985934,True,False,4,14,partition-young,SERVE,n0/bundle,True,7,1.672987999995712
case-03,partition,public-lock,6,status-proof,main,True,False,16330,16113,0,1,9.31573799994112,True,False,14,14,partition-expired,EXPIRED,n0/bundle,False,0,1.281707999964965
case-03,partition,public-lock,6,status-proof,main,True,False,19324,16114,62,0,10.144874999923559,True,False,27,16,recovered,SERVE,n0/bundle,True,7,1.4365409999754775
case-04,partition,generated,1,lww,main,True,False,65982,65928,0,0,10.272316999930808,True,False,1,2,base,SERVE,n0/bundle,True,0,0.025288000074397132
case-04,partition,generated,1,lww,main,True,False,65982,65928,0,0,10.91196899994884,True,False,4,2,partition-young,SERVE,n0/bundle,True,0,0.02410699994470633
case-04,partition,generated,1,lww,main,True,False,65982,65928,0,0,12.447459999975763,True,False,14,2,partition-expired,SERVE,n0/bundle,True,0,0.023555999973723374
case-04,partition,generated,1,lww,main,True,False,65982,65928,0,0,14.604845999997451,True,False,27,2,recovered,SERVE,n0/bundle,True,0,0.025218000018867315
case-04,partition,generated,1,signed-index,main,True,False,65982,65928,0,0,10.138204999975642,True,False,1,2,base,SERVE,n0/bundle,True,0,0.030885999990459823
case-04,partition,generated,1,signed-index,main,True,False,65982,65928,0,0,10.089891999996325,True,False,4,2,partition-young,SERVE,n0/bundle,True,0,0.02647999997407169
case-04,partition,generated,1,signed-index,main,True,False,65982,65928,0,0,11.73712100001012,True,False,14,2,partition-expired,SERVE,n0/bundle,True,0,0.023305000013351673
case-04,partition,generated,1,signed-index,main,True,False,65982,65928,0,0,12.263302999940606,True,False,27,2,recovered,SERVE,n0/bundle,True,0,0.026690000026974303
case-04,partition,generated,1,transparency-only,main,True,False,65982,65928,0,0,11.273342999970737,True,False,1,2,base,SERVE,n0/bundle,True,0,0.06257400002596114
case-04,partition,generated,1,transparency-only,main,True,False,65982,65928,0,0,10.329673000001094,True,False,4,2,partition-young,SERVE,n0/bundle,True,0,0.05416200008312444
case-04,partition,generated,1,transparency-only,main,True,False,65982,65928,0,0,13.2503979999683,True,False,14,2,partition-expired,SERVE,n0/bundle,True,0,0.055423999924641976
case-04,partition,generated,1,transparency-only,main,True,False,65982,65928,0,0,12.375641000062387,True,False,27,2,recovered,SERVE,n0/bundle,True,0,0.05621399998290144
case-04,partition,generated,1,root-only,main,True,False,66634,65928,130,0,57.66786200001661,True,False,1,8,base,SERVE,n0/bundle,True,2,45.08208400000058
case-04,partition,generated,1,root-only,main,True,False,66634,65928,130,0,54.980138000019,True,False,4,8,partition-young,SERVE,n0/bundle,True,2,42.307219000008445
case-04,partition,generated,1,root-only,main,True,False,66638,65929,130,0,56.7994360000057,True,False,14,8,partition-expired,SERVE,n0/bundle,True,2,42.44267299998228
case-04,partition,generated,1,root-only,main,True,False,66638,65929,130,0,56.32470399996237,True,False,27,8,recovered,SERVE,n0/bundle,True,2,42.695365999975365
case-04,partition,generated,1,all-namespaces,main,True,False,83347,75458,130,0,92.36140100006196,True,False,1,74,base,SERVE,n0/bundle,True,2,54.16460400010692
case-04,partition,generated,1,all-namespaces,main,True,False,82280,75458,130,2,86.45318100002441,True,False,4,66,partition-young,SERVE,n0/bundle,True,2,52.29571200004557
case-04,partition,generated,1,all-namespaces,main,True,False,82320,75468,130,2,88.62998600000083,True,False,14,66,partition-expired,EXPIRED,n0/bundle,False,2,54.192606000015076
case-04,partition,generated,1,all-namespaces,main,True,False,83395,75470,130,0,96.84481799990863,True,False,27,74,recovered,SERVE,n0/bundle,True,2,56.87356099997487
case-04,partition,generated,1,scoped,main,True,False,71064,65928,130,0,60.565736999933506,True,False,1,18,base,SERVE,n0/bundle,True,2,42.59760900004039
case-04,partition,generated,1,scoped,main,True,False,71064,65928,130,0,60.72419399993123,True,False,4,18,partition-young,SERVE,n0/bundle,True,2,42.364918999965084
case-04,partition,generated,1,scoped,main,True,False,71072,65930,130,0,66.33029599993279,True,False,14,18,partition-expired,SERVE,n0/bundle,True,2,46.11738200003401
case-04,partition,generated,1,scoped,main,True,False,71072,65930,130,0,69.72946600001251,True,False,27,18,recovered,SERVE,n0/bundle,True,2,46.267976000081035
case-04,partition,generated,1,status-proof,main,True,False,29305,25531,130,0,14.86286299996209,True,False,1,6,base,SERVE,n0/bundle,True,2,0.9671149999803674
case-04,partition,generated,1,status-proof,main,True,False,29305,25531,130,0,13.823578999904385,True,False,4,6,partition-young,SERVE,n0/bundle,True,2,0.9071549999362105
case-04,partition,generated,1,status-proof,main,True,False,29309,25533,130,0,15.554624000060358,True,False,14,6,partition-expired,SERVE,n0/bundle,True,2,0.8968590000222321
case-04,partition,generated,1,status-proof,main,True,False,29309,25533,130,0,17.107070000065505,True,False,27,6,recovered,SERVE,n0/bundle,True,2,1.26190800006043
case-05,partition,generated,3,lww,main,True,False,67839,67785,0,0,10.09224599999925,True,False,1,2,base,SERVE,n0/bundle,True,0,0.027911999950447353
case-05,partition,generated,3,lww,main,True,False,67839,67785,0,0,11.526643000024706,True,False,4,2,partition-young,SERVE,n0/bundle,True,0,0.025198000003001653
case-05,partition,generated,3,lww,main,True,False,67839,67785,0,0,11.30720300000121,True,False,14,2,partition-expired,SERVE,n0/bundle,True,0,0.02386599999226746
case-05,partition,generated,3,lww,main,True,False,67839,67785,0,0,10.968323000042801,True,False,27,2,recovered,SERVE,n0/bundle,True,0,0.027281000029688585
case-05,partition,generated,3,signed-index,main,True,False,67839,67785,0,0,10.543665000000146,True,False,1,2,base,SERVE,n0/bundle,True,0,0.028012000029775663
case-05,partition,generated,3,signed-index,main,True,False,67839,67785,0,0,9.95304599996416,True,False,4,2,partition-young,SERVE,n0/bundle,True,0,0.02606900000046153
case-05,partition,generated,3,signed-index,main,True,False,67839,67785,0,0,11.717942000018411,True,False,14,2,partition-expired,SERVE,n0/bundle,True,0,0.026058999992528697
case-05,partition,generated,3,signed-index,main,True,False,67839,67785,0,0,11.264750999998796,True,False,27,2,recovered,SERVE,n0/bundle,True,0,0.02626000002692308
case-05,partition,generated,3,transparency-only,main,True,False,67839,67785,0,0,69.6573970000145,True,False,1,2,base,SERVE,n0/bundle,True,0,0.06204299995715701
case-05,partition,generated,3,transparency-only,main,True,False,67839,67785,0,0,10.536344999991343,True,False,4,2,partition-young,SERVE,n0/bundle,True,0,0.056163999943237286
case-05,partition,generated,3,transparency-only,main,True,False,67839,67785,0,0,12.652138000021296,True,False,14,2,partition-expired,SERVE,n0/bundle,True,0,0.1190790000009656
case-05,partition,generated,3,transparency-only,main,True,False,67839,67785,0,0,12.47390000003179,True,False,27,2,recovered,SERVE,n0/bundle,True,0,0.058547999969960074
case-05,partition,generated,3,root-only,main,True,False,68492,67785,130,0,63.12126000000262,True,False,1,8,base,SERVE,n0/bundle,True,4,47.65640000005078
case-05,partition,generated,3,root-only,main,True,False,68492,67785,130,0,59.83226299997568,True,False,4,8,partition-young,SERVE,n0/bundle,True,4,46.50714099989273
case-05,partition,generated,3,root-only,main,True,False,68496,67786,130,0,66.3802049999731,True,False,14,8,partition-expired,SERVE,n0/bundle,True,4,49.68399099993803
case-05,partition,generated,3,root-only,main,True,False,68496,67786,130,0,62.328728000011324,True,False,27,8,recovered,SERVE,n0/bundle,True,4,47.235166000064055
case-05,partition,generated,3,all-namespaces,main,True,False,83317,75413,130,0,85.87049799996294,True,False,1,74,base,SERVE,n0/bundle,True,4,50.95525199999429
case-05,partition,generated,3,all-namespaces,main,True,False,82250,75413,130,2,84.30779700006497,True,False,4,66,partition-young,SERVE,n0/bundle,True,4,51.47587499993733
case-05,partition,generated,3,all-namespaces,main,True,False,82290,75423,130,2,82.64044800000647,True,False,14,66,partition-expired,EXPIRED,n0/bundle,False,4,50.13238399999409
case-05,partition,generated,3,all-namespaces,main,True,False,83365,75425,130,0,86.96586599990042,True,False,27,74,recovered,SERVE,n0/bundle,True,4,50.61045299999023
case-05,partition,generated,3,scoped,main,True,False,74252,67785,130,0,65.75193699995907,True,False,1,30,base,SERVE,n0/bundle,True,4,43.50745499993991
case-05,partition,generated,3,scoped,main,True,False,74252,67785,130,0,63.87199799996779,True,False,4,30,partition-young,SERVE,n0/bundle,True,4,42.66598900005647
case-05,partition,generated,3,scoped,main,True,False,74268,67789,130,0,66.61336299998766,True,False,14,30,partition-expired,SERVE,n0/bundle,True,4,43.11289100007798
case-05,partition,generated,3,scoped,main,True,False,74268,67789,130,0,69.31723100001363,True,False,27,30,recovered,SERVE,n0/bundle,True,4,45.93776199999411
case-05,partition,generated,3,status-proof,main,True,False,29716,25856,130,0,14.55354899997019,True,False,1,10,base,SERVE,n0/bundle,True,4,1.2138470000309098
case-05,partition,generated,3,status-proof,main,True,False,29716,25856,130,0,14.096772000016244,True,False,4,10,partition-young,SERVE,n0/bundle,True,4,1.2140769999859913
case-05,partition,generated,3,status-proof,main,True,False,29724,25860,130,0,15.042763999986164,True,False,14,10,partition-expired,SERVE,n0/bundle,True,4,1.3873270000885896
case-05,partition,generated,3,status-proof,main,True,False,29724,25860,130,0,14.503683000043566,True,False,27,10,recovered,SERVE,n0/bundle,True,4,1.2013869999236704
case-06,partition,generated,6,lww,main,True,False,70674,70620,0,0,10.077023000008012,True,False,1,2,base,SERVE,n0/bundle,True,0,0.026759999968817283
case-06,partition,generated,6,lww,main,True,False,70674,70620,0,0,9.752122999998392,True,False,4,2,partition-young,SERVE,n0/bundle,True,0,0.02427700007956446
case-06,partition,generated,6,lww,main,True,False,70674,70620,0,0,11.019591000035689,True,False,14,2,partition-expired,SERVE,n0/bundle,True,0,0.02517799998713599
case-06,partition,generated,6,lww,main,True,False,70674,70620,0,0,11.581737000028625,True,False,27,2,recovered,SERVE,n0/bundle,True,0,0.02640900004280411
case-06,partition,generated,6,signed-index,main,True,False,70674,70620,0,0,10.575022000011813,True,False,1,2,base,SERVE,n0/bundle,True,0,0.027380999995330058
case-06,partition,generated,6,signed-index,main,True,False,70674,70620,0,0,9.922219999907611,True,False,4,2,partition-young,SERVE,n0/bundle,True,0,0.02533800000037445
case-06,partition,generated,6,signed-index,main,True,False,70674,70620,0,0,13.27007700001559,True,False,14,2,partition-expired,SERVE,n0/bundle,True,0,0.02809300008266291
case-06,partition,generated,6,signed-index,main,True,False,70674,70620,0,0,11.661897999942994,True,False,27,2,recovered,SERVE,n0/bundle,True,0,0.027131000024382956
case-06,partition,generated,6,transparency-only,main,True,False,70674,70620,0,0,11.10910599993531,True,False,1,2,base,SERVE,n0/bundle,True,0,0.05875799990917585
case-06,partition,generated,6,transparency-only,main,True,False,70674,70620,0,0,10.390513999936957,True,False,4,2,partition-young,SERVE,n0/bundle,True,0,0.05399199994826631
case-06,partition,generated,6,transparency-only,main,True,False,70674,70620,0,0,13.46113499994317,True,False,14,2,partition-expired,SERVE,n0/bundle,True,0,0.05902899999910005
case-06,partition,generated,6,transparency-only,main,True,False,70674,70620,0,0,12.887591999970027,True,False,27,2,recovered,SERVE,n0/bundle,True,0,0.058238000065102824
case-06,partition,generated,6,root-only,main,True,False,71330,70620,130,0,62.032790999978715,True,False,1,8,base,SERVE,n0/bundle,True,7,48.240437999993446
case-06,partition,generated,6,root-only,main,True,False,71330,70620,130,0,64.16809400002421,True,False,4,8,partition-young,SERVE,n0/bundle,True,7,49.11702700007936
case-06,partition,generated,6,root-only,main,True,False,71334,70621,130,0,70.6368169999223,True,False,14,8,partition-expired,SERVE,n0/bundle,True,7,54.37738199998421
case-06,partition,generated,6,root-only,main,True,False,71334,70621,130,0,64.5387810000102,True,False,27,8,recovered,SERVE,n0/bundle,True,7,48.260367000011684
case-06,partition,generated,6,all-namespaces,main,True,False,83344,75395,130,0,94.8149780000449,True,False,1,74,base,SERVE,n0/bundle,True,7,53.3685540000306
case-06,partition,generated,6,all-namespaces,main,True,False,82274,75395,130,2,91.1485609999545,True,False,4,66,partition-young,SERVE,n0/bundle,True,7,51.12574899999345
case-06,partition,generated,6,all-namespaces,main,True,False,82314,75405,130,2,87.33133800001269,True,False,14,66,partition-expired,EXPIRED,n0/bundle,False,7,53.50008200002776
case-06,partition,generated,6,all-namespaces,main,True,False,83392,75407,130,0,92.95990700002221,True,False,27,74,recovered,SERVE,n0/bundle,True,7,53.1250579999778
case-06,partition,generated,6,scoped,main,True,False,79106,70620,130,0,79.86836800000674,True,False,1,48,base,SERVE,n0/bundle,True,7,47.48273699999572
case-06,partition,generated,6,scoped,main,True,False,78571,70620,130,1,80.38317299997289,True,False,4,44,partition-young,SERVE,n0/bundle,True,7,48.703414000101475
case-06,partition,generated,6,scoped,main,True,False,78595,70626,130,1,79.35989300005986,True,False,14,44,partition-expired,EXPIRED,n0/bundle,False,7,48.797635000028095
case-06,partition,generated,6,scoped,main,True,False,79134,70627,130,0,101.8183159999353,True,False,27,48,recovered,SERVE,n0/bundle,True,7,68.2544929999267
case-06,partition,generated,6,status-proof,main,True,False,30334,26345,130,0,18.521458999998686,True,False,1,16,base,SERVE,n0/bundle,True,7,2.1710059999122677
case-06,partition,generated,6,status-proof,main,True,False,25777,26345,130,1,14.061318000017309,True,False,4,14,partition-young,SERVE,n0/bundle,True,7,1.9699939999782146
case-06,partition,generated,6,status-proof,main,True,False,25789,26351,0,1,11.540285000023687,True,False,14,14,partition-expired,EXPIRED,n0/bundle,False,0,1.260606999949232
case-06,partition,generated,6,status-proof,main,True,False,30348,26352,130,0,16.033586000048672,True,False,27,16,recovered,SERVE,n0/bundle,True,7,1.6379950000100507
case-07,revocation,public-lock,1,lww,main,True,False,34888,34834,0,0,4.699269999946409,True,False,1,2,base,SERVE,n0/bundle,True,0,0.01701600001524639
case-07,revocation,public-lock,1,lww,main,True,False,34888,34834,0,0,3.966447999914635,False,True,4,2,partition-young,SERVE,n0/bundle,True,0,0.017365999951834965
case-07,revocation,public-lock,1,lww,main,False,True,34888,34834,0,0,3.2575820000602107,False,True,14,2,partition-expired,SERVE,n0/bundle,True,0,0.0138609999567052
case-07,revocation,public-lock,1,lww,main,False,True,35145,35091,0,0,3.4839319999946383,False,True,27,2,recovered,SERVE,n0/bundle,True,0,0.016474999938509427
case-07,revocation,public-lock,1,signed-index,main,True,False,34888,34834,0,0,4.267822000088017,True,False,1,2,base,SERVE,n0/bundle,True,0,0.016624999943815055
case-07,revocation,public-lock,1,signed-index,main,True,False,34888,34834,0,0,3.5449230000494936,False,True,4,2,partition-young,SERVE,n0/bundle,True,0,0.014150999959383626
case-07,revocation,public-lock,1,signed-index,main,False,True,34888,34834,0,0,3.266885000016373,False,True,14,2,partition-expired,SERVE,n0/bundle,True,0,0.013650000028064824
case-07,revocation,public-lock,1,signed-index,main,False,True,35145,35091,0,0,3.2905509999636706,False,True,27,2,recovered,SERVE,n0/bundle,True,0,0.01709600007870904
case-07,revocation,public-lock,1,transparency-only,main,True,False,34888,34834,0,0,4.120899999975336,True,False,1,2,base,SERVE,n0/bundle,True,0,0.036956000030841096
case-07,revocation,public-lock,1,transparency-only,main,True,False,34888,34834,0,0,3.62934099996437,False,True,4,2,partition-young,SERVE,n0/bundle,True,0,0.03375099993263575
case-07,revocation,public-lock,1,transparency-only,main,False,True,34888,34834,0,0,3.133775000037531,False,True,14,2,partition-expired,SERVE,n0/bundle,True,0,0.03102599998783262
case-07,revocation,public-lock,1,transparency-only,main,False,True,35145,35091,0,0,4.037074999928336,False,True,27,2,recovered,SERVE,n0/bundle,True,0,0.033650000091256516
case-07,revocation,public-lock,1,root-only,main,True,False,35539,34834,62,0,27.080376999947475,True,False,1,8,base,SERVE,n0/bundle,True,2,21.058836999941377
case-07,revocation,public-lock,1,root-only,main,True,False,35539,34834,62,0,26.046770999982982,False,True,4,8,partition-young,SERVE,n0/bundle,True,2,20.802780999929382
case-07,revocation,public-lock,1,root-only,main,False,True,35543,34835,62,0,27.325035999979264,False,True,14,8,partition-expired,SERVE,n0/bundle,True,2,21.81928200002403
case-07,revocation,public-lock,1,root-only,main,False,False,35800,35092,3,0,26.16073299998334,False,False,27,8,recovered,REVOKED,n0/bundle,False,2,21.652019000043765
case-07,revocation,public-lock,1,all-namespaces,main,True,False,52238,44364,62,0,51.40608900001098,True,False,1,74,base,SERVE,n0/bundle,True,2,27.816604999998162
case-07,revocation,public-lock,1,all-namespaces,main,True,False,46909,44364,62,10,41.96761700006846,False,True,4,34,partition-young,SERVE,n0/bundle,True,2,26.718833000018094
case-07,revocation,public-lock,1,all-namespaces,main,False,False,46917,44366,62,10,42.658927999923435,False,False,14,34,partition-expired,EXPIRED,n0/bundle,False,2,28.648256999986188
case-07,revocation,public-lock,1,all-namespaces,main,False,False,52543,44633,3,0,50.703933000022516,False,False,27,74,recovered,REVOKED,n0/bundle,False,2,27.288761000022532
case-07,revocation,public-lock,1,scoped,main,True,False,39179,34834,62,0,30.58156500003406,True,False,1,18,base,SERVE,n0/bundle,True,2,20.92561699998896
case-07,revocation,public-lock,1,scoped,main,True,False,38644,34834,62,1,29.66196099998797,False,True,4,14,partition-young,SERVE,n0/bundle,True,2,20.96260199994049
case-07,revocation,public-lock,1,scoped,main,False,False,38648,34835,62,1,29.302221000079953,False,False,14,14,partition-expired,EXPIRED,n0/bundle,False,2,21.077845999911915
case-07,revocation,public-lock,1,scoped,main,False,False,39444,35093,3,0,30.66796500002056,False,False,27,18,recovered,REVOKED,n0/bundle,False,2,21.61074700006793
case-07,revocation,public-lock,1,status-proof,main,True,False,18280,15292,62,0,6.230455000036272,True,False,1,6,base,SERVE,n0/bundle,True,2,0.6516310000961312
case-07,revocation,public-lock,1,status-proof,main,True,False,1887,15292,62,1,3.7106240000639445,False,True,4,4,partition-young,SERVE,n0/bundle,True,2,0.6047300000773248
case-07,revocation,public-lock,1,status-proof,main,False,False,1889,15293,0,1,2.7983810000478115,False,False,14,4,partition-expired,EXPIRED,n0/bundle,False,0,0.46299600001020735
case-07,revocation,public-lock,1,status-proof,main,False,False,18285,15295,62,0,4.879341999981079,False,False,27,6,recovered,INVALID_OR_MISSING_STATUS,n0/bundle,False,2,0.540733999969234
case-08,revocation,public-lock,3,lww,main,True,False,36778,36724,0,0,4.178787999990163,True,False,1,2,base,SERVE,n0/bundle,True,0,0.018728000100054487
case-08,revocation,public-lock,3,lww,main,True,False,36778,36724,0,0,4.301091999991513,False,True,4,2,partition-young,SERVE,n0/bundle,True,0,0.014862999933029641
case-08,revocation,public-lock,3,lww,main,False,True,36778,36724,0,0,3.5718039999892426,False,True,14,2,partition-expired,SERVE,n0/bundle,True,0,0.01444199995148665
case-08,revocation,public-lock,3,lww,main,False,True,37033,36979,0,0,3.735110999969038,False,True,27,2,recovered,SERVE,n0/bundle,True,0,0.017135999996753526
case-08,revocation,public-lock,3,signed-index,main,True,False,36778,36724,0,0,4.42075199998726,True,False,1,2,base,SERVE,n0/bundle,True,0,0.016223999978137726
case-08,revocation,public-lock,3,signed-index,main,True,False,36778,36724,0,0,3.8660669999899255,False,True,4,2,partition-young,SERVE,n0/bundle,True,0,0.015724000036243524
case-08,revocation,public-lock,3,signed-index,main,False,True,36778,36724,0,0,3.6094919998959085,False,True,14,2,partition-expired,SERVE,n0/bundle,True,0,0.014962000022933353
case-08,revocation,public-lock,3,signed-index,main,False,True,37033,36979,0,0,3.713528000048427,False,True,27,2,recovered,SERVE,n0/bundle,True,0,0.016945999959716573
case-08,revocation,public-lock,3,transparency-only,main,True,False,36778,36724,0,0,4.606310999974994,True,False,1,2,base,SERVE,n0/bundle,True,0,0.036364000038702216
case-08,revocation,public-lock,3,transparency-only,main,True,False,36778,36724,0,0,3.6979540000174893,False,True,4,2,partition-young,SERVE,n0/bundle,True,0,0.03282900001977396
case-08,revocation,public-lock,3,transparency-only,main,False,True,36778,36724,0,0,3.6027720000220143,False,True,14,2,partition-expired,SERVE,n0/bundle,True,0,0.03260899995893851
case-08,revocation,public-lock,3,transparency-only,main,False,True,37033,36979,0,0,4.668284999979733,False,True,27,2,recovered,SERVE,n0/bundle,True,0,0.0375669999357342
case-08,revocation,public-lock,3,root-only,main,True,False,37431,36724,62,0,29.27643199996055,True,False,1,8,base,SERVE,n0/bundle,True,4,23.000217999992856
case-08,revocation,public-lock,3,root-only,main,True,False,37431,36724,62,0,29.2898720000494,False,True,4,8,partition-young,SERVE,n0/bundle,True,4,23.464837999995325
case-08,revocation,public-lock,3,root-only,main,False,True,37435,36725,62,0,31.086645999948814,False,True,14,8,partition-expired,SERVE,n0/bundle,True,4,24.288395999974455
case-08,revocation,public-lock,3,root-only,main,False,False,37690,36980,25,0,29.677935999984584,False,False,27,8,recovered,REVOKED,n0/bundle,False,4,24.453945999994176
case-08,revocation,public-lock,3,all-namespaces,main,True,False,52256,44352,62,0,56.77299600006336,True,False,1,74,base,SERVE,n0/bundle,True,4,32.109665000007226
case-08,revocation,public-lock,3,all-namespaces,main,True,False,46921,44352,62,10,43.4675660000039,False,True,4,34,partition-young,SERVE,n0/bundle,True,4,27.595382999948015
case-08,revocation,public-lock,3,all-namespaces,main,False,False,46929,44354,62,10,44.22810000005484,False,False,14,34,partition-expired,EXPIRED,n0/bundle,False,4,28.523509000024205
case-08,revocation,public-lock,3,all-namespaces,main,False,False,52559,44619,25,0,53.66496999999981,False,False,27,74,recovered,REVOKED,n0/bundle,False,4,28.221364999922116
case-08,revocation,public-lock,3,scoped,main,True,False,42405,36724,62,0,36.407091000000946,True,False,1,30,base,SERVE,n0/bundle,True,4,22.828290000006746
case-08,revocation,public-lock,3,scoped,main,True,False,40800,36724,62,3,34.126679999985754,False,True,4,18,partition-young,SERVE,n0/bundle,True,4,23.14532600007624
case-08,revocation,public-lock,3,scoped,main,False,False,40804,36725,62,3,33.74538599996413,False,False,14,18,partition-expired,EXPIRED,n0/bundle,False,4,24.17523600001914
case-08,revocation,public-lock,3,scoped,main,False,False,42676,36983,25,0,34.66135500002565,False,False,27,30,recovered,REVOKED,n0/bundle,False,4,22.574486999928922
case-08,revocation,public-lock,3,status-proof,main,True,False,18692,15618,62,0,7.084980999934487,True,False,1,10,base,SERVE,n0/bundle,True,4,0.9766190000846109
case-08,revocation,public-lock,3,status-proof,main,True,False,1897,15618,62,3,4.3906570000444844,False,True,4,4,partition-young,SERVE,n0/bundle,True,4,1.089289000105964
case-08,revocation,public-lock,3,status-proof,main,False,False,1899,15619,0,3,3.4928060000538608,False,False,14,4,partition-expired,EXPIRED,n0/bundle,False,0,0.3601519999847369
case-08,revocation,public-lock,3,status-proof,main,False,False,18701,15623,42,0,5.384882000043945,False,False,27,10,recovered,INVALID_OR_MISSING_STATUS,n0/bundle,False,4,0.8387529999254184
case-09,revocation,public-lock,6,lww,main,True,False,39613,39559,0,0,4.900092999946537,True,False,1,2,base,SERVE,n0/bundle,True,0,0.019099000041933323
case-09,revocation,public-lock,6,lww,main,True,False,39613,39559,0,0,3.3378019999190656,False,True,4,2,partition-young,SERVE,n0/bundle,True,0,0.016575000017837738
case-09,revocation,public-lock,6,lww,main,False,True,39613,39559,0,0,2.826413000093453,False,True,14,2,partition-expired,SERVE,n0/bundle,True,0,0.03621400003339659
case-09,revocation,public-lock,6,lww,main,False,True,39875,39821,0,0,9.386975000097664,False,True,27,2,recovered,SERVE,n0/bundle,True,0,0.017146000004686357
case-09,revocation,public-lock,6,signed-index,main,True,False,39613,39559,0,0,4.906142999971053,True,False,1,2,base,SERVE,n0/bundle,True,0,0.019599999973252125
case-09,revocation,public-lock,6,signed-index,main,True,False,39613,39559,0,0,3.7369330000274203,False,True,4,2,partition-young,SERVE,n0/bundle,True,0,0.018067000041810388
case-09,revocation,public-lock,6,signed-index,main,False,True,39613,39559,0,0,3.058592000002136,False,True,14,2,partition-expired,SERVE,n0/bundle,True,0,0.016363999975510524
case-09,revocation,public-lock,6,signed-index,main,False,True,39875,39821,0,0,4.659080000010363,False,True,27,2,recovered,SERVE,n0/bundle,True,0,0.017957000068236084
case-09,revocation,public-lock,6,transparency-only,main,True,False,39613,39559,0,0,4.721474999996644,True,False,1,2,base,SERVE,n0/bundle,True,0,0.03972000001795095
case-09,revocation,public-lock,6,transparency-only,main,True,False,39613,39559,0,0,3.855461000057403,False,True,4,2,partition-young,SERVE,n0/bundle,True,0,0.0359040000148525
case-09,revocation,public-lock,6,transparency-only,main,False,True,39613,39559,0,0,3.528128999960245,False,True,14,2,partition-expired,SERVE,n0/bundle,True,0,0.03670499995678256
case-09,revocation,public-lock,6,transparency-only,main,False,True,39875,39821,0,0,3.3282779999126433,False,True,27,2,recovered,SERVE,n0/bundle,True,0,0.03879900009451376
case-09,revocation,public-lock,6,root-only,main,True,False,40269,39559,62,0,32.10013800003253,True,False,1,8,base,SERVE,n0/bundle,True,7,24.930110000013883
case-09,revocation,public-lock,6,root-only,main,True,False,40269,39559,62,0,28.688736000049175,False,True,4,8,partition-young,SERVE,n0/bundle,True,7,23.616744000037215
case-09,revocation,public-lock,6,root-only,main,False,True,40273,39560,62,0,28.45684800001891,False,True,14,8,partition-expired,SERVE,n0/bundle,True,7,23.710434999998142
case-09,revocation,public-lock,6,root-only,main,False,False,40535,39822,42,0,31.495880000079524,False,False,27,8,recovered,REVOKED,n0/bundle,False,7,26.775658000019575
case-09,revocation,public-lock,6,all-namespaces,main,True,False,52283,44334,62,0,52.936099999897124,True,False,1,74,base,SERVE,n0/bundle,True,7,28.314914000020508
case-09,revocation,public-lock,6,all-namespaces,main,True,False,46942,44334,62,10,42.723993999970844,False,True,4,34,partition-young,SERVE,n0/bundle,True,7,27.328340000053686
case-09,revocation,public-lock,6,all-namespaces,main,False,False,46950,44336,62,10,45.65018800008147,False,False,14,34,partition-expired,EXPIRED,n0/bundle,False,7,31.08425100003842
case-09,revocation,public-lock,6,all-namespaces,main,False,False,52593,44608,42,0,50.34840600001189,False,False,27,74,recovered,REVOKED,n0/bundle,False,7,27.32124900001054
case-09,revocation,public-lock,6,scoped,main,True,False,47259,39559,62,0,46.737074000020584,True,False,1,48,base,SERVE,n0/bundle,True,7,27.373897999950714
case-09,revocation,public-lock,6,scoped,main,True,False,44584,39559,62,5,39.655967999919994,False,True,4,28,partition-young,SERVE,n0/bundle,True,7,25.35296699988976
case-09,revocation,public-lock,6,scoped,main,False,False,44592,39561,62,5,38.2926369999268,False,False,14,28,partition-expired,EXPIRED,n0/bundle,False,7,24.76225800000975
case-09,revocation,public-lock,6,scoped,main,False,False,47549,39828,42,0,41.02751100003843,False,False,27,48,recovered,REVOKED,n0/bundle,False,7,23.787191999986135
case-09,revocation,public-lock,6,status-proof,main,True,False,19310,16107,62,0,8.473829999957161,True,False,1,16,base,SERVE,n0/bundle,True,7,1.4314539999986664
case-09,revocation,public-lock,6,status-proof,main,True,False,4674,16107,62,5,4.630958000007013,False,True,4,6,partition-young,SERVE,n0/bundle,True,7,1.373125999975855
case-09,revocation,public-lock,6,status-proof,main,False,False,4678,16109,0,5,2.8886370000691386,False,False,14,6,partition-expired,EXPIRED,n0/bundle,False,0,0.3412629999957062
case-09,revocation,public-lock,6,status-proof,main,False,False,19325,16115,32,0,6.124324999973396,False,False,27,16,recovered,INVALID_OR_MISSING_STATUS,n0/bundle,False,7,1.2650740000026417
case-10,revocation,generated,1,lww,main,True,False,65982,65928,0,0,10.058974000003218,True,False,1,2,base,SERVE,n0/bundle,True,0,0.02532799999244162
case-10,revocation,generated,1,lww,main,True,False,65982,65928,0,0,6.837298000050396,False,True,4,2,partition-young,SERVE,n0/bundle,True,0,0.023295000005418842
case-10,revocation,generated,1,lww,main,False,True,65982,65928,0,0,5.52286999993612,False,True,14,2,partition-expired,SERVE,n0/bundle,True,0,0.02376600002662599
case-10,revocation,generated,1,lww,main,False,True,66235,66181,0,0,5.66953099996681,False,True,27,2,recovered,SERVE,n0/bundle,True,0,0.024256000074274198
case-10,revocation,generated,1,signed-index,main,True,False,65982,65928,0,0,9.95298600003025,True,False,1,2,base,SERVE,n0/bundle,True,0,0.026008999952864542
case-10,revocation,generated,1,signed-index,main,True,False,65982,65928,0,0,6.893633000004229,False,True,4,2,partition-young,SERVE,n0/bundle,True,0,0.02245400003175746
case-10,revocation,generated,1,signed-index,main,False,True,65982,65928,0,0,5.934149000040634,False,True,14,2,partition-expired,SERVE,n0/bundle,True,0,0.022052999952393293
case-10,revocation,generated,1,signed-index,main,False,True,66235,66181,0,0,5.642870999963634,False,True,27,2,recovered,SERVE,n0/bundle,True,0,0.024706999965928844
case-10,revocation,generated,1,transparency-only,main,True,False,65982,65928,0,0,13.029816000084793,True,False,1,2,base,SERVE,n0/bundle,True,0,0.10259399994083651
case-10,revocation,generated,1,transparency-only,main,True,False,65982,65928,0,0,7.9894419999391175,False,True,4,2,partition-young,SERVE,n0/bundle,True,0,0.05415199996150477
case-10,revocation,generated,1,transparency-only,main,False,True,65982,65928,0,0,6.033268000010139,False,True,14,2,partition-expired,SERVE,n0/bundle,True,0,0.05408100003023719
case-10,revocation,generated,1,transparency-only,main,False,True,66235,66181,0,0,6.644679000032738,False,True,27,2,recovered,SERVE,n0/bundle,True,0,0.060610999980781344
case-10,revocation,generated,1,root-only,main,True,False,66634,65928,130,0,53.19759599990448,True,False,1,8,base,SERVE,n0/bundle,True,2,41.36221700002807
case-10,revocation,generated,1,root-only,main,True,False,66634,65928,130,0,50.922501999934866,False,True,4,8,partition-young,SERVE,n0/bundle,True,2,41.55661000004329
case-10,revocation,generated,1,root-only,main,False,True,66638,65929,130,0,49.90731500004131,False,True,14,8,partition-expired,SERVE,n0/bundle,True,2,41.392021999968165
case-10,revocation,generated,1,root-only,main,False,False,66891,66182,115,0,57.757046000006085,False,False,27,8,recovered,REVOKED,n0/bundle,False,2,46.8306750000238
case-10,revocation,generated,1,all-namespaces,main,True,False,83347,75458,130,0,95.92320399997334,True,False,1,74,base,SERVE,n0/bundle,True,2,54.268617000047925
case-10,revocation,generated,1,all-namespaces,main,True,False,78015,75458,130,10,77.95280400000593,False,True,4,34,partition-young,SERVE,n0/bundle,True,2,53.37296899995181
case-10,revocation,generated,1,all-namespaces,main,False,False,78023,75460,130,10,75.57113100006063,False,False,14,34,partition-expired,EXPIRED,n0/bundle,False,2,52.57263499993314
case-10,revocation,generated,1,all-namespaces,main,False,False,83648,75723,115,0,85.16984799996408,False,False,27,74,recovered,REVOKED,n0/bundle,False,2,53.499854999927265
case-10,revocation,generated,1,scoped,main,True,False,71064,65928,130,0,60.9721340000533,True,False,1,18,base,SERVE,n0/bundle,True,2,42.42310400002225
case-10,revocation,generated,1,scoped,main,True,False,70526,65928,130,1,57.669283999985055,False,True,4,14,partition-young,SERVE,n0/bundle,True,2,43.9019590000953
case-10,revocation,generated,1,scoped,main,False,False,70530,65929,130,1,58.944223000025886,False,False,14,14,partition-expired,EXPIRED,n0/bundle,False,2,44.24187099994015
case-10,revocation,generated,1,scoped,main,False,False,71325,66183,115,0,55.612359000065226,False,False,27,18,recovered,REVOKED,n0/bundle,False,2,42.434241000023576
case-10,revocation,generated,1,status-proof,main,True,False,29305,25531,130,0,15.03874899992752,True,False,1,6,base,SERVE,n0/bundle,True,2,0.8873549999179886
case-10,revocation,generated,1,status-proof,main,True,False,2269,25531,130,1,7.4459539999907065,False,True,4,4,partition-young,SERVE,n0/bundle,True,2,1.131902999986778
case-10,revocation,generated,1,status-proof,main,False,False,2271,25532,0,1,4.5040469999548804,False,False,14,4,partition-expired,EXPIRED,n0/bundle,False,0,0.6045400000402879
case-10,revocation,generated,1,status-proof,main,False,False,29310,25534,11,0,8.267970000019886,False,False,27,6,recovered,INVALID_OR_MISSING_STATUS,n0/bundle,False,2,0.5800829999316193
case-11,revocation,generated,3,lww,main,True,False,67839,67785,0,0,10.172386000022016,True,False,1,2,base,SERVE,n0/bundle,True,0,0.030986999945525895
case-11,revocation,generated,3,lww,main,True,False,67839,67785,0,0,7.953868000072362,False,True,4,2,partition-young,SERVE,n0/bundle,True,0,0.027702000011231576
case-11,revocation,generated,3,lww,main,False,True,67839,67785,0,0,7.940407999967647,False,True,14,2,partition-expired,SERVE,n0/bundle,True,0,0.025558000061209896
case-11,revocation,generated,3,lww,main,False,True,68091,68037,0,0,7.224962000009327,False,True,27,2,recovered,SERVE,n0/bundle,True,0,0.028443000019251485
case-11,revocation,generated,3,signed-index,main,True,False,67839,67785,0,0,10.266688000001523,True,False,1,2,base,SERVE,n0/bundle,True,0,0.0274709999530387
case-11,revocation,generated,3,signed-index,main,True,False,67839,67785,0,0,7.718184000054862,False,True,4,2,partition-young,SERVE,n0/bundle,True,0,0.02567900003214163
case-11,revocation,generated,3,signed-index,main,False,True,67839,67785,0,0,6.936287000030461,False,True,14,2,partition-expired,SERVE,n0/bundle,True,0,0.024036000013438752
case-11,revocation,generated,3,signed-index,main,False,True,68091,68037,0,0,7.331020999913562,False,True,27,2,recovered,SERVE,n0/bundle,True,0,0.029073999940010253
case-11,revocation,generated,3,transparency-only,main,True,False,67839,67785,0,0,59.250755999983085,True,False,1,2,base,SERVE,n0/bundle,True,0,0.06190299995978421
case-11,revocation,generated,3,transparency-only,main,True,False,67839,67785,0,0,8.079275999989477,False,True,4,2,partition-young,SERVE,n0/bundle,True,0,0.05654500000673579
case-11,revocation,generated,3,transparency-only,main,False,True,67839,67785,0,0,7.052912999938599,False,True,14,2,partition-expired,SERVE,n0/bundle,True,0,0.054761999990660115
case-11,revocation,generated,3,transparency-only,main,False,True,68091,68037,0,0,7.394426000018939,False,True,27,2,recovered,SERVE,n0/bundle,True,0,0.06019099998866295
case-11,revocation,generated,3,root-only,main,True,False,68492,67785,130,0,57.504578000020956,True,False,1,8,base,SERVE,n0/bundle,True,4,44.42494699992494
case-11,revocation,generated,3,root-only,main,True,False,68492,67785,130,0,58.339853999996194,False,True,4,8,partition-young,SERVE,n0/bundle,True,4,47.94790800008286
case-11,revocation,generated,3,root-only,main,False,True,68496,67786,130,0,57.8195919999871,False,True,14,8,partition-expired,SERVE,n0/bundle,True,4,47.036917000014
case-11,revocation,generated,3,root-only,main,False,False,68748,68038,129,0,53.16193299995575,False,False,27,8,recovered,REVOKED,n0/bundle,False,4,44.747831999984555
case-11,revocation,generated,3,all-namespaces,main,True,False,83317,75413,130,0,89.40227000005052,True,False,1,74,base,SERVE,n0/bundle,True,4,49.30508999996164
case-11,revocation,generated,3,all-namespaces,main,True,False,77982,75413,130,10,89.27376100007223,False,True,4,34,partition-young,SERVE,n0/bundle,True,4,64.25062799996795
case-11,revocation,generated,3,all-namespaces,main,False,False,77990,75415,130,10,70.85283300000356,False,False,14,34,partition-expired,EXPIRED,n0/bundle,False,4,48.05274599993936
case-11,revocation,generated,3,all-namespaces,main,False,False,83617,75677,129,0,90.7857969999668,False,False,27,74,recovered,REVOKED,n0/bundle,False,4,52.41538099994614
case-11,revocation,generated,3,scoped,main,True,False,74252,67785,130,0,71.30612499997824,True,False,1,30,base,SERVE,n0/bundle,True,4,47.47392500007663
case-11,revocation,generated,3,scoped,main,True,False,72647,67785,130,3,77.91570100005174,False,True,4,18,partition-young,SERVE,n0/bundle,True,4,56.01305400000456
case-11,revocation,generated,3,scoped,main,False,False,72651,67786,130,3,75.93416900010652,False,False,14,18,partition-expired,EXPIRED,n0/bundle,False,4,54.98486600004071
case-11,revocation,generated,3,scoped,main,False,False,74520,68041,129,0,67.58162099993115,False,False,27,30,recovered,REVOKED,n0/bundle,False,4,47.12301600000046
case-11,revocation,generated,3,status-proof,main,True,False,29716,25856,130,0,13.899394999953074,True,False,1,10,base,SERVE,n0/bundle,True,4,1.2395250000736269
case-11,revocation,generated,3,status-proof,main,True,False,2279,25856,130,3,9.572153000021899,False,True,4,4,partition-young,SERVE,n0/bundle,True,4,1.209088999985397
case-11,revocation,generated,3,status-proof,main,False,False,2281,25857,0,3,5.299815000057606,False,False,14,4,partition-expired,EXPIRED,n0/bundle,False,0,0.40289599996867764
case-11,revocation,generated,3,status-proof,main,False,False,29725,25861,11,0,9.034434000000147,False,False,27,10,recovered,INVALID_OR_MISSING_STATUS,n0/bundle,False,4,0.9336650000477675
case-12,revocation,generated,6,lww,main,True,False,70674,70620,0,0,10.165566000068793,True,False,1,2,base,SERVE,n0/bundle,True,0,0.0281320000112828
case-12,revocation,generated,6,lww,main,True,False,70674,70620,0,0,7.7196160000312375,False,True,4,2,partition-young,SERVE,n0/bundle,True,0,0.02643000004809437
case-12,revocation,generated,6,lww,main,False,True,70674,70620,0,0,7.076939000057791,False,True,14,2,partition-expired,SERVE,n0/bundle,True,0,0.026800999989973207
case-12,revocation,generated,6,lww,main,False,True,70926,70872,0,0,7.990303000042331,False,True,27,2,recovered,SERVE,n0/bundle,True,0,0.028092000093238312
case-12,revocation,generated,6,signed-index,main,True,False,70674,70620,0,0,12.211433999937071,True,False,1,2,base,SERVE,n0/bundle,True,0,0.02913299999818264
case-12,revocation,generated,6,signed-index,main,True,False,70674,70620,0,0,8.026207000057184,False,True,4,2,partition-young,SERVE,n0/bundle,True,0,0.02739100000326289
case-12,revocation,generated,6,signed-index,main,False,True,70674,70620,0,0,7.173113000021658,False,True,14,2,partition-expired,SERVE,n0/bundle,True,0,0.026629999979377317
case-12,revocation,generated,6,signed-index,main,False,True,70926,70872,0,0,7.073063000007096,False,True,27,2,recovered,SERVE,n0/bundle,True,0,0.02704999997149571
case-12,revocation,generated,6,transparency-only,main,True,False,70674,70620,0,0,11.118050000050061,True,False,1,2,base,SERVE,n0/bundle,True,0,0.06033099998603575
case-12,revocation,generated,6,transparency-only,main,True,False,70674,70620,0,0,8.423294000067472,False,True,4,2,partition-young,SERVE,n0/bundle,True,0,0.05488199997216725
case-12,revocation,generated,6,transparency-only,main,False,True,70674,70620,0,0,8.440910999979678,False,True,14,2,partition-expired,SERVE,n0/bundle,True,0,0.057816999969872995
case-12,revocation,generated,6,transparency-only,main,False,True,70926,70872,0,0,9.133373000054235,False,True,27,2,recovered,SERVE,n0/bundle,True,0,0.06502799999452691
case-12,revocation,generated,6,root-only,main,True,False,71330,70620,130,0,60.93572100007805,True,False,1,8,base,SERVE,n0/bundle,True,7,48.03667199996653
case-12,revocation,generated,6,root-only,main,True,False,71330,70620,130,0,56.12379100000453,False,True,4,8,partition-young,SERVE,n0/bundle,True,7,45.09574700000485
case-12,revocation,generated,6,root-only,main,False,True,71334,70621,130,0,59.54411799996251,False,True,14,8,partition-expired,SERVE,n0/bundle,True,7,48.795654000059585
case-12,revocation,generated,6,root-only,main,False,False,71586,70873,129,0,56.840018999992026,False,False,27,8,recovered,REVOKED,n0/bundle,False,7,47.986886999979106
case-12,revocation,generated,6,all-namespaces,main,True,False,83344,75395,130,0,90.0008670000716,True,False,1,74,base,SERVE,n0/bundle,True,7,49.91569999992862
case-12,revocation,generated,6,all-namespaces,main,True,False,78003,75395,130,10,80.55379100005666,False,True,4,34,partition-young,SERVE,n0/bundle,True,7,51.07030700003179
case-12,revocation,generated,6,all-namespaces,main,False,False,78011,75397,130,10,74.99331400003939,False,False,14,34,partition-expired,EXPIRED,n0/bundle,False,7,50.43492100003277
case-12,revocation,generated,6,all-namespaces,main,False,False,83644,75659,129,0,86.44599800004471,False,False,27,74,recovered,REVOKED,n0/bundle,False,7,51.92123699998774
case-12,revocation,generated,6,scoped,main,True,False,79106,70620,130,0,79.35665800005154,True,False,1,48,base,SERVE,n0/bundle,True,7,49.49061900003926
case-12,revocation,generated,6,scoped,main,True,False,76431,70620,130,5,85.50266600002487,False,True,4,28,partition-young,SERVE,n0/bundle,True,7,55.15350899997884
case-12,revocation,generated,6,scoped,main,False,False,76439,70622,130,5,86.55159499994625,False,False,14,28,partition-expired,EXPIRED,n0/bundle,False,7,50.52021800008788
case-12,revocation,generated,6,scoped,main,False,False,79386,70879,129,0,91.71365999998216,False,False,27,48,recovered,REVOKED,n0/bundle,False,7,62.90345900004013
case-12,revocation,generated,6,status-proof,main,True,False,30334,26345,130,0,22.085761999960596,True,False,1,16,base,SERVE,n0/bundle,True,7,2.56534000004649
case-12,revocation,generated,6,status-proof,main,True,False,6851,26345,130,5,8.865440000022318,False,True,4,6,partition-young,SERVE,n0/bundle,True,7,1.800910000042677
case-12,revocation,generated,6,status-proof,main,False,False,6855,26347,0,5,13.156467000044358,False,False,14,6,partition-expired,EXPIRED,n0/bundle,False,0,0.3904569999804153
case-12,revocation,generated,6,status-proof,main,False,False,30349,26353,20,0,10.405757000057747,False,False,27,16,recovered,INVALID_OR_MISSING_STATUS,n0/bundle,False,7,1.4487800000324569
case-13,grant_revocation,public-lock,1,lww,main,True,False,34888,34834,0,0,5.568207999999686,True,False,1,2,base,SERVE,n0/bundle,True,0,0.01912799996262038
case-13,grant_revocation,public-lock,1,lww,main,True,False,34888,34834,0,0,3.202027999918755,False,True,4,2,partition-young,SERVE,n0/bundle,True,0,0.016565000009904907
case-13,grant_revocation,public-lock,1,lww,main,False,True,34888,34834,0,0,2.4624860000130866,False,True,14,2,partition-expired,SERVE,n0/bundle,True,0,0.013850999948772369
case-13,grant_revocation,public-lock,1,lww,main,False,True,35141,35087,0,0,3.0682670000032886,False,True,27,2,recovered,SERVE,n0/bundle,True,0,0.01642500001253211
case-13,grant_revocation,public-lock,1,signed-index,main,True,False,34888,34834,0,0,4.112988999963818,True,False,1,2,base,SERVE,n0/bundle,True,0,0.017706999983602145
case-13,grant_revocation,public-lock,1,signed-index,main,True,False,34888,34834,0,0,3.104290999999648,False,True,4,2,partition-young,SERVE,n0/bundle,True,0,0.014130999943517963
case-13,grant_revocation,public-lock,1,signed-index,main,False,True,34888,34834,0,0,2.4416740000106074,False,True,14,2,partition-expired,SERVE,n0/bundle,True,0,0.0138609999567052
case-13,grant_revocation,public-lock,1,signed-index,main,False,True,35141,35087,0,0,2.7653409999857104,False,True,27,2,recovered,SERVE,n0/bundle,True,0,0.017275999994126323
case-13,grant_revocation,public-lock,1,transparency-only,main,True,False,34888,34834,0,0,4.444817000035073,True,False,1,2,base,SERVE,n0/bundle,True,0,0.03707600001234823
case-13,grant_revocation,public-lock,1,transparency-only,main,True,False,34888,34834,0,0,6.434071000057884,False,True,4,2,partition-young,SERVE,n0/bundle,True,0,0.03705599999648257
case-13,grant_revocation,public-lock,1,transparency-only,main,False,True,34888,34834,0,0,3.1484869999758303,False,True,14,2,partition-expired,SERVE,n0/bundle,True,0,0.0326690000065355
case-13,grant_revocation,public-lock,1,transparency-only,main,False,True,35141,35087,0,0,2.8572089998988304,False,True,27,2,recovered,SERVE,n0/bundle,True,0,0.03815700006271072
case-13,grant_revocation,public-lock,1,root-only,main,True,False,35539,34834,62,0,26.281964999952834,True,False,1,8,base,SERVE,n0/bundle,True,2,20.460397000078956
case-13,grant_revocation,public-lock,1,root-only,main,True,False,35539,34834,62,0,28.478381000013542,False,True,4,8,partition-young,SERVE,n0/bundle,True,2,23.43036500008111
case-13,grant_revocation,public-lock,1,root-only,main,False,True,35543,34835,62,0,26.14357800007383,False,True,14,8,partition-expired,SERVE,n0/bundle,True,2,21.286028999952578
case-13,grant_revocation,public-lock,1,root-only,main,False,False,35796,35088,2,0,26.57155099996089,False,False,27,8,recovered,CAPABILITY_REVOKED,n0/bundle,False,2,22.13536599992949
case-13,grant_revocation,public-lock,1,all-namespaces,main,True,False,52238,44364,62,0,53.26978400000826,True,False,1,74,base,SERVE,n0/bundle,True,2,29.45100400006595
case-13,grant_revocation,public-lock,1,all-namespaces,main,True,False,46909,44364,62,10,44.05746200006888,False,True,4,34,partition-young,SERVE,n0/bundle,True,2,28.787695999994867
case-13,grant_revocation,public-lock,1,all-namespaces,main,False,False,46917,44366,62,10,52.10385899999892,False,False,14,34,partition-expired,EXPIRED,n0/bundle,False,2,31.526847000009184
case-13,grant_revocation,public-lock,1,all-namespaces,main,False,False,52539,44629,2,0,52.66519400004199,False,False,27,74,recovered,CAPABILITY_REVOKED,n0/bundle,False,2,28.018267999982527
case-13,grant_revocation,public-lock,1,scoped,main,True,False,39179,34834,62,0,31.621220000033645,True,False,1,18,base,SERVE,n0/bundle,True,2,21.75801800001409
case-13,grant_revocation,public-lock,1,scoped,main,True,False,38644,34834,62,1,32.764540000016495,False,True,4,14,partition-young,SERVE,n0/bundle,True,2,23.71135700002469
case-13,grant_revocation,public-lock,1,scoped,main,False,False,38648,34835,62,1,31.976774999975532,False,False,14,14,partition-expired,EXPIRED,n0/bundle,False,2,23.19615299995803
case-13,grant_revocation,public-lock,1,scoped,main,False,False,39440,35089,2,0,30.564496000010877,False,False,27,18,recovered,CAPABILITY_REVOKED,n0/bundle,False,2,22.126894000052744
case-13,grant_revocation,public-lock,1,status-proof,main,True,False,18280,15292,62,0,6.354810000061661,True,False,1,6,base,SERVE,n0/bundle,True,2,0.708144999975957
case-13,grant_revocation,public-lock,1,status-proof,main,True,False,1887,15292,62,1,3.5079669999049656,False,True,4,4,partition-young,SERVE,n0/bundle,True,2,0.7580210000242005
case-13,grant_revocation,public-lock,1,status-proof,main,False,False,1889,15293,0,1,2.3769560000346246,False,False,14,4,partition-expired,EXPIRED,n0/bundle,False,0,0.45985200006271043
case-13,grant_revocation,public-lock,1,status-proof,main,False,False,18345,15355,2,0,4.413618999933533,False,False,27,6,recovered,INVALID_OR_MISSING_STATUS,n0/bundle,False,2,0.4880840000396347
case-14,grant_revocation,public-lock,3,lww,main,True,False,36778,36724,0,0,4.290935000085483,True,False,1,2,base,SERVE,n0/bundle,True,0,0.016916000049604918
case-14,grant_revocation,public-lock,3,lww,main,True,False,36778,36724,0,0,3.2712609998952757,False,True,4,2,partition-young,SERVE,n0/bundle,True,0,0.014582000062546285
case-14,grant_revocation,public-lock,3,lww,main,False,True,36778,36724,0,0,2.5384580000036294,False,True,14,2,partition-expired,SERVE,n0/bundle,True,0,0.014241000030779105
case-14,grant_revocation,public-lock,3,lww,main,False,True,37031,36977,0,0,2.8729819999853135,False,True,27,2,recovered,SERVE,n0/bundle,True,0,0.017366000065521803
case-14,grant_revocation,public-lock,3,signed-index,main,True,False,36778,36724,0,0,5.583869000020059,True,False,1,2,base,SERVE,n0/bundle,True,0,0.017716000002110377
case-14,grant_revocation,public-lock,3,signed-index,main,True,False,36778,36724,0,0,3.3156279999957405,False,True,4,2,partition-young,SERVE,n0/bundle,True,0,0.05077699995581497
case-14,grant_revocation,public-lock,3,signed-index,main,False,True,36778,36724,0,0,3.1586009999955422,False,True,14,2,partition-expired,SERVE,n0/bundle,True,0,0.01404100009949616
case-14,grant_revocation,public-lock,3,signed-index,main,False,True,37031,36977,0,0,2.76518999999098,False,True,27,2,recovered,SERVE,n0/bundle,True,0,0.017306000017924816
case-14,grant_revocation,public-lock,3,transparency-only,main,True,False,36778,36724,0,0,4.529743000034614,True,False,1,2,base,SERVE,n0/bundle,True,0,0.0355140000465326
case-14,grant_revocation,public-lock,3,transparency-only,main,True,False,36778,36724,0,0,3.4649130000161676,False,True,4,2,partition-young,SERVE,n0/bundle,True,0,0.03518300002269825
case-14,grant_revocation,public-lock,3,transparency-only,main,False,True,36778,36724,0,0,2.61555400004454,False,True,14,2,partition-expired,SERVE,n0/bundle,True,0,0.03844699995170231
case-14,grant_revocation,public-lock,3,transparency-only,main,False,True,37031,36977,0,0,3.4615069999972548,False,True,27,2,recovered,SERVE,n0/bundle,True,0,0.09698599990315415
case-14,grant_revocation,public-lock,3,root-only,main,True,False,37431,36724,62,0,31.45821500004331,True,False,1,8,base,SERVE,n0/bundle,True,4,24.4242309998981
case-14,grant_revocation,public-lock,3,root-only,main,True,False,37431,36724,62,0,31.510873999991418,False,True,4,8,partition-young,SERVE,n0/bundle,True,4,25.573320000034983
case-14,grant_revocation,public-lock,3,root-only,main,False,True,37435,36725,62,0,30.47028900004989,False,True,14,8,partition-expired,SERVE,n0/bundle,True,4,23.567341999978453
case-14,grant_revocation,public-lock,3,root-only,main,False,False,37688,36978,3,0,27.766739999947276,False,False,27,8,recovered,CAPABILITY_REVOKED,n0/bundle,False,3,23.236524000026293
case-14,grant_revocation,public-lock,3,all-namespaces,main,True,False,52256,44352,62,0,53.815116000009766,True,False,1,74,base,SERVE,n0/bundle,True,4,28.492463000020507
case-14,grant_revocation,public-lock,3,all-namespaces,main,True,False,46921,44352,62,10,44.42075899999054,False,True,4,34,partition-young,SERVE,n0/bundle,True,4,28.97952500006795
case-14,grant_revocation,public-lock,3,all-namespaces,main,False,False,46929,44354,62,10,44.19206599993686,False,False,14,34,partition-expired,EXPIRED,n0/bundle,False,4,29.423573999906694
case-14,grant_revocation,public-lock,3,all-namespaces,main,False,False,52557,44617,3,0,51.949518000014905,False,False,27,74,recovered,CAPABILITY_REVOKED,n0/bundle,False,3,28.91752200002884
case-14,grant_revocation,public-lock,3,scoped,main,True,False,42405,36724,62,0,51.26332100007858,True,False,1,30,base,SERVE,n0/bundle,True,4,33.84299300000748
case-14,grant_revocation,public-lock,3,scoped,main,True,False,40800,36724,62,3,32.24935600007939,False,True,4,18,partition-young,SERVE,n0/bundle,True,4,22.557101999950646
case-14,grant_revocation,public-lock,3,scoped,main,False,False,40804,36725,62,3,33.415188999924794,False,False,14,18,partition-expired,EXPIRED,n0/bundle,False,4,23.437235999949735
case-14,grant_revocation,public-lock,3,scoped,main,False,False,42674,36981,3,0,41.81197400009751,False,False,27,30,recovered,CAPABILITY_REVOKED,n0/bundle,False,3,28.508967000107077
case-14,grant_revocation,public-lock,3,status-proof,main,True,False,18692,15618,62,0,6.73462399993241,True,False,1,10,base,SERVE,n0/bundle,True,4,0.9592630000270219
case-14,grant_revocation,public-lock,3,status-proof,main,True,False,1897,15618,62,3,3.9779049999424387,False,True,4,4,partition-young,SERVE,n0/bundle,True,4,0.9614670000246406
case-14,grant_revocation,public-lock,3,status-proof,main,False,False,1899,15619,0,3,2.966002999983175,False,False,14,4,partition-expired,EXPIRED,n0/bundle,False,0,0.36895499999900494
case-14,grant_revocation,public-lock,3,status-proof,main,False,False,18721,15643,5,0,5.180984999924476,False,False,27,10,recovered,INVALID_OR_MISSING_STATUS,n0/bundle,False,3,0.7693879999806086
case-15,grant_revocation,public-lock,6,lww,main,True,False,39613,39559,0,0,7.585426999980882,True,False,1,2,base,SERVE,n0/bundle,True,0,0.02079099999718892
case-15,grant_revocation,public-lock,6,lww,main,True,False,39613,39559,0,0,7.615547999989758,False,True,4,2,partition-young,SERVE,n0/bundle,True,0,0.019769999994423415
case-15,grant_revocation,public-lock,6,lww,main,False,True,39613,39559,0,0,6.997328000011294,False,True,14,2,partition-expired,SERVE,n0/bundle,True,0,0.016234999975495157
case-15,grant_revocation,public-lock,6,lww,main,False,True,39866,39812,0,0,3.1587230000695854,False,True,27,2,recovered,SERVE,n0/bundle,True,0,0.01741599999149912
case-15,grant_revocation,public-lock,6,signed-index,main,True,False,39613,39559,0,0,4.428784000083397,True,False,1,2,base,SERVE,n0/bundle,True,0,0.017376999949192395
case-15,grant_revocation,public-lock,6,signed-index,main,True,False,39613,39559,0,0,3.3525439999948503,False,True,4,2,partition-young,SERVE,n0/bundle,True,0,0.01772599989635637
case-15,grant_revocation,public-lock,6,signed-index,main,False,True,39613,39559,0,0,2.741024999977526,False,True,14,2,partition-expired,SERVE,n0/bundle,True,0,0.015253000015036378
case-15,grant_revocation,public-lock,6,signed-index,main,False,True,39866,39812,0,0,2.8495880000036777,False,True,27,2,recovered,SERVE,n0/bundle,True,0,0.01781699995717645
case-15,grant_revocation,public-lock,6,transparency-only,main,True,False,39613,39559,0,0,4.789797000057661,True,False,1,2,base,SERVE,n0/bundle,True,0,0.0379770000336066
case-15,grant_revocation,public-lock,6,transparency-only,main,True,False,39613,39559,0,0,3.440125999986776,False,True,4,2,partition-young,SERVE,n0/bundle,True,0,0.034551999988252646
case-15,grant_revocation,public-lock,6,transparency-only,main,False,True,39613,39559,0,0,2.953533999971114,False,True,14,2,partition-expired,SERVE,n0/bundle,True,0,0.03458200001205114
case-15,grant_revocation,public-lock,6,transparency-only,main,False,True,39866,39812,0,0,2.896128000088538,False,True,27,2,recovered,SERVE,n0/bundle,True,0,0.03525299996454123
case-15,grant_revocation,public-lock,6,root-only,main,True,False,40269,39559,62,0,30.312218000062785,True,False,1,8,base,SERVE,n0/bundle,True,7,24.316416000033314
case-15,grant_revocation,public-lock,6,root-only,main,True,False,40269,39559,62,0,30.508944000075644,False,True,4,8,partition-young,SERVE,n0/bundle,True,7,25.2768919999653
case-15,grant_revocation,public-lock,6,root-only,main,False,True,40273,39560,62,0,29.8761320000267,False,True,14,8,partition-expired,SERVE,n0/bundle,True,7,25.245064000046114
case-15,grant_revocation,public-lock,6,root-only,main,False,False,40526,39813,3,0,29.602279999949133,False,False,27,8,recovered,CAPABILITY_REVOKED,n0/bundle,False,3,24.801185999990594
case-15,grant_revocation,public-lock,6,all-namespaces,main,True,False,52283,44334,62,0,56.829146000040964,True,False,1,74,base,SERVE,n0/bundle,True,7,28.79029799998989
case-15,grant_revocation,public-lock,6,all-namespaces,main,True,False,46942,44334,62,10,43.15739500009386,False,True,4,34,partition-young,SERVE,n0/bundle,True,7,28.211146999979064
case-15,grant_revocation,public-lock,6,all-namespaces,main,False,False,46950,44336,62,10,41.1304059999793,False,False,14,34,partition-expired,EXPIRED,n0/bundle,False,7,26.95476700000654
case-15,grant_revocation,public-lock,6,all-namespaces,main,False,False,52584,44599,3,0,50.50812500007851,False,False,27,74,recovered,CAPABILITY_REVOKED,n0/bundle,False,3,27.614029000005758
case-15,grant_revocation,public-lock,6,scoped,main,True,False,47259,39559,62,0,42.078421000042,True,False,1,48,base,SERVE,n0/bundle,True,7,23.996785999997883
case-15,grant_revocation,public-lock,6,scoped,main,True,False,44584,39559,62,5,36.4833930000259,False,True,4,28,partition-young,SERVE,n0/bundle,True,7,23.68867199993474
case-15,grant_revocation,public-lock,6,scoped,main,False,False,44592,39561,62,5,37.30659200004993,False,False,14,28,partition-expired,EXPIRED,n0/bundle,False,7,24.319119999972827
case-15,grant_revocation,public-lock,6,scoped,main,False,False,47540,39819,3,0,40.86842100002741,False,False,27,48,recovered,CAPABILITY_REVOKED,n0/bundle,False,3,23.99816800004828
case-15,grant_revocation,public-lock,6,status-proof,main,True,False,19310,16107,62,0,7.825464000006832,True,False,1,16,base,SERVE,n0/bundle,True,7,1.4155499999333188
case-15,grant_revocation,public-lock,6,status-proof,main,True,False,4674,16107,62,5,5.019603000050665,False,True,4,6,partition-young,SERVE,n0/bundle,True,7,1.5147390000720407
case-15,grant_revocation,public-lock,6,status-proof,main,False,False,4678,16109,0,5,2.861815999949613,False,False,14,6,partition-expired,EXPIRED,n0/bundle,False,0,0.3419649999614194
case-15,grant_revocation,public-lock,6,status-proof,main,False,False,19335,16125,5,0,6.362082999999075,False,False,27,16,recovered,INVALID_OR_MISSING_STATUS,n0/bundle,False,4,1.5393459999586412
case-16,grant_revocation,generated,1,lww,main,True,False,65982,65928,0,0,10.044413000059649,True,False,1,2,base,SERVE,n0/bundle,True,0,0.024918000008256058
case-16,grant_revocation,generated,1,lww,main,True,False,65982,65928,0,0,7.478953000031652,False,True,4,2,partition-young,SERVE,n0/bundle,True,0,0.02188300004490884
case-16,grant_revocation,generated,1,lww,main,False,True,65982,65928,0,0,4.334010999968996,False,True,14,2,partition-expired,SERVE,n0/bundle,True,0,0.023554999984298775
case-16,grant_revocation,generated,1,lww,main,False,True,66236,66182,0,0,4.86571199996888,False,True,27,2,recovered,SERVE,n0/bundle,True,0,0.04201399997327826
case-16,grant_revocation,generated,1,signed-index,main,True,False,65982,65928,0,0,10.516323000047123,True,False,1,2,base,SERVE,n0/bundle,True,0,0.029734999998254352
case-16,grant_revocation,generated,1,signed-index,main,True,False,65982,65928,0,0,6.340581000017664,False,True,4,2,partition-young,SERVE,n0/bundle,True,0,0.0234550000186573
case-16,grant_revocation,generated,1,signed-index,main,False,True,65982,65928,0,0,4.3691350000472085,False,True,14,2,partition-expired,SERVE,n0/bundle,True,0,0.022252999997363077
case-16,grant_revocation,generated,1,signed-index,main,False,True,66236,66182,0,0,5.219033000003037,False,True,27,2,recovered,SERVE,n0/bundle,True,0,0.026690000026974303
case-16,grant_revocation,generated,1,transparency-only,main,True,False,65982,65928,0,0,12.682753999911256,True,False,1,2,base,SERVE,n0/bundle,True,0,0.0639059999230085
case-16,grant_revocation,generated,1,transparency-only,main,True,False,65982,65928,0,0,7.878804000029049,False,True,4,2,partition-young,SERVE,n0/bundle,True,0,0.05449200000384735
case-16,grant_revocation,generated,1,transparency-only,main,False,True,65982,65928,0,0,5.21571700005552,False,True,14,2,partition-expired,SERVE,n0/bundle,True,0,0.05364100002225314
case-16,grant_revocation,generated,1,transparency-only,main,False,True,66236,66182,0,0,5.038431999992099,False,True,27,2,recovered,SERVE,n0/bundle,True,0,0.056985999890457606
case-16,grant_revocation,generated,1,root-only,main,True,False,66634,65928,130,0,57.75830599998244,True,False,1,8,base,SERVE,n0/bundle,True,2,44.56569599994964
case-16,grant_revocation,generated,1,root-only,main,True,False,66634,65928,130,0,52.71598899992114,False,True,4,8,partition-young,SERVE,n0/bundle,True,2,43.78777500005526
case-16,grant_revocation,generated,1,root-only,main,False,True,66638,65929,130,0,52.13480400004755,False,True,14,8,partition-expired,SERVE,n0/bundle,True,2,44.594338000024436
case-16,grant_revocation,generated,1,root-only,main,False,False,66892,66183,2,0,53.17916599994987,False,False,27,8,recovered,CAPABILITY_REVOKED,n0/bundle,False,2,46.10079599990513
case-16,grant_revocation,generated,1,all-namespaces,main,True,False,83347,75458,130,0,98.62485500002549,True,False,1,74,base,SERVE,n0/bundle,True,2,56.275935000030586
case-16,grant_revocation,generated,1,all-namespaces,main,True,False,78015,75458,130,10,72.61168899992754,False,True,4,34,partition-young,SERVE,n0/bundle,True,2,47.99937199993565
case-16,grant_revocation,generated,1,all-namespaces,main,False,False,78023,75460,130,10,68.4091419999504,False,False,14,34,partition-expired,EXPIRED,n0/bundle,False,2,47.6930510000102
case-16,grant_revocation,generated,1,all-namespaces,main,False,False,83649,75724,2,0,78.32026400001268,False,False,27,74,recovered,CAPABILITY_REVOKED,n0/bundle,False,2,49.932140000009895
case-16,grant_revocation,generated,1,scoped,main,True,False,71064,65928,130,0,60.965020000026016,True,False,1,18,base,SERVE,n0/bundle,True,2,43.03359100003945
case-16,grant_revocation,generated,1,scoped,main,True,False,70526,65928,130,1,55.907420000039565,False,True,4,14,partition-young,SERVE,n0/bundle,True,2,42.36737799999446
case-16,grant_revocation,generated,1,scoped,main,False,False,70530,65929,130,1,53.77850699994724,False,False,14,14,partition-expired,EXPIRED,n0/bundle,False,2,41.568856000026244
case-16,grant_revocation,generated,1,scoped,main,False,False,71326,66184,2,0,54.03506400000424,False,False,27,18,recovered,CAPABILITY_REVOKED,n0/bundle,False,2,41.81633899997905
case-16,grant_revocation,generated,1,status-proof,main,True,False,29305,25531,130,0,13.415697000027649,True,False,1,6,base,SERVE,n0/bundle,True,2,0.9098090000634329
case-16,grant_revocation,generated,1,status-proof,main,True,False,2269,25531,130,1,6.381492000059552,False,True,4,4,partition-young,SERVE,n0/bundle,True,2,0.8942560000377853
case-16,grant_revocation,generated,1,status-proof,main,False,False,2271,25532,0,1,3.588138999930379,False,False,14,4,partition-expired,EXPIRED,n0/bundle,False,0,0.5246800000122676
case-16,grant_revocation,generated,1,status-proof,main,False,False,29438,25662,2,0,8.42325400003574,False,False,27,6,recovered,INVALID_OR_MISSING_STATUS,n0/bundle,False,2,0.6548250000832923
case-17,grant_revocation,generated,3,lww,main,True,False,67839,67785,0,0,9.953257000006488,True,False,1,2,base,SERVE,n0/bundle,True,0,0.028102999976908905
case-17,grant_revocation,generated,3,lww,main,True,False,67839,67785,0,0,6.463875999997981,False,True,4,2,partition-young,SERVE,n0/bundle,True,0,0.025419000053261698
case-17,grant_revocation,generated,3,lww,main,False,True,67839,67785,0,0,4.970118000073853,False,True,14,2,partition-expired,SERVE,n0/bundle,True,0,0.024757000005593
case-17,grant_revocation,generated,3,lww,main,False,True,68092,68038,0,0,4.924820000042018,False,True,27,2,recovered,SERVE,n0/bundle,True,0,0.025888999971357407
case-17,grant_revocation,generated,3,signed-index,main,True,False,67839,67785,0,0,10.413358999926459,True,False,1,2,base,SERVE,n0/bundle,True,0,0.02615899995817017
case-17,grant_revocation,generated,3,signed-index,main,True,False,67839,67785,0,0,6.507280999926479,False,True,4,2,partition-young,SERVE,n0/bundle,True,0,0.025768000000425673
case-17,grant_revocation,generated,3,signed-index,main,False,True,67839,67785,0,0,4.676345999996556,False,True,14,2,partition-expired,SERVE,n0/bundle,True,0,0.02469800006110745
case-17,grant_revocation,generated,3,signed-index,main,False,True,68092,68038,0,0,4.9934529999973165,False,True,27,2,recovered,SERVE,n0/bundle,True,0,0.04991499997686333
case-17,grant_revocation,generated,3,transparency-only,main,True,False,67839,67785,0,0,63.571475000003375,True,False,1,2,base,SERVE,n0/bundle,True,0,0.06997599996338977
case-17,grant_revocation,generated,3,transparency-only,main,True,False,67839,67785,0,0,7.441002000064145,False,True,4,2,partition-young,SERVE,n0/bundle,True,0,0.05857799999375857
case-17,grant_revocation,generated,3,transparency-only,main,False,True,67839,67785,0,0,4.998411000087799,False,True,14,2,partition-expired,SERVE,n0/bundle,True,0,0.05611500000668457
case-17,grant_revocation,generated,3,transparency-only,main,False,True,68092,68038,0,0,5.281607000028998,False,True,27,2,recovered,SERVE,n0/bundle,True,0,0.06321499995465274
case-17,grant_revocation,generated,3,root-only,main,True,False,68492,67785,130,0,57.368311000004724,True,False,1,8,base,SERVE,n0/bundle,True,4,43.91312500001732
case-17,grant_revocation,generated,3,root-only,main,True,False,68492,67785,130,0,54.56616500009659,False,True,4,8,partition-young,SERVE,n0/bundle,True,4,45.515657000009924
case-17,grant_revocation,generated,3,root-only,main,False,True,68496,67786,130,0,50.808480999990024,False,True,14,8,partition-expired,SERVE,n0/bundle,True,4,43.140052000012474
case-17,grant_revocation,generated,3,root-only,main,False,False,68749,68039,3,0,50.74353199995585,False,False,27,8,recovered,CAPABILITY_REVOKED,n0/bundle,False,3,43.9416380000921
case-17,grant_revocation,generated,3,all-namespaces,main,True,False,83317,75413,130,0,82.06451099999867,True,False,1,74,base,SERVE,n0/bundle,True,4,48.19646099997499
case-17,grant_revocation,generated,3,all-namespaces,main,True,False,77982,75413,130,10,70.27102500001092,False,True,4,34,partition-young,SERVE,n0/bundle,True,4,47.88680399997247
case-17,grant_revocation,generated,3,all-namespaces,main,False,False,77990,75415,130,10,68.7209330000087,False,False,14,34,partition-expired,EXPIRED,n0/bundle,False,4,47.57855000002564
case-17,grant_revocation,generated,3,all-namespaces,main,False,False,83618,75678,3,0,76.21979600003215,False,False,27,74,recovered,CAPABILITY_REVOKED,n0/bundle,False,3,48.17716100001235
case-17,grant_revocation,generated,3,scoped,main,True,False,74252,67785,130,0,71.1762970000791,True,False,1,30,base,SERVE,n0/bundle,True,4,46.141067999997176
case-17,grant_revocation,generated,3,scoped,main,True,False,72647,67785,130,3,60.81188600001042,False,True,4,18,partition-young,SERVE,n0/bundle,True,4,43.95591700006207
case-17,grant_revocation,generated,3,scoped,main,False,False,72651,67786,130,3,61.87669899998127,False,False,14,18,partition-expired,EXPIRED,n0/bundle,False,4,44.459075000077064
case-17,grant_revocation,generated,3,scoped,main,False,False,74521,68042,3,0,61.693740999999136,False,False,27,30,recovered,CAPABILITY_REVOKED,n0/bundle,False,3,45.50075500003459
case-17,grant_revocation,generated,3,status-proof,main,True,False,29716,25856,130,0,13.144128000021738,True,False,1,10,base,SERVE,n0/bundle,True,4,1.2413079999760157
case-17,grant_revocation,generated,3,status-proof,main,True,False,2279,25856,130,3,7.319542999994155,False,True,4,4,partition-young,SERVE,n0/bundle,True,4,1.2182230000234995
case-17,grant_revocation,generated,3,status-proof,main,False,False,2281,25857,0,3,3.646215999992819,False,False,14,4,partition-expired,EXPIRED,n0/bundle,False,0,0.3892049999194569
case-17,grant_revocation,generated,3,status-proof,main,False,False,29767,25903,7,0,7.204290000004221,False,False,27,10,recovered,INVALID_OR_MISSING_STATUS,n0/bundle,False,4,0.9083769999733704
case-18,grant_revocation,generated,6,lww,main,True,False,70674,70620,0,0,10.608221999973466,True,False,1,2,base,SERVE,n0/bundle,True,0,0.028202000066812616
case-18,grant_revocation,generated,6,lww,main,True,False,70674,70620,0,0,7.490501000006589,False,True,4,2,partition-young,SERVE,n0/bundle,True,0,0.025739000079738616
case-18,grant_revocation,generated,6,lww,main,False,True,70674,70620,0,0,5.240114999992329,False,True,14,2,partition-expired,SERVE,n0/bundle,True,0,0.025117999939539004
case-18,grant_revocation,generated,6,lww,main,False,True,70927,70873,0,0,5.2227890000722255,False,True,27,2,recovered,SERVE,n0/bundle,True,0,0.046579999889218016
case-18,grant_revocation,generated,6,signed-index,main,True,False,70674,70620,0,0,11.056646999918485,True,False,1,2,base,SERVE,n0/bundle,True,0,0.026280000042788743
case-18,grant_revocation,generated,6,signed-index,main,True,False,70674,70620,0,0,6.743628000094759,False,True,4,2,partition-young,SERVE,n0/bundle,True,0,0.02474699999766017
case-18,grant_revocation,generated,6,signed-index,main,False,True,70674,70620,0,0,5.221435999942514,False,True,14,2,partition-expired,SERVE,n0/bundle,True,0,0.026450000063960033
case-18,grant_revocation,generated,6,signed-index,main,False,True,70927,70873,0,0,6.897087999959695,False,True,27,2,recovered,SERVE,n0/bundle,True,0,0.030175000006238406
case-18,grant_revocation,generated,6,transparency-only,main,True,False,70674,70620,0,0,11.127733999956035,True,False,1,2,base,SERVE,n0/bundle,True,0,0.1281030000654937
case-18,grant_revocation,generated,6,transparency-only,main,True,False,70674,70620,0,0,8.098094999922978,False,True,4,2,partition-young,SERVE,n0/bundle,True,0,0.05787700001746998
case-18,grant_revocation,generated,6,transparency-only,main,False,True,70674,70620,0,0,4.93210199999794,False,True,14,2,partition-expired,SERVE,n0/bundle,True,0,0.0565149999829373
case-18,grant_revocation,generated,6,transparency-only,main,False,True,70927,70873,0,0,5.424812999990536,False,True,27,2,recovered,SERVE,n0/bundle,True,0,0.05987099996218603
case-18,grant_revocation,generated,6,root-only,main,True,False,71330,70620,130,0,57.64772300005916,True,False,1,8,base,SERVE,n0/bundle,True,7,45.265521000033004
case-18,grant_revocation,generated,6,root-only,main,True,False,71330,70620,130,0,54.652175999990504,False,True,4,8,partition-young,SERVE,n0/bundle,True,7,45.89128299994627
case-18,grant_revocation,generated,6,root-only,main,False,True,71334,70621,130,0,53.51138000003175,False,True,14,8,partition-expired,SERVE,n0/bundle,True,7,45.900556999981745
case-18,grant_revocation,generated,6,root-only,main,False,False,71587,70874,3,0,52.188800000067204,False,False,27,8,recovered,CAPABILITY_REVOKED,n0/bundle,False,3,45.40813699998125
case-18,grant_revocation,generated,6,all-namespaces,main,True,False,83344,75395,130,0,87.03291000006175,True,False,1,74,base,SERVE,n0/bundle,True,7,49.80296999997336
case-18,grant_revocation,generated,6,all-namespaces,main,True,False,78003,75395,130,10,78.22738000004392,False,True,4,34,partition-young,SERVE,n0/bundle,True,7,54.34689699995943
case-18,grant_revocation,generated,6,all-namespaces,main,False,False,78011,75397,130,10,70.48072400004912,False,False,14,34,partition-expired,EXPIRED,n0/bundle,False,7,49.13059800003339
case-18,grant_revocation,generated,6,all-namespaces,main,False,False,83645,75660,3,0,82.00953199991545,False,False,27,74,recovered,CAPABILITY_REVOKED,n0/bundle,False,3,51.241603999983454
case-18,grant_revocation,generated,6,scoped,main,True,False,79106,70620,130,0,77.30354000000261,True,False,1,48,base,SERVE,n0/bundle,True,7,47.67701099990518
case-18,grant_revocation,generated,6,scoped,main,True,False,76431,70620,130,5,67.8940220000186,False,True,4,28,partition-young,SERVE,n0/bundle,True,7,47.337569999967855
case-18,grant_revocation,generated,6,scoped,main,False,False,76439,70622,130,5,67.01224400001138,False,False,14,28,partition-expired,EXPIRED,n0/bundle,False,7,47.52345999997942
case-18,grant_revocation,generated,6,scoped,main,False,False,79387,70880,3,0,68.2224459999361,False,False,27,48,recovered,CAPABILITY_REVOKED,n0/bundle,False,3,45.21368400003212
case-18,grant_revocation,generated,6,status-proof,main,True,False,30334,26345,130,0,15.421053999943979,True,False,1,16,base,SERVE,n0/bundle,True,7,1.7685110000229542
case-18,grant_revocation,generated,6,status-proof,main,True,False,6851,26345,130,5,7.894951000025685,False,True,4,6,partition-young,SERVE,n0/bundle,True,7,1.8717269999797281
case-18,grant_revocation,generated,6,status-proof,main,False,False,6855,26347,0,5,5.504672000029132,False,False,14,6,partition-expired,EXPIRED,n0/bundle,False,0,1.4657059999763078
case-18,grant_revocation,generated,6,status-proof,main,False,False,30370,26374,12,0,8.305187000019032,False,False,27,16,recovered,INVALID_OR_MISSING_STATUS,n0/bundle,False,7,1.3580539999793473
case-19,transfer,public-lock,1,lww,main,True,False,34888,34834,0,0,4.5504269999128155,True,False,1,2,base,SERVE,n0/bundle,True,0,0.01741599999149912
case-19,transfer,public-lock,1,lww,main,True,False,34888,34834,0,0,4.411929000070813,True,False,4,2,partition-young,SERVE,n0/bundle,True,0,0.018517999933465035
case-19,transfer,public-lock,1,lww,main,True,False,34888,34834,0,0,4.876708999972834,True,False,14,2,partition-expired,SERVE,n0/bundle,True,0,0.01402099996994366
case-19,transfer,public-lock,1,lww,main,True,False,35927,35873,0,0,4.830037999909109,True,False,27,2,recovered,SERVE,n0/bundle,True,0,0.015414000017699436
case-19,transfer,public-lock,1,lww,probe,False,False,34525,34456,0,0,2.401604000056068,False,False,27,2,transfer-probe,MISSING_OR_ROOT_REVOKED,n1/old-grant-publication,False,0,0.08080199995674775
case-19,transfer,public-lock,1,lww,probe,True,False,34525,34456,0,0,2.233670999999049,True,False,27,2,transfer-probe,SERVE,n1/new-owner-publication,True,0,0.01428100006251043
case-19,transfer,public-lock,1,signed-index,main,True,False,34888,34834,0,0,4.657787999917673,True,False,1,2,base,SERVE,n0/bundle,True,0,0.015533000009781972
case-19,transfer,public-lock,1,signed-index,main,True,False,34888,34834,0,0,4.294060999995963,True,False,4,2,partition-young,SERVE,n0/bundle,True,0,0.015583000049446127
case-19,transfer,public-lock,1,signed-index,main,True,False,34888,34834,0,0,4.776246999995237,True,False,14,2,partition-expired,SERVE,n0/bundle,True,0,0.01372100007301924
case-19,transfer,public-lock,1,signed-index,main,True,False,35927,35873,0,0,5.1252019999310505,True,False,27,2,recovered,SERVE,n0/bundle,True,0,0.01617499992789817
case-19,transfer,public-lock,1,signed-index,probe,False,False,34525,34456,0,0,2.5093159999869386,False,False,27,2,transfer-probe,MISSING_OR_ROOT_REVOKED,n1/old-grant-publication,False,0,0.013389999935498054
case-19,transfer,public-lock,1,signed-index,probe,True,False,34525,34456,0,0,2.518310000027668,True,False,27,2,transfer-probe,SERVE,n1/new-owner-publication,True,0,0.014762000091650407
case-19,transfer,public-lock,1,transparency-only,main,True,False,34888,34834,0,0,5.415749999997388,True,False,1,2,base,SERVE,n0/bundle,True,0,0.06296499998370564
case-19,transfer,public-lock,1,transparency-only,main,True,False,34888,34834,0,0,4.182954000043537,True,False,4,2,partition-young,SERVE,n0/bundle,True,0,0.03194800001438125
case-19,transfer,public-lock,1,transparency-only,main,True,False,34888,34834,0,0,5.143329000020458,True,False,14,2,partition-expired,SERVE,n0/bundle,True,0,0.03215799995359703
case-19,transfer,public-lock,1,transparency-only,main,True,False,35927,35873,0,0,4.809696999927837,True,False,27,2,recovered,SERVE,n0/bundle,True,0,0.03376100005425542
case-19,transfer,public-lock,1,transparency-only,probe,False,False,34525,34456,0,0,2.3198199999114877,False,False,27,2,transfer-probe,MISSING_OR_ROOT_REVOKED,n1/old-grant-publication,False,0,0.013571000067713612
case-19,transfer,public-lock,1,transparency-only,probe,True,False,34525,34456,0,0,2.197916999989502,True,False,27,2,transfer-probe,SERVE,n1/new-owner-publication,True,0,0.013829999943482107
case-19,transfer,public-lock,1,root-only,main,True,False,35539,34834,62,0,26.424641999938103,True,False,1,8,base,SERVE,n0/bundle,True,2,20.443763000002946
case-19,transfer,public-lock,1,root-only,main,True,False,35539,34834,62,0,26.11475599996993,True,False,4,8,partition-young,SERVE,n0/bundle,True,2,20.345113999951536
case-19,transfer,public-lock,1,root-only,main,True,False,35543,34835,62,0,27.211105999981555,True,False,14,8,partition-expired,SERVE,n0/bundle,True,2,20.791244999941227
case-19,transfer,public-lock,1,root-only,main,True,False,36582,35874,62,0,29.787220999992314,True,False,27,8,recovered,SERVE,n0/bundle,True,2,23.55015499995261
case-19,transfer,public-lock,1,root-only,probe,False,False,35183,34457,1,0,24.180254000043533,False,False,27,8,transfer-probe,MISSING_DEPENDENCY,n1/old-grant-publication,False,1,19.947884999965027
case-19,transfer,public-lock,1,root-only,probe,True,False,35183,34457,1,0,25.401641999906133,True,False,27,8,transfer-probe,SERVE,n1/new-owner-publication,True,1,20.39366600001813
case-19,transfer,public-lock,1,all-namespaces,main,True,False,52238,44364,62,0,49.436916999979985,True,False,1,74,base,SERVE,n0/bundle,True,2,26.860125999974116
case-19,transfer,public-lock,1,all-namespaces,main,True,False,46909,44364,62,10,42.09762400000727,True,False,4,34,partition-young,SERVE,n0/bundle,True,2,26.763480999989042
case-19,transfer,public-lock,1,all-namespaces,main,True,False,46917,44366,62,10,42.313098000022364,True,False,14,34,partition-expired,EXPIRED,n0/bundle,False,2,26.760465999927874
case-19,transfer,public-lock,1,all-namespaces,main,True,False,53325,45415,62,0,55.65260000003036,True,False,27,74,recovered,SERVE,n0/bundle,True,2,27.66100100006952
case-19,transfer,public-lock,1,all-namespaces,probe,False,False,53355,45430,1,0,49.32516899998518,False,False,27,74,transfer-probe,MISSING_DEPENDENCY,n1/old-grant-publication,False,1,27.086967000059303
case-19,transfer,public-lock,1,all-namespaces,probe,True,False,53355,45430,1,0,49.09800699999778,True,False,27,74,transfer-probe,SERVE,n1/new-owner-publication,True,1,26.887858000009146
case-19,transfer,public-lock,1,scoped,main,True,False,39179,34834,62,0,32.54522099996393,True,False,1,18,base,SERVE,n0/bundle,True,2,21.03501099998084
case-19,transfer,public-lock,1,scoped,main,True,False,38644,34834,62,1,29.45786499992664,True,False,4,14,partition-young,SERVE,n0/bundle,True,2,20.65624099998331
case-19,transfer,public-lock,1,scoped,main,True,False,38648,34835,62,1,30.399060999911853,True,False,14,14,partition-expired,EXPIRED,n0/bundle,False,2,21.81763900000533
case-19,transfer,public-lock,1,scoped,main,True,False,40226,35875,62,0,32.86793600000237,True,False,27,18,recovered,SERVE,n0/bundle,True,2,22.436329000015576
case-19,transfer,public-lock,1,scoped,probe,False,False,35403,34457,1,0,26.412672999981623,False,False,27,12,transfer-probe,MISSING_DEPENDENCY,n1/old-grant-publication,False,1,20.047454999939873
case-19,transfer,public-lock,1,scoped,probe,True,False,35403,34457,1,0,26.806074999967677,True,False,27,12,transfer-probe,SERVE,n1/new-owner-publication,True,1,20.45931500003917
case-19,transfer,public-lock,1,status-proof,main,True,False,18280,15292,62,0,5.9633829999938825,True,False,1,6,base,SERVE,n0/bundle,True,2,0.630347999958758
case-19,transfer,public-lock,1,status-proof,main,True,False,1887,15292,62,1,4.364066999983152,True,False,4,4,partition-young,SERVE,n0/bundle,True,2,0.623358000098051
case-19,transfer,public-lock,1,status-proof,main,True,False,1889,15293,0,1,3.4556489999886253,True,False,14,4,partition-expired,EXPIRED,n0/bundle,False,0,0.43531500000426604
case-19,transfer,public-lock,1,status-proof,main,True,False,18284,15294,62,0,6.265598000027239,True,False,27,6,recovered,SERVE,n0/bundle,True,2,0.6106990000489532
case-19,transfer,public-lock,1,status-proof,probe,False,False,405,230,1,0,1.8935790000114139,False,False,27,4,transfer-probe,INVALID_OR_MISSING_STATUS,n1/old-grant-publication,False,1,0.17108699989876186
case-19,transfer,public-lock,1,status-proof,probe,True,False,548,373,1,0,1.9608909999533353,True,False,27,4,transfer-probe,SERVE,n1/new-owner-publication,True,1,0.2765159999853495
case-20,transfer,public-lock,3,lww,main,True,False,36778,36724,0,0,4.481072999965363,True,False,1,2,base,SERVE,n0/bundle,True,0,0.016203999962272064
case-20,transfer,public-lock,3,lww,main,True,False,36778,36724,0,0,4.626630999950976,True,False,4,2,partition-young,SERVE,n0/bundle,True,0,0.014320999980554916
case-20,transfer,public-lock,3,lww,main,True,False,36778,36724,0,0,5.300554999962515,True,False,14,2,partition-expired,SERVE,n0/bundle,True,0,0.014982999914536776
case-20,transfer,public-lock,3,lww,main,True,False,37817,37763,0,0,4.952081000055841,True,False,27,2,recovered,SERVE,n0/bundle,True,0,0.016735000031076197
case-20,transfer,public-lock,3,lww,probe,False,False,13104,13035,0,0,2.09652500006996,False,False,27,2,transfer-probe,MISSING_OR_ROOT_REVOKED,n1/old-grant-publication,False,0,0.00817299996924703
case-20,transfer,public-lock,3,lww,probe,True,False,13104,13035,0,0,1.8318859999908454,True,False,27,2,transfer-probe,SERVE,n1/new-owner-publication,True,0,0.007520999929511163
case-20,transfer,public-lock,3,signed-index,main,True,False,36778,36724,0,0,4.580282000006264,True,False,1,2,base,SERVE,n0/bundle,True,0,0.016656000070724986
case-20,transfer,public-lock,3,signed-index,main,True,False,36778,36724,0,0,4.223003999982211,True,False,4,2,partition-young,SERVE,n0/bundle,True,0,0.014711999938299414
case-20,transfer,public-lock,3,signed-index,main,True,False,36778,36724,0,0,4.907955000021502,True,False,14,2,partition-expired,SERVE,n0/bundle,True,0,0.013741000088884903
case-20,transfer,public-lock,3,signed-index,main,True,False,37817,37763,0,0,5.814278999991984,True,False,27,2,recovered,SERVE,n0/bundle,True,0,0.017696999975669314
case-20,transfer,public-lock,3,signed-index,probe,False,False,13104,13035,0,0,1.6981460000806692,False,False,27,2,transfer-probe,MISSING_OR_ROOT_REVOKED,n1/old-grant-publication,False,0,0.007191000008788251
case-20,transfer,public-lock,3,signed-index,probe,True,False,13104,13035,0,0,2.023966000024302,True,False,27,2,transfer-probe,SERVE,n1/new-owner-publication,True,0,0.007621999998264073
case-20,transfer,public-lock,3,transparency-only,main,True,False,36778,36724,0,0,4.315502999929777,True,False,1,2,base,SERVE,n0/bundle,True,0,0.03468200009137945
case-20,transfer,public-lock,3,transparency-only,main,True,False,36778,36724,0,0,4.229283999961808,True,False,4,2,partition-young,SERVE,n0/bundle,True,0,0.03325000000131695
case-20,transfer,public-lock,3,transparency-only,main,True,False,36778,36724,0,0,4.9215559999993275,True,False,14,2,partition-expired,SERVE,n0/bundle,True,0,0.03180800001700845
case-20,transfer,public-lock,3,transparency-only,main,True,False,37817,37763,0,0,5.612665000057859,True,False,27,2,recovered,SERVE,n0/bundle,True,0,0.034791999951266916
case-20,transfer,public-lock,3,transparency-only,probe,False,False,13104,13035,0,0,1.717184000085581,False,False,27,2,transfer-probe,MISSING_OR_ROOT_REVOKED,n1/old-grant-publication,False,0,0.007231000040519575
case-20,transfer,public-lock,3,transparency-only,probe,True,False,13104,13035,0,0,1.6539089999696444,True,False,27,2,transfer-probe,SERVE,n1/new-owner-publication,True,0,0.008051999998315296
case-20,transfer,public-lock,3,root-only,main,True,False,37431,36724,62,0,28.452494000021034,True,False,1,8,base,SERVE,n0/bundle,True,4,22.333246000016516
case-20,transfer,public-lock,3,root-only,main,True,False,37431,36724,62,0,28.981589000068197,True,False,4,8,partition-young,SERVE,n0/bundle,True,4,22.71619099997224
case-20,transfer,public-lock,3,root-only,main,True,False,37435,36725,62,0,29.48780099995929,True,False,14,8,partition-expired,SERVE,n0/bundle,True,4,22.390450999978384
case-20,transfer,public-lock,3,root-only,main,True,False,38474,37764,62,0,30.018468999969627,True,False,27,8,recovered,SERVE,n0/bundle,True,4,23.387221999996655
case-20,transfer,public-lock,3,root-only,probe,False,False,13764,13036,1,0,12.338144999944234,False,False,27,8,transfer-probe,MISSING_DEPENDENCY,n1/old-grant-publication,False,1,8.691428000020096
case-20,transfer,public-lock,3,root-only,probe,True,False,13764,13036,1,0,14.11694199998692,True,False,27,8,transfer-probe,SERVE,n1/new-owner-publication,True,1,10.414029999992636
case-20,transfer,public-lock,3,all-namespaces,main,True,False,52256,44352,62,0,51.94424100000106,True,False,1,74,base,SERVE,n0/bundle,True,4,27.587591000042266
case-20,transfer,public-lock,3,all-namespaces,main,True,False,46921,44352,62,10,43.29494700004943,True,False,4,34,partition-young,SERVE,n0/bundle,True,4,26.89519900002324
case-20,transfer,public-lock,3,all-namespaces,main,True,False,46929,44354,62,10,41.64872000001196,True,False,14,34,partition-expired,EXPIRED,n0/bundle,False,4,26.676141000052667
case-20,transfer,public-lock,3,all-namespaces,main,True,False,53343,45403,62,0,61.27169900003082,True,False,27,74,recovered,SERVE,n0/bundle,True,4,28.993818000003557
case-20,transfer,public-lock,3,all-namespaces,probe,False,False,53373,45418,1,0,51.48000499991667,False,False,27,74,transfer-probe,MISSING_DEPENDENCY,n1/old-grant-publication,False,1,28.556551000065156
case-20,transfer,public-lock,3,all-namespaces,probe,True,False,53373,45418,1,0,56.208398999956444,True,False,27,74,transfer-probe,SERVE,n1/new-owner-publication,True,1,29.316753999978573
case-20,transfer,public-lock,3,scoped,main,True,False,42405,36724,62,0,36.20262599997659,True,False,1,30,base,SERVE,n0/bundle,True,4,22.713297999985116
case-20,transfer,public-lock,3,scoped,main,True,False,40800,36724,62,3,33.95108800009439,True,False,4,18,partition-young,SERVE,n0/bundle,True,4,23.156484999958593
case-20,transfer,public-lock,3,scoped,main,True,False,40804,36725,62,3,35.188028999982635,True,False,14,18,partition-expired,EXPIRED,n0/bundle,False,4,22.920308999914596
case-20,transfer,public-lock,3,scoped,main,True,False,43460,37767,62,0,36.007342000061726,True,False,27,30,recovered,SERVE,n0/bundle,True,4,22.502551000002313
case-20,transfer,public-lock,3,scoped,probe,False,False,13984,13036,1,0,13.473373000010724,False,False,27,12,transfer-probe,MISSING_DEPENDENCY,n1/old-grant-publication,False,1,7.6831409999158495
case-20,transfer,public-lock,3,scoped,probe,True,False,13984,13036,1,0,16.971167999940917,True,False,27,12,transfer-probe,SERVE,n1/new-owner-publication,True,1,10.741863000021112
case-20,transfer,public-lock,3,status-proof,main,True,False,18692,15618,62,0,8.348372000000381,True,False,1,10,base,SERVE,n0/bundle,True,4,1.03344499996183
case-20,transfer,public-lock,3,status-proof,main,True,False,1897,15618,62,3,4.9456320000444975,True,False,4,4,partition-young,SERVE,n0/bundle,True,4,1.1009070000227439
case-20,transfer,public-lock,3,status-proof,main,True,False,1899,15619,0,3,3.7723460000052,True,False,14,4,partition-expired,EXPIRED,n0/bundle,False,0,0.371999999970285
case-20,transfer,public-lock,3,status-proof,main,True,False,18700,15622,62,0,6.998821000024691,True,False,27,10,recovered,SERVE,n0/bundle,True,4,1.0040710000112085
case-20,transfer,public-lock,3,status-proof,probe,False,False,405,230,1,0,1.8403090000447264,False,False,27,4,transfer-probe,INVALID_OR_MISSING_STATUS,n1/old-grant-publication,False,1,0.1676320000569831
case-20,transfer,public-lock,3,status-proof,probe,True,False,548,373,1,0,1.961220999987745,True,False,27,4,transfer-probe,SERVE,n1/new-owner-publication,True,1,0.17611499993108737
case-21,transfer,public-lock,6,lww,main,True,False,39613,39559,0,0,4.614744000036808,True,False,1,2,base,SERVE,n0/bundle,True,0,0.018928999907075195
case-21,transfer,public-lock,6,lww,main,True,False,39613,39559,0,0,4.200110000056156,True,False,4,2,partition-young,SERVE,n0/bundle,True,0,0.017376000073454634
case-21,transfer,public-lock,6,lww,main,True,False,39613,39559,0,0,4.679021000015382,True,False,14,2,partition-expired,SERVE,n0/bundle,True,0,0.01527300003090204
case-21,transfer,public-lock,6,lww,main,True,False,40652,40598,0,0,4.965160999972795,True,False,27,2,recovered,SERVE,n0/bundle,True,0,0.017786999933377956
case-21,transfer,public-lock,6,lww,probe,False,False,8058,7989,0,0,1.5453250000518892,False,False,27,2,transfer-probe,MISSING_OR_ROOT_REVOKED,n1/old-grant-publication,False,0,0.005988999987494026
case-21,transfer,public-lock,6,lww,probe,True,False,8058,7989,0,0,1.5794869999581351,True,False,27,2,transfer-probe,SERVE,n1/new-owner-publication,True,0,0.005377999968914082
case-21,transfer,public-lock,6,signed-index,main,True,False,39613,39559,0,0,4.42609000003813,True,False,1,2,base,SERVE,n0/bundle,True,0,0.01765699994393799
case-21,transfer,public-lock,6,signed-index,main,True,False,39613,39559,0,0,4.571249000036914,True,False,4,2,partition-young,SERVE,n0/bundle,True,0,0.01649499995437509
case-21,transfer,public-lock,6,signed-index,main,True,False,39613,39559,0,0,4.72284700003911,True,False,14,2,partition-expired,SERVE,n0/bundle,True,0,0.016373999983443355
case-21,transfer,public-lock,6,signed-index,main,True,False,40652,40598,0,0,5.267296000056376,True,False,27,2,recovered,SERVE,n0/bundle,True,0,0.01888799999960611
case-21,transfer,public-lock,6,signed-index,probe,False,False,8058,7989,0,0,1.7514149999442452,False,False,27,2,transfer-probe,MISSING_OR_ROOT_REVOKED,n1/old-grant-publication,False,0,0.006460000008701172
case-21,transfer,public-lock,6,signed-index,probe,True,False,8058,7989,0,0,1.5557809999791061,True,False,27,2,transfer-probe,SERVE,n1/new-owner-publication,True,0,0.005788999942524242
case-21,transfer,public-lock,6,transparency-only,main,True,False,39613,39559,0,0,4.561453999940568,True,False,1,2,base,SERVE,n0/bundle,True,0,0.04220300002089061
case-21,transfer,public-lock,6,transparency-only,main,True,False,39613,39559,0,0,4.853712999988602,True,False,4,2,partition-young,SERVE,n0/bundle,True,0,0.03387100002782972
case-21,transfer,public-lock,6,transparency-only,main,True,False,39613,39559,0,0,5.466295000019272,True,False,14,2,partition-expired,SERVE,n0/bundle,True,0,0.032899000075303775
case-21,transfer,public-lock,6,transparency-only,main,True,False,40652,40598,0,0,5.1811669999324295,True,False,27,2,recovered,SERVE,n0/bundle,True,0,0.0366750000466709
case-21,transfer,public-lock,6,transparency-only,probe,False,False,8058,7989,0,0,1.5911640000467742,False,False,27,2,transfer-probe,MISSING_OR_ROOT_REVOKED,n1/old-grant-publication,False,0,0.006128999984866823
case-21,transfer,public-lock,6,transparency-only,probe,True,False,8058,7989,0,0,1.5257459999702405,True,False,27,2,transfer-probe,SERVE,n1/new-owner-publication,True,0,0.006650000045738125
case-21,transfer,public-lock,6,root-only,main,True,False,40269,39559,62,0,29.6485629999097,True,False,1,8,base,SERVE,n0/bundle,True,7,23.600061000024652
case-21,transfer,public-lock,6,root-only,main,True,False,40269,39559,62,0,29.480458999955772,True,False,4,8,partition-young,SERVE,n0/bundle,True,7,23.512409000090884
case-21,transfer,public-lock,6,root-only,main,True,False,40273,39560,62,0,31.9079480000255,True,False,14,8,partition-expired,SERVE,n0/bundle,True,7,24.911569999972016
case-21,transfer,public-lock,6,root-only,main,True,False,41312,40599,62,0,32.82982999996875,True,False,27,8,recovered,SERVE,n0/bundle,True,7,26.229208000017934
case-21,transfer,public-lock,6,root-only,probe,False,False,8721,7990,1,0,8.843476000038208,False,False,27,8,transfer-probe,MISSING_DEPENDENCY,n1/old-grant-publication,False,1,5.125913000028959
case-21,transfer,public-lock,6,root-only,probe,True,False,8721,7990,1,0,10.33800599998358,True,False,27,8,transfer-probe,SERVE,n1/new-owner-publication,True,1,5.777904000069611
case-21,transfer,public-lock,6,all-namespaces,main,True,False,52283,44334,62,0,52.81818599996768,True,False,1,74,base,SERVE,n0/bundle,True,7,29.269831999954476
case-21,transfer,public-lock,6,all-namespaces,main,True,False,46942,44334,62,10,44.955285000014555,True,False,4,34,partition-young,SERVE,n0/bundle,True,7,28.571902000066984
case-21,transfer,public-lock,6,all-namespaces,main,True,False,46950,44336,62,10,42.24484600001688,True,False,14,34,partition-expired,EXPIRED,n0/bundle,False,7,27.17505999999048
case-21,transfer,public-lock,6,all-namespaces,main,True,False,53370,45385,62,0,52.77885800001059,True,False,27,74,recovered,SERVE,n0/bundle,True,7,27.55361999993511
case-21,transfer,public-lock,6,all-namespaces,probe,False,False,53400,45400,1,0,49.960625999915464,False,False,27,74,transfer-probe,MISSING_DEPENDENCY,n1/old-grant-publication,False,1,27.639690000000883
case-21,transfer,public-lock,6,all-namespaces,probe,True,False,53400,45400,1,0,50.07435799996074,True,False,27,74,transfer-probe,SERVE,n1/new-owner-publication,True,1,27.053587999944284
case-21,transfer,public-lock,6,scoped,main,True,False,47259,39559,62,0,42.83983600009833,True,False,1,48,base,SERVE,n0/bundle,True,7,24.222150000014153
case-21,transfer,public-lock,6,scoped,main,True,False,44584,39559,62,5,39.54712999995991,True,False,4,28,partition-young,SERVE,n0/bundle,True,7,25.06391600002189
case-21,transfer,public-lock,6,scoped,main,True,False,44592,39561,62,5,39.12007799999628,True,False,14,28,partition-expired,EXPIRED,n0/bundle,False,7,24.352556000053482
case-21,transfer,public-lock,6,scoped,main,True,False,48326,40605,62,0,44.975854999961484,True,False,27,48,recovered,SERVE,n0/bundle,True,7,24.741711000046962
case-21,transfer,public-lock,6,scoped,probe,False,False,8941,7990,1,0,10.753222000062124,False,False,27,12,transfer-probe,MISSING_DEPENDENCY,n1/old-grant-publication,False,1,4.864088999966043
case-21,transfer,public-lock,6,scoped,probe,True,False,8941,7990,1,0,10.596074999966731,True,False,27,12,transfer-probe,SERVE,n1/new-owner-publication,True,1,5.04811600001176
case-21,transfer,public-lock,6,status-proof,main,True,False,19310,16107,62,0,12.328962999959003,True,False,1,16,base,SERVE,n0/bundle,True,7,1.444483999989643
case-21,transfer,public-lock,6,status-proof,main,True,False,4674,16107,62,5,5.526367000015853,True,False,4,6,partition-young,SERVE,n0/bundle,True,7,1.3907930000414126
case-21,transfer,public-lock,6,status-proof,main,True,False,4678,16109,0,5,3.7520160000212854,True,False,14,6,partition-expired,EXPIRED,n0/bundle,False,0,0.34164399994551786
case-21,transfer,public-lock,6,status-proof,main,True,False,19324,16114,62,0,9.541648999970676,True,False,27,16,recovered,SERVE,n0/bundle,True,7,1.5697620000310053
case-21,transfer,public-lock,6,status-proof,probe,False,False,405,230,1,0,1.930474999994658,False,False,27,4,transfer-probe,INVALID_OR_MISSING_STATUS,n1/old-grant-publication,False,1,0.17048699999122618
case-21,transfer,public-lock,6,status-proof,probe,True,False,548,373,1,0,2.0778469998958826,True,False,27,4,transfer-probe,SERVE,n1/new-owner-publication,True,1,0.18352600000071106
case-22,transfer,generated,1,lww,main,True,False,65982,65928,0,0,10.222042000009424,True,False,1,2,base,SERVE,n0/bundle,True,0,0.027180999950360274
case-22,transfer,generated,1,lww,main,True,False,65982,65928,0,0,10.036833000071965,True,False,4,2,partition-young,SERVE,n0/bundle,True,0,0.025298000082329963
case-22,transfer,generated,1,lww,main,True,False,65982,65928,0,0,11.501607000013792,True,False,14,2,partition-expired,SERVE,n0/bundle,True,0,0.02367499996580591
case-22,transfer,generated,1,lww,main,True,False,67024,66970,0,0,13.873396000008142,True,False,27,2,recovered,SERVE,n0/bundle,True,0,0.02706099996885314
case-22,transfer,generated,1,lww,probe,False,False,65633,65564,0,0,6.093649000035839,False,False,27,2,transfer-probe,MISSING_OR_ROOT_REVOKED,n1/old-grant-publication,False,0,0.03151700002490543
case-22,transfer,generated,1,lww,probe,True,False,65633,65564,0,0,4.2192000000795815,True,False,27,2,transfer-probe,SERVE,n1/new-owner-publication,True,0,0.024397000061071594
case-22,transfer,generated,1,signed-index,main,True,False,65982,65928,0,0,10.265036999953736,True,False,1,2,base,SERVE,n0/bundle,True,0,0.02602000006390881
case-22,transfer,generated,1,signed-index,main,True,False,65982,65928,0,0,11.075896999955148,True,False,4,2,partition-young,SERVE,n0/bundle,True,0,0.02508699992631591
case-22,transfer,generated,1,signed-index,main,True,False,65982,65928,0,0,11.514077000015277,True,False,14,2,partition-expired,SERVE,n0/bundle,True,0,0.02344500001072447
case-22,transfer,generated,1,signed-index,main,True,False,67024,66970,0,0,12.462123999966934,True,False,27,2,recovered,SERVE,n0/bundle,True,0,0.056494999967071635
case-22,transfer,generated,1,signed-index,probe,False,False,65633,65564,0,0,4.672350999953778,False,False,27,2,transfer-probe,MISSING_OR_ROOT_REVOKED,n1/old-grant-publication,False,0,0.02417700000023615
case-22,transfer,generated,1,signed-index,probe,True,False,65633,65564,0,0,4.506870999989587,True,False,27,2,transfer-probe,SERVE,n1/new-owner-publication,True,0,0.024876999987100135
case-22,transfer,generated,1,transparency-only,main,True,False,65982,65928,0,0,11.44409000005453,True,False,1,2,base,SERVE,n0/bundle,True,0,0.06010099991726747
case-22,transfer,generated,1,transparency-only,main,True,False,65982,65928,0,0,9.83066300000246,True,False,4,2,partition-young,SERVE,n0/bundle,True,0,0.05289900002480863
case-22,transfer,generated,1,transparency-only,main,True,False,65982,65928,0,0,12.707050000017261,True,False,14,2,partition-expired,SERVE,n0/bundle,True,0,0.05151800007752172
case-22,transfer,generated,1,transparency-only,main,True,False,67024,66970,0,0,23.447352000061983,True,False,27,2,recovered,SERVE,n0/bundle,True,0,0.06016099996486446
case-22,transfer,generated,1,transparency-only,probe,False,False,65633,65564,0,0,7.042897999895104,False,False,27,2,transfer-probe,MISSING_OR_ROOT_REVOKED,n1/old-grant-publication,False,0,0.025717999960761517
case-22,transfer,generated,1,transparency-only,probe,True,False,65633,65564,0,0,4.233811000062815,True,False,27,2,transfer-probe,SERVE,n1/new-owner-publication,True,0,0.024736999989727337
case-22,transfer,generated,1,root-only,main,True,False,66634,65928,130,0,56.971685999997135,True,False,1,8,base,SERVE,n0/bundle,True,2,43.59721199989508
case-22,transfer,generated,1,root-only,main,True,False,66634,65928,130,0,58.47925499995199,True,False,4,8,partition-young,SERVE,n0/bundle,True,2,45.81827399999838
case-22,transfer,generated,1,root-only,main,True,False,66638,65929,130,0,56.64039800001319,True,False,14,8,partition-expired,SERVE,n0/bundle,True,2,42.29350000002796
case-22,transfer,generated,1,root-only,main,True,False,67680,66971,130,0,63.80995600000006,True,False,27,8,recovered,SERVE,n0/bundle,True,2,47.43043899998156
case-22,transfer,generated,1,root-only,probe,False,False,66295,65565,1,0,52.071994000016275,False,False,27,8,transfer-probe,MISSING_DEPENDENCY,n1/old-grant-publication,False,1,44.71534499998597
case-22,transfer,generated,1,root-only,probe,True,False,66295,65565,1,0,53.018377999933364,True,False,27,8,transfer-probe,SERVE,n1/new-owner-publication,True,1,45.85789300006127
case-22,transfer,generated,1,all-namespaces,main,True,False,83347,75458,130,0,89.29266099994493,True,False,1,74,base,SERVE,n0/bundle,True,2,52.12115200004064
case-22,transfer,generated,1,all-namespaces,main,True,False,78015,75458,130,10,83.64607800001522,True,False,4,34,partition-young,SERVE,n0/bundle,True,2,50.59397800005172
case-22,transfer,generated,1,all-namespaces,main,True,False,78023,75460,130,10,73.72552900005758,True,False,14,34,partition-expired,EXPIRED,n0/bundle,False,2,48.88708900000438
case-22,transfer,generated,1,all-namespaces,main,True,False,84437,76512,130,0,85.98437599994213,True,False,27,74,recovered,SERVE,n0/bundle,True,2,49.2383289999907
case-22,transfer,generated,1,all-namespaces,probe,False,False,84467,76527,1,0,97.64872000005198,False,False,27,74,transfer-probe,MISSING_DEPENDENCY,n1/old-grant-publication,False,1,59.7530210000059
case-22,transfer,generated,1,all-namespaces,probe,True,False,84467,76527,1,0,93.12815699991006,True,False,27,74,transfer-probe,SERVE,n1/new-owner-publication,True,1,55.616907000057836
case-22,transfer,generated,1,scoped,main,True,False,71064,65928,130,0,61.723958000015955,True,False,1,18,base,SERVE,n0/bundle,True,2,43.43848999997135
case-22,transfer,generated,1,scoped,main,True,False,70526,65928,130,1,61.776846999919144,True,False,4,14,partition-young,SERVE,n0/bundle,True,2,44.15851399994608
case-22,transfer,generated,1,scoped,main,True,False,70530,65929,130,1,57.49714600005973,True,False,14,14,partition-expired,EXPIRED,n0/bundle,False,2,42.265465000014046
case-22,transfer,generated,1,scoped,main,True,False,72114,66972,130,0,64.29917299999488,True,False,27,18,recovered,SERVE,n0/bundle,True,2,44.06511300010152
case-22,transfer,generated,1,scoped,probe,False,False,66515,65565,1,0,53.080059999956575,False,False,27,12,transfer-probe,MISSING_DEPENDENCY,n1/old-grant-publication,False,1,42.181207999988146
case-22,transfer,generated,1,scoped,probe,True,False,66515,65565,1,0,57.4059699999907,True,False,27,12,transfer-probe,SERVE,n1/new-owner-publication,True,1,45.97525700000915
case-22,transfer,generated,1,status-proof,main,True,False,29305,25531,130,0,13.899964999950498,True,False,1,6,base,SERVE,n0/bundle,True,2,0.9039599999596248
case-22,transfer,generated,1,status-proof,main,True,False,2269,25531,130,1,10.054970999931356,True,False,4,4,partition-young,SERVE,n0/bundle,True,2,0.893383999937214
case-22,transfer,generated,1,status-proof,main,True,False,2271,25532,0,1,7.535137999980179,True,False,14,4,partition-expired,EXPIRED,n0/bundle,False,0,0.583708000021943
case-22,transfer,generated,1,status-proof,main,True,False,29309,25533,130,0,16.55801499998688,True,False,27,6,recovered,SERVE,n0/bundle,True,2,0.8738640000274245
case-22,transfer,generated,1,status-proof,probe,False,False,406,231,1,0,4.008381999938138,False,False,27,4,transfer-probe,INVALID_OR_MISSING_STATUS,n1/old-grant-publication,False,1,0.19272999998065643
case-22,transfer,generated,1,status-proof,probe,True,False,549,374,1,0,3.6682700000483237,True,False,27,4,transfer-probe,SERVE,n1/new-owner-publication,True,1,0.18170299995290407
case-23,transfer,generated,3,lww,main,True,False,67839,67785,0,0,10.19051399998716,True,False,1,2,base,SERVE,n0/bundle,True,0,0.02962400003525545
case-23,transfer,generated,3,lww,main,True,False,67839,67785,0,0,9.8334970000451,True,False,4,2,partition-young,SERVE,n0/bundle,True,0,0.026890000071944087
case-23,transfer,generated,3,lww,main,True,False,67839,67785,0,0,11.171500000045853,True,False,14,2,partition-expired,SERVE,n0/bundle,True,0,0.024195999912990374
case-23,transfer,generated,3,lww,main,True,False,68878,68824,0,0,11.830861999897024,True,False,27,2,recovered,SERVE,n0/bundle,True,0,0.02712999980758468
case-23,transfer,generated,3,lww,probe,False,False,23197,23128,0,0,3.180325999892375,False,False,27,2,transfer-probe,MISSING_OR_ROOT_REVOKED,n1/old-grant-publication,False,0,0.012107999964428018
case-23,transfer,generated,3,lww,probe,True,False,23197,23128,0,0,2.9012459999648854,True,False,27,2,transfer-probe,SERVE,n1/new-owner-publication,True,0,0.011187000154677662
case-23,transfer,generated,3,signed-index,main,True,False,67839,67785,0,0,10.565828999915539,True,False,1,2,base,SERVE,n0/bundle,True,0,0.02957500009870273
case-23,transfer,generated,3,signed-index,main,True,False,67839,67785,0,0,9.727717000032499,True,False,4,2,partition-young,SERVE,n0/bundle,True,0,0.024706999965928844
case-23,transfer,generated,3,signed-index,main,True,False,67839,67785,0,0,11.646444999996675,True,False,14,2,partition-expired,SERVE,n0/bundle,True,0,0.024606999886600534
case-23,transfer,generated,3,signed-index,main,True,False,68878,68824,0,0,12.224634999938644,True,False,27,2,recovered,SERVE,n0/bundle,True,0,0.02941500019915111
case-23,transfer,generated,3,signed-index,probe,False,False,23197,23128,0,0,3.0487870001252304,False,False,27,2,transfer-probe,MISSING_OR_ROOT_REVOKED,n1/old-grant-publication,False,0,0.01243899987457553
case-23,transfer,generated,3,signed-index,probe,True,False,23197,23128,0,0,2.8065839999271702,True,False,27,2,transfer-probe,SERVE,n1/new-owner-publication,True,0,0.011708000101862126
case-23,transfer,generated,3,transparency-only,main,True,False,67839,67785,0,0,57.39358099981473,True,False,1,2,base,SERVE,n0/bundle,True,0,0.058478000028117094
case-23,transfer,generated,3,transparency-only,main,True,False,67839,67785,0,0,10.001011999975162,True,False,4,2,partition-young,SERVE,n0/bundle,True,0,0.05553399978452944
case-23,transfer,generated,3,transparency-only,main,True,False,67839,67785,0,0,11.317663999989236,True,False,14,2,partition-expired,SERVE,n0/bundle,True,0,0.05538300001717289
case-23,transfer,generated,3,transparency-only,main,True,False,68878,68824,0,0,13.128368999787199,True,False,27,2,recovered,SERVE,n0/bundle,True,0,0.057986999991044286
case-23,transfer,generated,3,transparency-only,probe,False,False,23197,23128,0,0,3.765245999829858,False,False,27,2,transfer-probe,MISSING_OR_ROOT_REVOKED,n1/old-grant-publication,False,0,0.012158000117779011
case-23,transfer,generated,3,transparency-only,probe,True,False,23197,23128,0,0,3.062019000026339,True,False,27,2,transfer-probe,SERVE,n1/new-owner-publication,True,0,0.011887999789905734
case-23,transfer,generated,3,root-only,main,True,False,68492,67785,130,0,56.67327699984526,True,False,1,8,base,SERVE,n0/bundle,True,4,44.01268100014022
case-23,transfer,generated,3,root-only,main,True,False,68492,67785,130,0,55.73406300004535,True,False,4,8,partition-young,SERVE,n0/bundle,True,4,43.55264000014358
case-23,transfer,generated,3,root-only,main,True,False,68496,67786,130,0,57.698169000104826,True,False,14,8,partition-expired,SERVE,n0/bundle,True,4,42.90866000019378
case-23,transfer,generated,3,root-only,main,True,False,69535,68825,130,0,59.10695000011401,True,False,27,8,recovered,SERVE,n0/bundle,True,4,44.93427900001734
case-23,transfer,generated,3,root-only,probe,False,False,23857,23129,1,0,20.745021999800883,False,False,27,8,transfer-probe,MISSING_DEPENDENCY,n1/old-grant-publication,False,1,15.20522400005575
case-23,transfer,generated,3,root-only,probe,True,False,23857,23129,1,0,20.44676399987111,True,False,27,8,transfer-probe,SERVE,n1/new-owner-publication,True,1,14.976991999901657
case-23,transfer,generated,3,all-namespaces,main,True,False,83317,75413,130,0,85.08103199983452,True,False,1,74,base,SERVE,n0/bundle,True,4,50.66125899998042
case-23,transfer,generated,3,all-namespaces,main,True,False,77982,75413,130,10,76.47145500004626,True,False,4,34,partition-young,SERVE,n0/bundle,True,4,50.82563499991011
case-23,transfer,generated,3,all-namespaces,main,True,False,77990,75415,130,10,72.96874200005732,True,False,14,34,partition-expired,EXPIRED,n0/bundle,False,4,48.030609000079494
case-23,transfer,generated,3,all-namespaces,main,True,False,84404,76464,130,0,84.91978899996866,True,False,27,74,recovered,SERVE,n0/bundle,True,4,49.96666300007746
case-23,transfer,generated,3,all-namespaces,probe,False,False,84434,76479,1,0,78.83861700020134,False,False,27,74,transfer-probe,MISSING_DEPENDENCY,n1/old-grant-publication,False,1,49.737327999991976
case-23,transfer,generated,3,all-namespaces,probe,True,False,84434,76479,1,0,78.41075300007105,True,False,27,74,transfer-probe,SERVE,n1/new-owner-publication,True,1,48.656531000006
case-23,transfer,generated,3,scoped,main,True,False,74252,67785,130,0,66.1878869998418,True,False,1,30,base,SERVE,n0/bundle,True,4,43.30498400008764
case-23,transfer,generated,3,scoped,main,True,False,72647,67785,130,3,64.80615800001033,True,False,4,18,partition-young,SERVE,n0/bundle,True,4,44.57308099995316
case-23,transfer,generated,3,scoped,main,True,False,72651,67786,130,3,61.22066199986875,True,False,14,18,partition-expired,EXPIRED,n0/bundle,False,4,42.97299400013799
case-23,transfer,generated,3,scoped,main,True,False,75307,68828,130,0,68.44478300013179,True,False,27,30,recovered,SERVE,n0/bundle,True,4,45.041235999860874
case-23,transfer,generated,3,scoped,probe,False,False,24077,23129,1,0,23.761645999911707,False,False,27,12,transfer-probe,MISSING_DEPENDENCY,n1/old-grant-publication,False,1,14.98218500000803
case-23,transfer,generated,3,scoped,probe,True,False,24077,23129,1,0,23.545268999896507,True,False,27,12,transfer-probe,SERVE,n1/new-owner-publication,True,1,14.526659000011932
case-23,transfer,generated,3,status-proof,main,True,False,29716,25856,130,0,13.739283999939289,True,False,1,10,base,SERVE,n0/bundle,True,4,1.2347180002052482
case-23,transfer,generated,3,status-proof,main,True,False,2279,25856,130,3,10.243693999882453,True,False,4,4,partition-young,SERVE,n0/bundle,True,4,1.3030509999225615
case-23,transfer,generated,3,status-proof,main,True,False,2281,25857,0,3,7.029616999943755,True,False,14,4,partition-expired,EXPIRED,n0/bundle,False,0,0.42440799984433397
case-23,transfer,generated,3,status-proof,main,True,False,29724,25860,130,0,15.358150000110982,True,False,27,10,recovered,SERVE,n0/bundle,True,4,1.2673169999288803
case-23,transfer,generated,3,status-proof,probe,False,False,405,230,1,0,3.432414999906541,False,False,27,4,transfer-probe,INVALID_OR_MISSING_STATUS,n1/old-grant-publication,False,1,0.17456299997320457
case-23,transfer,generated,3,status-proof,probe,True,False,548,373,1,0,2.850619999890114,True,False,27,4,transfer-probe,SERVE,n1/new-owner-publication,True,1,0.17477300002610718
case-24,transfer,generated,6,lww,main,True,False,70674,70620,0,0,10.178775999975187,True,False,1,2,base,SERVE,n0/bundle,True,0,0.02707099997678597
case-24,transfer,generated,6,lww,main,True,False,70674,70620,0,0,10.165267000047606,True,False,4,2,partition-young,SERVE,n0/bundle,True,0,0.025016999870786094
case-24,transfer,generated,6,lww,main,True,False,70674,70620,0,0,13.418872000102056,True,False,14,2,partition-expired,SERVE,n0/bundle,True,0,0.030345999903147458
case-24,transfer,generated,6,lww,main,True,False,71713,71659,0,0,12.834852999958457,True,False,27,2,recovered,SERVE,n0/bundle,True,0,0.026750000188258127
case-24,transfer,generated,6,lww,probe,False,False,12904,12835,0,0,2.5300970000898815,False,False,27,2,transfer-probe,MISSING_OR_ROOT_REVOKED,n1/old-grant-publication,False,0,0.007341000127780717
case-24,transfer,generated,6,lww,probe,True,False,12904,12835,0,0,2.3792800000137504,True,False,27,2,transfer-probe,SERVE,n1/new-owner-publication,True,0,0.0067099999796482734
case-24,transfer,generated,6,signed-index,main,True,False,70674,70620,0,0,10.484219000090889,True,False,1,2,base,SERVE,n0/bundle,True,0,0.027199999976801337
case-24,transfer,generated,6,signed-index,main,True,False,70674,70620,0,0,9.848471999930553,True,False,4,2,partition-young,SERVE,n0/bundle,True,0,0.025819000029514427
case-24,transfer,generated,6,signed-index,main,True,False,70674,70620,0,0,11.380508999991434,True,False,14,2,partition-expired,SERVE,n0/bundle,True,0,0.02455700018799689
case-24,transfer,generated,6,signed-index,main,True,False,71713,71659,0,0,11.765878000005614,True,False,27,2,recovered,SERVE,n0/bundle,True,0,0.028412999881766154
case-24,transfer,generated,6,signed-index,probe,False,False,12904,12835,0,0,2.5248900001315633,False,False,27,2,transfer-probe,MISSING_OR_ROOT_REVOKED,n1/old-grant-publication,False,0,0.007741999979771208
case-24,transfer,generated,6,signed-index,probe,True,False,12904,12835,0,0,2.660894999962693,True,False,27,2,transfer-probe,SERVE,n1/new-owner-publication,True,0,0.007871999969211174
case-24,transfer,generated,6,transparency-only,main,True,False,70674,70620,0,0,11.470383999949263,True,False,1,2,base,SERVE,n0/bundle,True,0,0.05996999993840291
case-24,transfer,generated,6,transparency-only,main,True,False,70674,70620,0,0,10.674827000002551,True,False,4,2,partition-young,SERVE,n0/bundle,True,0,0.054972999805613654
case-24,transfer,generated,6,transparency-only,main,True,False,70674,70620,0,0,11.898107999968488,True,False,14,2,partition-expired,SERVE,n0/bundle,True,0,0.055113000144046964
case-24,transfer,generated,6,transparency-only,main,True,False,71713,71659,0,0,11.743144999854849,True,False,27,2,recovered,SERVE,n0/bundle,True,0,0.058297999885326135
case-24,transfer,generated,6,transparency-only,probe,False,False,12904,12835,0,0,2.7854820000356995,False,False,27,2,transfer-probe,MISSING_OR_ROOT_REVOKED,n1/old-grant-publication,False,0,0.007071000027281116
case-24,transfer,generated,6,transparency-only,probe,True,False,12904,12835,0,0,2.4404230000527605,True,False,27,2,transfer-probe,SERVE,n1/new-owner-publication,True,0,0.007952000032673823
case-24,transfer,generated,6,root-only,main,True,False,71330,70620,130,0,68.99410400001216,True,False,1,8,base,SERVE,n0/bundle,True,7,51.753002999930686
case-24,transfer,generated,6,root-only,main,True,False,71330,70620,130,0,100.92166799995539,True,False,4,8,partition-young,SERVE,n0/bundle,True,7,81.20754600008695
case-24,transfer,generated,6,root-only,main,True,False,71334,70621,130,0,70.31435600015357,True,False,14,8,partition-expired,SERVE,n0/bundle,True,7,50.85103100009292
case-24,transfer,generated,6,root-only,main,True,False,72373,71660,130,0,58.867493999969156,True,False,27,8,recovered,SERVE,n0/bundle,True,7,45.019794999916485
case-24,transfer,generated,6,root-only,probe,False,False,13567,12836,1,0,13.14679300003263,False,False,27,8,transfer-probe,MISSING_DEPENDENCY,n1/old-grant-publication,False,1,8.060278999892034
case-24,transfer,generated,6,root-only,probe,True,False,13567,12836,1,0,13.096437000058359,True,False,27,8,transfer-probe,SERVE,n1/new-owner-publication,True,1,7.977753999966808
case-24,transfer,generated,6,all-namespaces,main,True,False,83344,75395,130,0,87.0853660001103,True,False,1,74,base,SERVE,n0/bundle,True,7,49.97190800008866
case-24,transfer,generated,6,all-namespaces,main,True,False,78003,75395,130,10,74.2669769999793,True,False,4,34,partition-young,SERVE,n0/bundle,True,7,47.876214000098116
case-24,transfer,generated,6,all-namespaces,main,True,False,78011,75397,130,10,74.85978900012924,True,False,14,34,partition-expired,EXPIRED,n0/bundle,False,7,50.61919099989609
case-24,transfer,generated,6,all-namespaces,main,True,False,84431,76446,130,0,87.35650400012673,True,False,27,74,recovered,SERVE,n0/bundle,True,7,49.68739900004948
case-24,transfer,generated,6,all-namespaces,probe,False,False,84461,76461,1,0,78.38696600015282,False,False,27,74,transfer-probe,MISSING_DEPENDENCY,n1/old-grant-publication,False,1,49.24121800013381
case-24,transfer,generated,6,all-namespaces,probe,True,False,84461,76461,1,0,78.0716819999725,True,False,27,74,transfer-probe,SERVE,n1/new-owner-publication,True,1,49.189731000069514
case-24,transfer,generated,6,scoped,main,True,False,79106,70620,130,0,77.76056400007292,True,False,1,48,base,SERVE,n0/bundle,True,7,47.826839999970616
case-24,transfer,generated,6,scoped,main,True,False,76431,70620,130,5,78.47086199990372,True,False,4,28,partition-young,SERVE,n0/bundle,True,7,51.839607999909276
case-24,transfer,generated,6,scoped,main,True,False,76439,70622,130,5,68.38521499980743,True,False,14,28,partition-expired,EXPIRED,n0/bundle,False,7,45.259717000135424
case-24,transfer,generated,6,scoped,main,True,False,80173,71666,130,0,75.62351799992939,True,False,27,48,recovered,SERVE,n0/bundle,True,7,46.063065999987884
case-24,transfer,generated,6,scoped,probe,False,False,13787,12836,1,0,16.9929209998827,False,False,27,12,transfer-probe,MISSING_DEPENDENCY,n1/old-grant-publication,False,1,8.016322000003129
case-24,transfer,generated,6,scoped,probe,True,False,13787,12836,1,0,16.43187600006968,True,False,27,12,transfer-probe,SERVE,n1/new-owner-publication,True,1,7.9862769998726435
case-24,transfer,generated,6,status-proof,main,True,False,30334,26345,130,0,15.765925000096104,True,False,1,16,base,SERVE,n0/bundle,True,7,1.8264590000853786
case-24,transfer,generated,6,status-proof,main,True,False,6851,26345,130,5,10.772760999998354,True,False,4,6,partition-young,SERVE,n0/bundle,True,7,1.6691819998868596
case-24,transfer,generated,6,status-proof,main,True,False,6855,26347,0,5,7.8760619999229675,True,False,14,6,partition-expired,EXPIRED,n0/bundle,False,0,0.40874499995879887
case-24,transfer,generated,6,status-proof,main,True,False,30348,26352,130,0,16.735574999984237,True,False,27,16,recovered,SERVE,n0/bundle,True,7,1.6780949999883887
case-24,transfer,generated,6,status-proof,probe,False,False,405,230,1,0,3.1916529999307386,False,False,27,4,transfer-probe,INVALID_OR_MISSING_STATUS,n1/old-grant-publication,False,1,0.17098700004680722
case-24,transfer,generated,6,status-proof,probe,True,False,548,373,1,0,2.9818670000167913,True,False,27,4,transfer-probe,SERVE,n1/new-owner-publication,True,1,0.2747039998212131
case-25,equivocation,public-lock,1,lww,main,True,False,34888,34834,0,0,4.765462000023035,True,False,1,2,base,SERVE,n0/bundle,True,0,0.01773700000740064
case-25,equivocation,public-lock,1,lww,main,True,False,34888,34834,0,0,3.9832939999087102,False,True,4,2,partition-young,SERVE,n0/bundle,True,0,0.014893000070514972
case-25,equivocation,public-lock,1,lww,main,False,True,34888,34834,0,0,3.443962999881478,False,True,14,2,partition-expired,SERVE,n0/bundle,True,0,0.01342999985354254
case-25,equivocation,public-lock,1,lww,main,False,True,35361,35307,0,0,3.460919000190188,False,True,27,2,recovered,SERVE,n0/bundle,True,0,0.01518299995950656
case-25,equivocation,public-lock,1,signed-index,main,True,False,34888,34834,0,0,4.1568449998976575,True,False,1,2,base,SERVE,n0/bundle,True,0,0.016063999964899267
case-25,equivocation,public-lock,1,signed-index,main,True,False,34888,34834,0,0,3.8418220001403824,False,True,4,2,partition-young,SERVE,n0/bundle,True,0,0.014541999917128123
case-25,equivocation,public-lock,1,signed-index,main,False,True,34888,34834,0,0,3.328328000179681,False,True,14,2,partition-expired,SERVE,n0/bundle,True,0,0.013991000059832004
case-25,equivocation,public-lock,1,signed-index,main,False,True,35361,35307,0,0,5.657473999917784,False,True,27,2,recovered,SERVE,n0/bundle,True,0,0.016344000187018537
case-25,equivocation,public-lock,1,transparency-only,main,True,False,34888,34834,0,0,4.463175999944724,True,False,1,2,base,SERVE,n0/bundle,True,0,0.03730599996742967
case-25,equivocation,public-lock,1,transparency-only,main,True,False,34888,34834,0,0,4.188121999959549,False,True,4,2,partition-young,SERVE,n0/bundle,True,0,0.03365100019436795
case-25,equivocation,public-lock,1,transparency-only,main,False,True,34888,34834,0,0,3.303020000203105,False,True,14,2,partition-expired,SERVE,n0/bundle,True,0,0.056133999805751955
case-25,equivocation,public-lock,1,transparency-only,main,False,True,35361,35307,0,0,3.508641000053103,False,True,27,2,recovered,SERVE,n0/bundle,True,0,0.03433100005167944
case-25,equivocation,public-lock,1,root-only,main,True,False,35539,34834,62,0,27.024027999914324,True,False,1,8,base,SERVE,n0/bundle,True,2,20.552941000005376
case-25,equivocation,public-lock,1,root-only,main,True,False,35539,34834,62,0,27.872484999988956,False,True,4,8,partition-young,SERVE,n0/bundle,True,2,22.292047000064485
case-25,equivocation,public-lock,1,root-only,main,False,True,35543,34835,62,0,26.801753999961875,False,True,14,8,partition-expired,SERVE,n0/bundle,True,2,20.886410999992222
case-25,equivocation,public-lock,1,root-only,main,False,False,36016,35308,3,0,31.531732000075863,False,False,27,8,recovered,EQUIVOCATION,n0/bundle,False,2,24.276133000057598
case-25,equivocation,public-lock,1,all-namespaces,main,True,False,52238,44364,62,0,54.44494300013503,True,False,1,74,base,SERVE,n0/bundle,True,2,28.473599000108152
case-25,equivocation,public-lock,1,all-namespaces,main,True,False,46909,44364,62,10,44.98274399998081,False,True,4,34,partition-young,SERVE,n0/bundle,True,2,28.141720000121495
case-25,equivocation,public-lock,1,all-namespaces,main,False,False,46917,44366,62,10,46.96367399992596,False,False,14,34,partition-expired,EXPIRED,n0/bundle,False,2,29.958304000047065
case-25,equivocation,public-lock,1,all-namespaces,main,False,False,52759,44849,3,0,50.92982300016047,False,False,27,74,recovered,EQUIVOCATION,n0/bundle,False,2,27.275966999923185
case-25,equivocation,public-lock,1,scoped,main,True,False,39179,34834,62,0,45.15666600013901,True,False,1,18,base,SERVE,n0/bundle,True,2,30.365867000000435
case-25,equivocation,public-lock,1,scoped,main,True,False,38644,34834,62,1,40.40522500008592,False,True,4,14,partition-young,SERVE,n0/bundle,True,2,28.448191000052248
case-25,equivocation,public-lock,1,scoped,main,False,False,38648,34835,62,1,28.558737999901496,False,False,14,14,partition-expired,EXPIRED,n0/bundle,False,2,20.368262000147297
case-25,equivocation,public-lock,1,scoped,main,False,False,39660,35309,3,0,34.42727900005593,False,False,27,18,recovered,EQUIVOCATION,n0/bundle,False,2,25.42170700007773
case-25,equivocation,public-lock,1,status-proof,main,True,False,18280,15292,62,0,5.968621999954848,True,False,1,6,base,SERVE,n0/bundle,True,2,0.646032000076957
case-25,equivocation,public-lock,1,status-proof,main,True,False,1887,15292,62,1,3.9689729999281553,False,True,4,4,partition-young,SERVE,n0/bundle,True,2,0.6494780000139144
case-25,equivocation,public-lock,1,status-proof,main,False,False,1889,15293,0,1,2.821094999944762,False,False,14,4,partition-expired,EXPIRED,n0/bundle,False,0,0.42780399985531403
case-25,equivocation,public-lock,1,status-proof,main,False,False,18285,15295,62,0,5.244863000143596,False,False,27,6,recovered,INVALID_OR_MISSING_STATUS,n0/bundle,False,2,0.6677549999949406
case-26,equivocation,public-lock,3,lww,main,True,False,36778,36724,0,0,4.5428260000335285,True,False,1,2,base,SERVE,n0/bundle,True,0,0.016945999959716573
case-26,equivocation,public-lock,3,lww,main,True,False,36778,36724,0,0,3.618955999854734,False,True,4,2,partition-young,SERVE,n0/bundle,True,0,0.015402999906655168
case-26,equivocation,public-lock,3,lww,main,False,True,36778,36724,0,0,3.8023020001674013,False,True,14,2,partition-expired,SERVE,n0/bundle,True,0,0.013980999938212335
case-26,equivocation,public-lock,3,lww,main,False,True,37249,37195,0,0,4.0787080001791765,False,True,27,2,recovered,SERVE,n0/bundle,True,0,0.017977000197788584
case-26,equivocation,public-lock,3,signed-index,main,True,False,36778,36724,0,0,4.973154000026625,True,False,1,2,base,SERVE,n0/bundle,True,0,0.018608000118547352
case-26,equivocation,public-lock,3,signed-index,main,True,False,36778,36724,0,0,4.18884300006539,False,True,4,2,partition-young,SERVE,n0/bundle,True,0,0.014502000112770475
case-26,equivocation,public-lock,3,signed-index,main,False,True,36778,36724,0,0,3.6924359999375156,False,True,14,2,partition-expired,SERVE,n0/bundle,True,0,0.03500200000416953
case-26,equivocation,public-lock,3,signed-index,main,False,True,37249,37195,0,0,3.558314999963841,False,True,27,2,recovered,SERVE,n0/bundle,True,0,0.017225999954462168
case-26,equivocation,public-lock,3,transparency-only,main,True,False,36778,36724,0,0,4.8479849999694125,True,False,1,2,base,SERVE,n0/bundle,True,0,0.03626500006248534
case-26,equivocation,public-lock,3,transparency-only,main,True,False,36778,36724,0,0,3.7616199999774835,False,True,4,2,partition-young,SERVE,n0/bundle,True,0,0.03368000011505501
case-26,equivocation,public-lock,3,transparency-only,main,False,True,36778,36724,0,0,3.318414000204939,False,True,14,2,partition-expired,SERVE,n0/bundle,True,0,0.03339999989293574
case-26,equivocation,public-lock,3,transparency-only,main,False,True,37249,37195,0,0,4.083475000015824,False,True,27,2,recovered,SERVE,n0/bundle,True,0,0.03782700014198781
case-26,equivocation,public-lock,3,root-only,main,True,False,37431,36724,62,0,32.796563000147216,True,False,1,8,base,SERVE,n0/bundle,True,4,26.378194000017174
case-26,equivocation,public-lock,3,root-only,main,True,False,37431,36724,62,0,30.04093599997759,False,True,4,8,partition-young,SERVE,n0/bundle,True,4,24.153817000069466
case-26,equivocation,public-lock,3,root-only,main,False,True,37435,36725,62,0,30.888521999941077,False,True,14,8,partition-expired,SERVE,n0/bundle,True,4,25.227933999985908
case-26,equivocation,public-lock,3,root-only,main,False,False,37906,37196,25,0,29.50838600008865,False,False,27,8,recovered,EQUIVOCATION,n0/bundle,False,4,24.7624739999992
case-26,equivocation,public-lock,3,all-namespaces,main,True,False,52256,44352,62,0,55.118404000040755,True,False,1,74,base,SERVE,n0/bundle,True,4,29.252660000111064
case-26,equivocation,public-lock,3,all-namespaces,main,True,False,46921,44352,62,10,45.86840399997527,False,True,4,34,partition-young,SERVE,n0/bundle,True,4,28.565286000002743
case-26,equivocation,public-lock,3,all-namespaces,main,False,False,46929,44354,62,10,43.08413499984454,False,False,14,34,partition-expired,EXPIRED,n0/bundle,False,4,27.504900000167254
case-26,equivocation,public-lock,3,all-namespaces,main,False,False,52775,44835,25,0,52.307925000150135,False,False,27,74,recovered,EQUIVOCATION,n0/bundle,False,4,29.233381000040026
case-26,equivocation,public-lock,3,scoped,main,True,False,42405,36724,62,0,37.70077300009689,True,False,1,30,base,SERVE,n0/bundle,True,4,24.055939999925613
case-26,equivocation,public-lock,3,scoped,main,True,False,40800,36724,62,3,34.221377999983815,False,True,4,18,partition-young,SERVE,n0/bundle,True,4,23.16755300012119
case-26,equivocation,public-lock,3,scoped,main,False,False,40804,36725,62,3,34.127205000004324,False,False,14,18,partition-expired,EXPIRED,n0/bundle,False,4,23.392542000010508
case-26,equivocation,public-lock,3,scoped,main,False,False,42892,37199,25,0,34.169880000035846,False,False,27,30,recovered,EQUIVOCATION,n0/bundle,False,4,22.00448299981872
case-26,equivocation,public-lock,3,status-proof,main,True,False,18692,15618,62,0,6.766481999875396,True,False,1,10,base,SERVE,n0/bundle,True,4,1.0573109998404107
case-26,equivocation,public-lock,3,status-proof,main,True,False,1897,15618,62,3,4.035812999973132,False,True,4,4,partition-young,SERVE,n0/bundle,True,4,0.9404859999904147
case-26,equivocation,public-lock,3,status-proof,main,False,False,1899,15619,0,3,2.9123429999344808,False,False,14,4,partition-expired,EXPIRED,n0/bundle,False,0,0.37124799996490765
case-26,equivocation,public-lock,3,status-proof,main,False,False,18701,15623,42,0,5.106605000037234,False,False,27,10,recovered,INVALID_OR_MISSING_STATUS,n0/bundle,False,4,0.8198040000024776
case-27,equivocation,public-lock,6,lww,main,True,False,39613,39559,0,0,4.7963879999315395,True,False,1,2,base,SERVE,n0/bundle,True,0,0.020721999817396863
case-27,equivocation,public-lock,6,lww,main,True,False,39613,39559,0,0,3.54176899986669,False,True,4,2,partition-young,SERVE,n0/bundle,True,0,0.019247999944127514
case-27,equivocation,public-lock,6,lww,main,False,True,39613,39559,0,0,3.1935750000684493,False,True,14,2,partition-expired,SERVE,n0/bundle,True,0,0.03828800004157529
case-27,equivocation,public-lock,6,lww,main,False,True,40091,40037,0,0,3.105203000131951,False,True,27,2,recovered,SERVE,n0/bundle,True,0,0.018378000049779075
case-27,equivocation,public-lock,6,signed-index,main,True,False,39613,39559,0,0,4.3500660001427605,True,False,1,2,base,SERVE,n0/bundle,True,0,0.019019000092157512
case-27,equivocation,public-lock,6,signed-index,main,True,False,39613,39559,0,0,3.409481000062442,False,True,4,2,partition-young,SERVE,n0/bundle,True,0,0.016725000023143366
case-27,equivocation,public-lock,6,signed-index,main,False,True,39613,39559,0,0,2.905882000050042,False,True,14,2,partition-expired,SERVE,n0/bundle,True,0,0.01690599992798525
case-27,equivocation,public-lock,6,signed-index,main,False,True,40091,40037,0,0,3.1745569999657164,False,True,27,2,recovered,SERVE,n0/bundle,True,0,0.02112199990733643
case-27,equivocation,public-lock,6,transparency-only,main,True,False,39613,39559,0,0,4.639521999934004,True,False,1,2,base,SERVE,n0/bundle,True,0,0.038477999851238565
case-27,equivocation,public-lock,6,transparency-only,main,True,False,39613,39559,0,0,3.7903339998592855,False,True,4,2,partition-young,SERVE,n0/bundle,True,0,0.03621499990913435
case-27,equivocation,public-lock,6,transparency-only,main,False,True,39613,39559,0,0,3.1775709999237733,False,True,14,2,partition-expired,SERVE,n0/bundle,True,0,0.12033100006192399
case-27,equivocation,public-lock,6,transparency-only,main,False,True,40091,40037,0,0,3.1004460001895495,False,True,27,2,recovered,SERVE,n0/bundle,True,0,0.03747599998860096
case-27,equivocation,public-lock,6,root-only,main,True,False,40269,39559,62,0,29.935376000139513,True,False,1,8,base,SERVE,n0/bundle,True,7,24.064061999979458
case-27,equivocation,public-lock,6,root-only,main,True,False,40269,39559,62,0,31.10237300006702,False,True,4,8,partition-young,SERVE,n0/bundle,True,7,25.665111000080287
case-27,equivocation,public-lock,6,root-only,main,False,True,40273,39560,62,0,36.53840299989497,False,True,14,8,partition-expired,SERVE,n0/bundle,True,7,30.491974000142363
case-27,equivocation,public-lock,6,root-only,main,False,False,40751,40038,42,0,29.850218000092354,False,False,27,8,recovered,EQUIVOCATION,n0/bundle,False,7,25.065769000093496
case-27,equivocation,public-lock,6,all-namespaces,main,True,False,52283,44334,62,0,52.3582380001244,True,False,1,74,base,SERVE,n0/bundle,True,7,28.21849299994028
case-27,equivocation,public-lock,6,all-namespaces,main,True,False,46942,44334,62,10,41.99484399987341,False,True,4,34,partition-young,SERVE,n0/bundle,True,7,26.75153599989244
case-27,equivocation,public-lock,6,all-namespaces,main,False,False,46950,44336,62,10,43.870435999906476,False,False,14,34,partition-expired,EXPIRED,n0/bundle,False,7,28.64254099995378
case-27,equivocation,public-lock,6,all-namespaces,main,False,False,52809,44824,42,0,60.51910900009716,False,False,27,74,recovered,EQUIVOCATION,n0/bundle,False,7,31.041600999969887
case-27,equivocation,public-lock,6,scoped,main,True,False,47259,39559,62,0,55.22418199984713,True,False,1,48,base,SERVE,n0/bundle,True,7,30.058401999895068
case-27,equivocation,public-lock,6,scoped,main,True,False,44584,39559,62,5,41.95063699989987,False,True,4,28,partition-young,SERVE,n0/bundle,True,7,27.726363000056153
case-27,equivocation,public-lock,6,scoped,main,False,False,44592,39561,62,5,42.513042999871686,False,False,14,28,partition-expired,EXPIRED,n0/bundle,False,7,28.90279199982615
case-27,equivocation,public-lock,6,scoped,main,False,False,47765,40044,42,0,40.59462700001859,False,False,27,48,recovered,EQUIVOCATION,n0/bundle,False,7,24.404263999940667
case-27,equivocation,public-lock,6,status-proof,main,True,False,19310,16107,62,0,10.682463999955871,True,False,1,16,base,SERVE,n0/bundle,True,7,1.6224020000663586
case-27,equivocation,public-lock,6,status-proof,main,True,False,4674,16107,62,5,5.8232520000274235,False,True,4,6,partition-young,SERVE,n0/bundle,True,7,1.8518469998980436
case-27,equivocation,public-lock,6,status-proof,main,False,False,4678,16109,0,5,3.817114000185029,False,False,14,6,partition-expired,EXPIRED,n0/bundle,False,0,0.34590099994602497
case-27,equivocation,public-lock,6,status-proof,main,False,False,19325,16115,32,0,6.629475999943679,False,False,27,16,recovered,INVALID_OR_MISSING_STATUS,n0/bundle,False,7,1.2975829999959387
case-28,equivocation,generated,1,lww,main,True,False,65982,65928,0,0,9.919047000039427,True,False,1,2,base,SERVE,n0/bundle,True,0,0.02559900008236582
case-28,equivocation,generated,1,lww,main,True,False,65982,65928,0,0,7.165712999949392,False,True,4,2,partition-young,SERVE,n0/bundle,True,0,0.023856000098021468
case-28,equivocation,generated,1,lww,main,False,True,65982,65928,0,0,6.371838000177377,False,True,14,2,partition-expired,SERVE,n0/bundle,True,0,0.023506000161432894
case-28,equivocation,generated,1,lww,main,False,True,66451,66397,0,0,6.7824570000993845,False,True,27,2,recovered,SERVE,n0/bundle,True,0,0.027470999839351862
case-28,equivocation,generated,1,signed-index,main,True,False,65982,65928,0,0,10.062070999993011,True,False,1,2,base,SERVE,n0/bundle,True,0,0.027931999966313015
case-28,equivocation,generated,1,signed-index,main,True,False,65982,65928,0,0,8.115082000131224,False,True,4,2,partition-young,SERVE,n0/bundle,True,0,0.02466799992362212
case-28,equivocation,generated,1,signed-index,main,False,True,65982,65928,0,0,6.773772999849825,False,True,14,2,partition-expired,SERVE,n0/bundle,True,0,0.02442699997118325
case-28,equivocation,generated,1,signed-index,main,False,True,66451,66397,0,0,7.825796000133778,False,True,27,2,recovered,SERVE,n0/bundle,True,0,0.026639999987310148
case-28,equivocation,generated,1,transparency-only,main,True,False,65982,65928,0,0,10.51464300007865,True,False,1,2,base,SERVE,n0/bundle,True,0,0.06448700014516362
case-28,equivocation,generated,1,transparency-only,main,True,False,65982,65928,0,0,7.568770000034419,False,True,4,2,partition-young,SERVE,n0/bundle,True,0,0.053140000090934336
case-28,equivocation,generated,1,transparency-only,main,False,True,65982,65928,0,0,6.688335000035295,False,True,14,2,partition-expired,SERVE,n0/bundle,True,0,0.053099999831829336
case-28,equivocation,generated,1,transparency-only,main,False,True,66451,66397,0,0,6.908156000008603,False,True,27,2,recovered,SERVE,n0/bundle,True,0,0.05660500005433278
case-28,equivocation,generated,1,root-only,main,True,False,66634,65928,130,0,62.35349099983978,True,False,1,8,base,SERVE,n0/bundle,True,2,47.308230999988155
case-28,equivocation,generated,1,root-only,main,True,False,66634,65928,130,0,51.98623999990559,False,True,4,8,partition-young,SERVE,n0/bundle,True,2,42.23349400012921
case-28,equivocation,generated,1,root-only,main,False,True,66638,65929,130,0,61.99846200001957,False,True,14,8,partition-expired,SERVE,n0/bundle,True,2,52.46336400000473
case-28,equivocation,generated,1,root-only,main,False,False,67107,66398,115,0,54.241223000190075,False,False,27,8,recovered,EQUIVOCATION,n0/bundle,False,2,45.95214000005399
case-28,equivocation,generated,1,all-namespaces,main,True,False,83347,75458,130,0,89.38234400011424,True,False,1,74,base,SERVE,n0/bundle,True,2,52.41220099992461
case-28,equivocation,generated,1,all-namespaces,main,True,False,78015,75458,130,10,80.37967700010995,False,True,4,34,partition-young,SERVE,n0/bundle,True,2,54.881517000012536
case-28,equivocation,generated,1,all-namespaces,main,False,False,78023,75460,130,10,79.36649299995224,False,False,14,34,partition-expired,EXPIRED,n0/bundle,False,2,54.10903500001041
case-28,equivocation,generated,1,all-namespaces,main,False,False,83864,75939,115,0,80.07364700006292,False,False,27,74,recovered,EQUIVOCATION,n0/bundle,False,2,50.16314600015903
case-28,equivocation,generated,1,scoped,main,True,False,71064,65928,130,0,66.05639400004293,True,False,1,18,base,SERVE,n0/bundle,True,2,46.1520510000355
case-28,equivocation,generated,1,scoped,main,True,False,70526,65928,130,1,64.59517500002221,False,True,4,14,partition-young,SERVE,n0/bundle,True,2,48.028814999952374
case-28,equivocation,generated,1,scoped,main,False,False,70530,65929,130,1,65.46564400014176,False,False,14,14,partition-expired,EXPIRED,n0/bundle,False,2,47.85395199996856
case-28,equivocation,generated,1,scoped,main,False,False,71541,66399,115,0,59.37907499992434,False,False,27,18,recovered,EQUIVOCATION,n0/bundle,False,2,43.098965999888605
case-28,equivocation,generated,1,status-proof,main,True,False,29305,25531,130,0,14.450144999955228,True,False,1,6,base,SERVE,n0/bundle,True,2,0.902737999922465
case-28,equivocation,generated,1,status-proof,main,True,False,2269,25531,130,1,7.416230999979234,False,True,4,4,partition-young,SERVE,n0/bundle,True,2,0.9489280000707367
case-28,equivocation,generated,1,status-proof,main,False,False,2271,25532,0,1,4.493120999995881,False,False,14,4,partition-expired,EXPIRED,n0/bundle,False,0,0.5480950001128804
case-28,equivocation,generated,1,status-proof,main,False,False,29310,25534,11,0,9.278342000015982,False,False,27,6,recovered,INVALID_OR_MISSING_STATUS,n0/bundle,False,2,0.6330930000331136
case-29,equivocation,generated,3,lww,main,True,False,67839,67785,0,0,10.362733999954798,True,False,1,2,base,SERVE,n0/bundle,True,0,0.028802999850086053
case-29,equivocation,generated,3,lww,main,True,False,67839,67785,0,0,8.144384999923204,False,True,4,2,partition-young,SERVE,n0/bundle,True,0,0.025729000071805785
case-29,equivocation,generated,3,lww,main,False,True,67839,67785,0,0,6.113169999935053,False,True,14,2,partition-expired,SERVE,n0/bundle,True,0,0.0234550000186573
case-29,equivocation,generated,3,lww,main,False,True,68307,68253,0,0,6.9343250002020795,False,True,27,2,recovered,SERVE,n0/bundle,True,0,0.02700100003494299
case-29,equivocation,generated,3,signed-index,main,True,False,67839,67785,0,0,10.602144000131375,True,False,1,2,base,SERVE,n0/bundle,True,0,0.026780000098369783
case-29,equivocation,generated,3,signed-index,main,True,False,67839,67785,0,0,7.642830999884609,False,True,4,2,partition-young,SERVE,n0/bundle,True,0,0.02428700008749729
case-29,equivocation,generated,3,signed-index,main,False,True,67839,67785,0,0,6.029172999888033,False,True,14,2,partition-expired,SERVE,n0/bundle,True,0,0.0238459999764018
case-29,equivocation,generated,3,signed-index,main,False,True,68307,68253,0,0,9.852496000121391,False,True,27,2,recovered,SERVE,n0/bundle,True,0,0.029614000141009456
case-29,equivocation,generated,3,transparency-only,main,True,False,67839,67785,0,0,66.30064900014077,True,False,1,2,base,SERVE,n0/bundle,True,0,0.0607920001129969
case-29,equivocation,generated,3,transparency-only,main,True,False,67839,67785,0,0,7.417782999937117,False,True,4,2,partition-young,SERVE,n0/bundle,True,0,0.05745699991166475
case-29,equivocation,generated,3,transparency-only,main,False,True,67839,67785,0,0,6.611488999851645,False,True,14,2,partition-expired,SERVE,n0/bundle,True,0,0.054761999990660115
case-29,equivocation,generated,3,transparency-only,main,False,True,68307,68253,0,0,6.53036699986842,False,True,27,2,recovered,SERVE,n0/bundle,True,0,0.056404999895676156
case-29,equivocation,generated,3,root-only,main,True,False,68492,67785,130,0,62.540472000137015,True,False,1,8,base,SERVE,n0/bundle,True,4,49.547590000202035
case-29,equivocation,generated,3,root-only,main,True,False,68492,67785,130,0,55.6920460001038,False,True,4,8,partition-young,SERVE,n0/bundle,True,4,45.68846200004373
case-29,equivocation,generated,3,root-only,main,False,True,68496,67786,130,0,55.39851499997894,False,True,14,8,partition-expired,SERVE,n0/bundle,True,4,45.43452000007164
case-29,equivocation,generated,3,root-only,main,False,False,68964,68254,129,0,53.23062200000095,False,False,27,8,recovered,EQUIVOCATION,n0/bundle,False,4,45.57250799985013
case-29,equivocation,generated,3,all-namespaces,main,True,False,83317,75413,130,0,85.56854400012526,True,False,1,74,base,SERVE,n0/bundle,True,4,50.493553000023894
case-29,equivocation,generated,3,all-namespaces,main,True,False,77982,75413,130,10,74.82208200008245,False,True,4,34,partition-young,SERVE,n0/bundle,True,4,50.68500100014717
case-29,equivocation,generated,3,all-namespaces,main,False,False,77990,75415,130,10,73.700775999896,False,False,14,34,partition-expired,EXPIRED,n0/bundle,False,4,50.816058000009434
case-29,equivocation,generated,3,all-namespaces,main,False,False,83833,75893,129,0,79.37295100009578,False,False,27,74,recovered,EQUIVOCATION,n0/bundle,False,4,49.58559799979412
case-29,equivocation,generated,3,scoped,main,True,False,74252,67785,130,0,67.27201199987576,True,False,1,30,base,SERVE,n0/bundle,True,4,44.63370500002384
case-29,equivocation,generated,3,scoped,main,True,False,72647,67785,130,3,61.43897300012213,False,True,4,18,partition-young,SERVE,n0/bundle,True,4,44.683940999902916
case-29,equivocation,generated,3,scoped,main,False,False,72651,67786,130,3,59.241677000045456,False,False,14,18,partition-expired,EXPIRED,n0/bundle,False,4,43.60499700010223
case-29,equivocation,generated,3,scoped,main,False,False,74736,68257,129,0,64.44459699991967,False,False,27,30,recovered,EQUIVOCATION,n0/bundle,False,4,44.54907800004548
case-29,equivocation,generated,3,status-proof,main,True,False,29716,25856,130,0,15.10264599983202,True,False,1,10,base,SERVE,n0/bundle,True,4,1.5376839999134972
case-29,equivocation,generated,3,status-proof,main,True,False,2279,25856,130,3,8.265497999900617,False,True,4,4,partition-young,SERVE,n0/bundle,True,4,1.3318440001057752
case-29,equivocation,generated,3,status-proof,main,False,False,2281,25857,0,3,4.479561999914949,False,False,14,4,partition-expired,EXPIRED,n0/bundle,False,0,0.42456899996068387
case-29,equivocation,generated,3,status-proof,main,False,False,29725,25861,11,0,9.348767999881602,False,False,27,10,recovered,INVALID_OR_MISSING_STATUS,n0/bundle,False,4,0.9717919999729929
case-30,equivocation,generated,6,lww,main,True,False,70674,70620,0,0,10.337645999925371,True,False,1,2,base,SERVE,n0/bundle,True,0,0.027290999923934578
case-30,equivocation,generated,6,lww,main,True,False,70674,70620,0,0,7.065272000090772,False,True,4,2,partition-young,SERVE,n0/bundle,True,0,0.024997000082294107
case-30,equivocation,generated,6,lww,main,False,True,70674,70620,0,0,6.674583999938477,False,True,14,2,partition-expired,SERVE,n0/bundle,True,0,0.025980000145864324
case-30,equivocation,generated,6,lww,main,False,True,71142,71088,0,0,6.69186000004629,False,True,27,2,recovered,SERVE,n0/bundle,True,0,0.028864000114481314
case-30,equivocation,generated,6,signed-index,main,True,False,70674,70620,0,0,10.628042000007554,True,False,1,2,base,SERVE,n0/bundle,True,0,0.030176000109349843
case-30,equivocation,generated,6,signed-index,main,True,False,70674,70620,0,0,7.190009999931135,False,True,4,2,partition-young,SERVE,n0/bundle,True,0,0.025628000003052875
case-30,equivocation,generated,6,signed-index,main,False,True,70674,70620,0,0,5.865997000000789,False,True,14,2,partition-expired,SERVE,n0/bundle,True,0,0.025407999828530592
case-30,equivocation,generated,6,signed-index,main,False,True,71142,71088,0,0,10.588484999971115,False,True,27,2,recovered,SERVE,n0/bundle,True,0,0.07292999998753658
case-30,equivocation,generated,6,transparency-only,main,True,False,70674,70620,0,0,10.481503000164594,True,False,1,2,base,SERVE,n0/bundle,True,0,0.05828700000165554
case-30,equivocation,generated,6,transparency-only,main,True,False,70674,70620,0,0,7.343410999965272,False,True,4,2,partition-young,SERVE,n0/bundle,True,0,0.053569999863611883
case-30,equivocation,generated,6,transparency-only,main,False,True,70674,70620,0,0,5.674880000015037,False,True,14,2,partition-expired,SERVE,n0/bundle,True,0,0.05535299987968756
case-30,equivocation,generated,6,transparency-only,main,False,True,71142,71088,0,0,6.2583579999682115,False,True,27,2,recovered,SERVE,n0/bundle,True,0,0.05642499991154182
case-30,equivocation,generated,6,root-only,main,True,False,71330,70620,130,0,68.00235099990459,True,False,1,8,base,SERVE,n0/bundle,True,7,54.33524400018541
case-30,equivocation,generated,6,root-only,main,True,False,71330,70620,130,0,62.28721000002224,False,True,4,8,partition-young,SERVE,n0/bundle,True,7,51.77666400004455
case-30,equivocation,generated,6,root-only,main,False,True,71334,70621,130,0,60.95144999994773,False,True,14,8,partition-expired,SERVE,n0/bundle,True,7,51.641359999848646
case-30,equivocation,generated,6,root-only,main,False,False,71802,71089,129,0,56.20824200013885,False,False,27,8,recovered,EQUIVOCATION,n0/bundle,False,7,48.150086999839914
case-30,equivocation,generated,6,all-namespaces,main,True,False,83344,75395,130,0,89.61504399985643,True,False,1,74,base,SERVE,n0/bundle,True,7,51.55742400006602
case-30,equivocation,generated,6,all-namespaces,main,True,False,78003,75395,130,10,78.10742699984985,False,True,4,34,partition-young,SERVE,n0/bundle,True,7,52.60786400003781
case-30,equivocation,generated,6,all-namespaces,main,False,False,78011,75397,130,10,72.18800900000133,False,False,14,34,partition-expired,EXPIRED,n0/bundle,False,7,49.513588000081654
case-30,equivocation,generated,6,all-namespaces,main,False,False,83860,75875,129,0,90.20961900000657,False,False,27,74,recovered,EQUIVOCATION,n0/bundle,False,7,54.47654700014937
case-30,equivocation,generated,6,scoped,main,True,False,79106,70620,130,0,76.42276199999287,True,False,1,48,base,SERVE,n0/bundle,True,7,47.60294299990164
case-30,equivocation,generated,6,scoped,main,True,False,76431,70620,130,5,77.53563599999325,False,True,4,28,partition-young,SERVE,n0/bundle,True,7,56.17075599980126
case-30,equivocation,generated,6,scoped,main,False,False,76439,70622,130,5,69.62877700016179,False,False,14,28,partition-expired,EXPIRED,n0/bundle,False,7,48.60432000009496
case-30,equivocation,generated,6,scoped,main,False,False,79602,71095,129,0,71.57439599995996,False,False,27,48,recovered,EQUIVOCATION,n0/bundle,False,7,46.075956000095175
case-30,equivocation,generated,6,status-proof,main,True,False,30334,26345,130,0,15.013553000017055,True,False,1,16,base,SERVE,n0/bundle,True,7,1.711755999849629
case-30,equivocation,generated,6,status-proof,main,True,False,6851,26345,130,5,8.320862000118723,False,True,4,6,partition-young,SERVE,n0/bundle,True,7,1.677274000030593
case-30,equivocation,generated,6,status-proof,main,False,False,6855,26347,0,5,5.307746999960727,False,False,14,6,partition-expired,EXPIRED,n0/bundle,False,0,0.43137900001966045
case-30,equivocation,generated,6,status-proof,main,False,False,30349,26353,20,0,9.499875000074098,False,False,27,16,recovered,INVALID_OR_MISSING_STATUS,n0/bundle,False,7,1.6137390000494634
case-31,missing,public-lock,1,lww,main,True,False,34888,34834,0,0,4.310205999900063,True,False,1,2,base,SERVE,n0/bundle,True,0,0.018276999981026165
case-31,missing,public-lock,1,lww,main,False,True,35405,35343,0,0,2.279911000186985,False,True,4,2,partition-young,SERVE,n0/missing-bundle,True,0,0.015231999896059278
case-31,missing,public-lock,1,lww,main,False,True,35405,35343,0,0,2.7554559999316552,False,True,14,2,partition-expired,SERVE,n0/missing-bundle,True,0,0.013980999938212335
case-31,missing,public-lock,1,lww,main,False,True,35405,35343,0,0,3.4661769998365344,False,True,27,2,recovered,SERVE,n0/missing-bundle,True,0,0.01699499989626929
case-31,missing,public-lock,1,signed-index,main,True,False,34888,34834,0,0,4.363265999927535,True,False,1,2,base,SERVE,n0/bundle,True,0,0.017386000081387465
case-31,missing,public-lock,1,signed-index,main,False,True,35405,35343,0,0,2.6457120000031864,False,True,4,2,partition-young,SERVE,n0/missing-bundle,True,0,0.015493000091737485
case-31,missing,public-lock,1,signed-index,main,False,True,35405,35343,0,0,2.4084140000013576,False,True,14,2,partition-expired,SERVE,n0/missing-bundle,True,0,0.014902000202710042
case-31,missing,public-lock,1,signed-index,main,False,True,35405,35343,0,0,2.506282000013016,False,True,27,2,recovered,SERVE,n0/missing-bundle,True,0,0.017696999975669314
case-31,missing,public-lock,1,transparency-only,main,True,False,34888,34834,0,0,4.23848800005544,True,False,1,2,base,SERVE,n0/bundle,True,0,0.03712600005201239
case-31,missing,public-lock,1,transparency-only,main,False,False,35405,35343,0,0,2.336024999976871,False,False,4,2,partition-young,MISSING_OR_ROOT_REVOKED,n0/missing-bundle,False,0,0.016024999922592542
case-31,missing,public-lock,1,transparency-only,main,False,False,35405,35343,0,0,2.2042969999347406,False,False,14,2,partition-expired,MISSING_OR_ROOT_REVOKED,n0/missing-bundle,False,0,0.014893000070514972
case-31,missing,public-lock,1,transparency-only,main,False,False,35405,35343,0,0,2.595835999954943,False,False,27,2,recovered,MISSING_OR_ROOT_REVOKED,n0/missing-bundle,False,0,0.01916900009746314
case-31,missing,public-lock,1,root-only,main,True,False,35539,34834,62,0,27.675616000124137,True,False,1,8,base,SERVE,n0/bundle,True,2,21.752113000047757
case-31,missing,public-lock,1,root-only,main,False,False,36056,35343,3,0,25.306702000079895,False,False,4,8,partition-young,MISSING_DEPENDENCY,n0/missing-bundle,False,2,21.375536000050488
case-31,missing,public-lock,1,root-only,main,False,False,36060,35344,3,0,25.78239800004667,False,False,14,8,partition-expired,MISSING_DEPENDENCY,n0/missing-bundle,False,2,21.659312999872782
case-31,missing,public-lock,1,root-only,main,False,False,36060,35344,3,0,26.1194140000498,False,False,27,8,recovered,MISSING_DEPENDENCY,n0/missing-bundle,False,2,22.262060000002748
case-31,missing,public-lock,1,all-namespaces,main,True,False,52238,44364,62,0,56.053008999924714,True,False,1,74,base,SERVE,n0/bundle,True,2,29.41486400004578
case-31,missing,public-lock,1,all-namespaces,main,False,False,47426,44873,3,10,44.31369300004917,False,False,4,34,partition-young,MISSING_DEPENDENCY,n0/missing-bundle,False,2,29.063014000030307
case-31,missing,public-lock,1,all-namespaces,main,False,False,47434,44875,3,10,46.04677199995422,False,False,14,34,partition-expired,MISSING_DEPENDENCY,n0/missing-bundle,False,2,28.91660399995999
case-31,missing,public-lock,1,all-namespaces,main,False,False,52803,44885,3,0,55.78076400001919,False,False,27,74,recovered,MISSING_DEPENDENCY,n0/missing-bundle,False,2,31.5430620000825
case-31,missing,public-lock,1,scoped,main,True,False,39179,34834,62,0,31.748074000006454,True,False,1,18,base,SERVE,n0/bundle,True,2,21.361164999916582
case-31,missing,public-lock,1,scoped,main,False,False,39241,35343,3,1,30.599997999843254,False,False,4,14,partition-young,MISSING_DEPENDENCY,n0/missing-bundle,False,2,23.015763999865158
case-31,missing,public-lock,1,scoped,main,False,False,39245,35344,3,1,31.6734529999394,False,False,14,14,partition-expired,MISSING_DEPENDENCY,n0/missing-bundle,False,2,23.91258500006188
case-31,missing,public-lock,1,scoped,main,False,False,39784,35345,3,0,48.886524999943504,False,False,27,18,recovered,MISSING_DEPENDENCY,n0/missing-bundle,False,2,31.644728999935978
case-31,missing,public-lock,1,status-proof,main,True,False,18280,15292,62,0,6.1596789998930035,True,False,1,6,base,SERVE,n0/bundle,True,2,0.6947459999082639
case-31,missing,public-lock,1,status-proof,main,False,False,2157,555,2,1,2.386521000062203,False,False,4,4,partition-young,INVALID_OR_MISSING_STATUS,n0/missing-bundle,False,2,0.18012099985753594
case-31,missing,public-lock,1,status-proof,main,False,False,2159,556,2,1,2.0794689999092952,False,False,14,4,partition-expired,INVALID_OR_MISSING_STATUS,n0/missing-bundle,False,2,0.17585499995220744
case-31,missing,public-lock,1,status-proof,main,False,False,18616,15554,2,0,3.829111999948509,False,False,27,6,recovered,INVALID_OR_MISSING_STATUS,n0/missing-bundle,False,2,0.4884960001163563
case-32,missing,public-lock,3,lww,main,True,False,36778,36724,0,0,4.410005999943678,True,False,1,2,base,SERVE,n0/bundle,True,0,0.01628500012884615
case-32,missing,public-lock,3,lww,main,False,True,37295,37233,0,0,3.408288000173343,False,True,4,2,partition-young,SERVE,n0/missing-bundle,True,0,0.015032000192150008
case-32,missing,public-lock,3,lww,main,False,True,37295,37233,0,0,2.8982709998217615,False,True,14,2,partition-expired,SERVE,n0/missing-bundle,True,0,0.01604400017640728
case-32,missing,public-lock,3,lww,main,False,True,37295,37233,0,0,2.4754450000727957,False,True,27,2,recovered,SERVE,n0/missing-bundle,True,0,0.01691500006018032
case-32,missing,public-lock,3,signed-index,main,True,False,36778,36724,0,0,4.448422999985269,True,False,1,2,base,SERVE,n0/bundle,True,0,0.01914800009217288
case-32,missing,public-lock,3,signed-index,main,False,True,37295,37233,0,0,2.3665709998113016,False,True,4,2,partition-young,SERVE,n0/missing-bundle,True,0,0.014822000139247393
case-32,missing,public-lock,3,signed-index,main,False,True,37295,37233,0,0,2.3209119999592076,False,True,14,2,partition-expired,SERVE,n0/missing-bundle,True,0,0.013931000012235017
case-32,missing,public-lock,3,signed-index,main,False,True,37295,37233,0,0,2.555995999955485,False,True,27,2,recovered,SERVE,n0/missing-bundle,True,0,0.01720600016597018
case-32,missing,public-lock,3,transparency-only,main,True,False,36778,36724,0,0,4.381443000056606,True,False,1,2,base,SERVE,n0/bundle,True,0,0.0359040000148525
case-32,missing,public-lock,3,transparency-only,main,False,False,37295,37233,0,0,2.3234159998537507,False,False,4,2,partition-young,MISSING_OR_ROOT_REVOKED,n0/missing-bundle,False,0,0.015453000060006161
case-32,missing,public-lock,3,transparency-only,main,False,False,37295,37233,0,0,2.2090140000727843,False,False,14,2,partition-expired,MISSING_OR_ROOT_REVOKED,n0/missing-bundle,False,0,0.014932999874872621
case-32,missing,public-lock,3,transparency-only,main,False,False,37295,37233,0,0,3.1981829999949696,False,False,27,2,recovered,MISSING_OR_ROOT_REVOKED,n0/missing-bundle,False,0,0.021572999912677915
case-32,missing,public-lock,3,root-only,main,True,False,37431,36724,62,0,28.282400000080088,True,False,1,8,base,SERVE,n0/bundle,True,4,22.100157000068066
case-32,missing,public-lock,3,root-only,main,False,False,37948,37233,3,0,26.986640000131956,False,False,4,8,partition-young,MISSING_DEPENDENCY,n0/missing-bundle,False,2,22.809393999978056
case-32,missing,public-lock,3,root-only,main,False,False,37952,37234,3,0,28.299494999828312,False,False,14,8,partition-expired,MISSING_DEPENDENCY,n0/missing-bundle,False,2,23.943510999970385
case-32,missing,public-lock,3,root-only,main,False,False,37952,37234,3,0,29.26157200022317,False,False,27,8,recovered,MISSING_DEPENDENCY,n0/missing-bundle,False,2,24.87987999984398
case-32,missing,public-lock,3,all-namespaces,main,True,False,52256,44352,62,0,51.564284999813026,True,False,1,74,base,SERVE,n0/bundle,True,4,26.90887400012798
case-32,missing,public-lock,3,all-namespaces,main,False,False,47438,44861,3,10,41.80200500013598,False,False,4,34,partition-young,MISSING_DEPENDENCY,n0/missing-bundle,False,2,27.531339999995907
case-32,missing,public-lock,3,all-namespaces,main,False,False,47446,44863,3,10,42.69320599996718,False,False,14,34,partition-expired,MISSING_DEPENDENCY,n0/missing-bundle,False,2,28.56962200007729
case-32,missing,public-lock,3,all-namespaces,main,False,False,52821,44873,3,0,58.28043199994681,False,False,27,74,recovered,MISSING_DEPENDENCY,n0/missing-bundle,False,2,28.907991000096445
case-32,missing,public-lock,3,scoped,main,True,False,42405,36724,62,0,36.108947000002445,True,False,1,30,base,SERVE,n0/bundle,True,4,22.56422499999644
case-32,missing,public-lock,3,scoped,main,False,False,41397,37233,3,3,32.82502599995496,False,False,4,18,partition-young,MISSING_DEPENDENCY,n0/missing-bundle,False,2,24.040095999907862
case-32,missing,public-lock,3,scoped,main,False,False,41401,37234,3,3,32.25058100019851,False,False,14,18,partition-expired,MISSING_DEPENDENCY,n0/missing-bundle,False,2,22.327358999973512
case-32,missing,public-lock,3,scoped,main,False,False,43018,37237,3,0,35.39657500004978,False,False,27,30,recovered,MISSING_DEPENDENCY,n0/missing-bundle,False,2,23.40527100000145
case-32,missing,public-lock,3,status-proof,main,True,False,18692,15618,62,0,6.822225999940201,True,False,1,10,base,SERVE,n0/bundle,True,4,1.024762000042756
case-32,missing,public-lock,3,status-proof,main,False,False,2167,10745,2,3,2.466461000039999,False,False,4,4,partition-young,INVALID_OR_MISSING_STATUS,n0/missing-bundle,False,2,0.560293000035017
case-32,missing,public-lock,3,status-proof,main,False,False,2169,10746,0,3,2.1481619999121904,False,False,14,4,partition-expired,EXPIRED,n0/missing-bundle,False,0,0.3808430001299712
case-32,missing,public-lock,3,status-proof,main,False,False,19032,15882,2,0,5.579565999823899,False,False,27,10,recovered,INVALID_OR_MISSING_STATUS,n0/missing-bundle,False,2,0.7779100001243933
case-33,missing,public-lock,6,lww,main,True,False,39613,39559,0,0,4.315153999868926,True,False,1,2,base,SERVE,n0/bundle,True,0,0.01947900000232039
case-33,missing,public-lock,6,lww,main,False,True,40130,40068,0,0,2.502426000091873,False,True,4,2,partition-young,SERVE,n0/missing-bundle,True,0,0.01660500015532307
case-33,missing,public-lock,6,lww,main,False,True,40130,40068,0,0,2.3669520001021738,False,True,14,2,partition-expired,SERVE,n0/missing-bundle,True,0,0.016774999949120684
case-33,missing,public-lock,6,lww,main,False,True,40130,40068,0,0,2.8287069999350933,False,True,27,2,recovered,SERVE,n0/missing-bundle,True,0,0.020189999986541807
case-33,missing,public-lock,6,signed-index,main,True,False,39613,39559,0,0,4.29662500005179,True,False,1,2,base,SERVE,n0/bundle,True,0,0.019199000007574796
case-33,missing,public-lock,6,signed-index,main,False,True,40130,40068,0,0,2.5441990001127124,False,True,4,2,partition-young,SERVE,n0/missing-bundle,True,0,0.035592999893196975
case-33,missing,public-lock,6,signed-index,main,False,True,40130,40068,0,0,2.353611999978966,False,True,14,2,partition-expired,SERVE,n0/missing-bundle,True,0,0.015303000054700533
case-33,missing,public-lock,6,signed-index,main,False,True,40130,40068,0,0,2.598981000119238,False,True,27,2,recovered,SERVE,n0/missing-bundle,True,0,0.01946899988070072
case-33,missing,public-lock,6,transparency-only,main,True,False,39613,39559,0,0,4.573361999973713,True,False,1,2,base,SERVE,n0/bundle,True,0,0.03922900009456498
case-33,missing,public-lock,6,transparency-only,main,False,False,40130,40068,0,0,2.5848789998690336,False,False,4,2,partition-young,MISSING_OR_ROOT_REVOKED,n0/missing-bundle,False,0,0.017525999965073424
case-33,missing,public-lock,6,transparency-only,main,False,False,40130,40068,0,0,2.429396000025008,False,False,14,2,partition-expired,MISSING_OR_ROOT_REVOKED,n0/missing-bundle,False,0,0.016794999964986346
case-33,missing,public-lock,6,transparency-only,main,False,False,40130,40068,0,0,2.737860000024739,False,False,27,2,recovered,MISSING_OR_ROOT_REVOKED,n0/missing-bundle,False,0,0.019359000134500093
case-33,missing,public-lock,6,root-only,main,True,False,40269,39559,62,0,29.96762599991598,True,False,1,8,base,SERVE,n0/bundle,True,7,23.90162799997597
case-33,missing,public-lock,6,root-only,main,False,False,40786,40068,3,0,29.20049099998323,False,False,4,8,partition-young,MISSING_DEPENDENCY,n0/missing-bundle,False,2,25.12940500014338
case-33,missing,public-lock,6,root-only,main,False,False,40790,40069,3,0,29.149705000008908,False,False,14,8,partition-expired,MISSING_DEPENDENCY,n0/missing-bundle,False,2,24.33133399995313
case-33,missing,public-lock,6,root-only,main,False,False,40790,40069,3,0,30.68957200002842,False,False,27,8,recovered,MISSING_DEPENDENCY,n0/missing-bundle,False,2,25.747886000090148
case-33,missing,public-lock,6,all-namespaces,main,True,False,52283,44334,62,0,52.877300000091054,True,False,1,74,base,SERVE,n0/bundle,True,7,28.89730500010046
case-33,missing,public-lock,6,all-namespaces,main,False,False,47459,44843,3,10,45.541401000036785,False,False,4,34,partition-young,MISSING_DEPENDENCY,n0/missing-bundle,False,2,27.96291899994685
case-33,missing,public-lock,6,all-namespaces,main,False,False,47467,44845,3,10,45.35324900007254,False,False,14,34,partition-expired,MISSING_DEPENDENCY,n0/missing-bundle,False,2,29.577299000038693
case-33,missing,public-lock,6,all-namespaces,main,False,False,52848,44855,3,0,58.73066000003746,False,False,27,74,recovered,MISSING_DEPENDENCY,n0/missing-bundle,False,2,32.786008000130096
case-33,missing,public-lock,6,scoped,main,True,False,47259,39559,62,0,44.4726329999412,True,False,1,48,base,SERVE,n0/bundle,True,7,25.887095999905796
case-33,missing,public-lock,6,scoped,main,False,False,45181,40068,3,5,37.81606600000487,False,False,4,28,partition-young,MISSING_DEPENDENCY,n0/missing-bundle,False,2,25.34509999986767
case-33,missing,public-lock,6,scoped,main,False,False,45189,40070,3,5,40.44738600009623,False,False,14,28,partition-expired,MISSING_DEPENDENCY,n0/missing-bundle,False,2,26.270672000009654
case-33,missing,public-lock,6,scoped,main,False,False,47884,40075,3,0,39.509715000122014,False,False,27,48,recovered,MISSING_DEPENDENCY,n0/missing-bundle,False,2,23.713174000022263
case-33,missing,public-lock,6,status-proof,main,True,False,19310,16107,62,0,9.059001999958127,True,False,1,16,base,SERVE,n0/bundle,True,7,1.618425999822648
case-33,missing,public-lock,6,status-proof,main,False,False,4944,13364,2,5,4.065929000034885,False,False,4,6,partition-young,INVALID_OR_MISSING_STATUS,n0/missing-bundle,False,2,1.4790959999118058
case-33,missing,public-lock,6,status-proof,main,False,False,4948,13366,0,5,2.955917999997837,False,False,14,6,partition-expired,EXPIRED,n0/missing-bundle,False,0,0.3499759998248919
case-33,missing,public-lock,6,status-proof,main,False,False,19656,16374,2,0,6.091105999985302,False,False,27,16,recovered,INVALID_OR_MISSING_STATUS,n0/missing-bundle,False,2,1.254759000175909
case-34,missing,generated,1,lww,main,True,False,65982,65928,0,0,10.441982999964239,True,False,1,2,base,SERVE,n0/bundle,True,0,0.026749999960884452
case-34,missing,generated,1,lww,main,False,True,66499,66437,0,0,4.039278000163904,False,True,4,2,partition-young,SERVE,n0/missing-bundle,True,0,0.02607900000839436
case-34,missing,generated,1,lww,main,False,True,66499,66437,0,0,3.9784070002042426,False,True,14,2,partition-expired,SERVE,n0/missing-bundle,True,0,0.02287400002387585
case-34,missing,generated,1,lww,main,False,True,66499,66437,0,0,4.90157499984889,False,True,27,2,recovered,SERVE,n0/missing-bundle,True,0,0.025659000129962806
case-34,missing,generated,1,signed-index,main,True,False,65982,65928,0,0,10.90342700013025,True,False,1,2,base,SERVE,n0/bundle,True,0,0.026780999860420707
case-34,missing,generated,1,signed-index,main,False,True,66499,66437,0,0,4.865300999881583,False,True,4,2,partition-young,SERVE,n0/missing-bundle,True,0,0.024676999828443513
case-34,missing,generated,1,signed-index,main,False,True,66499,66437,0,0,3.985687999829679,False,True,14,2,partition-expired,SERVE,n0/missing-bundle,True,0,0.024617000008220202
case-34,missing,generated,1,signed-index,main,False,True,66499,66437,0,0,4.060460000118837,False,True,27,2,recovered,SERVE,n0/missing-bundle,True,0,0.026230000003124587
case-34,missing,generated,1,transparency-only,main,True,False,65982,65928,0,0,10.362253000039345,True,False,1,2,base,SERVE,n0/bundle,True,0,0.05732599993280019
case-34,missing,generated,1,transparency-only,main,False,False,66499,66437,0,0,3.8877909998973337,False,False,4,2,partition-young,MISSING_OR_ROOT_REVOKED,n0/missing-bundle,False,0,0.024888000098144403
case-34,missing,generated,1,transparency-only,main,False,False,66499,66437,0,0,3.8662179999846558,False,False,14,2,partition-expired,MISSING_OR_ROOT_REVOKED,n0/missing-bundle,False,0,0.025958999913200387
case-34,missing,generated,1,transparency-only,main,False,False,66499,66437,0,0,4.349045000026308,False,False,27,2,recovered,MISSING_OR_ROOT_REVOKED,n0/missing-bundle,False,0,0.03078600002481835
case-34,missing,generated,1,root-only,main,True,False,66634,65928,130,0,55.24543499996071,True,False,1,8,base,SERVE,n0/bundle,True,2,42.917102000046725
case-34,missing,generated,1,root-only,main,False,False,67151,66437,3,0,48.709298999938255,False,False,4,8,partition-young,MISSING_DEPENDENCY,n0/missing-bundle,False,2,42.4287580001419
case-34,missing,generated,1,root-only,main,False,False,67155,66438,3,0,48.72535300000891,False,False,14,8,partition-expired,MISSING_DEPENDENCY,n0/missing-bundle,False,2,42.14858699992874
case-34,missing,generated,1,root-only,main,False,False,67155,66438,3,0,49.31217599983029,False,False,27,8,recovered,MISSING_DEPENDENCY,n0/missing-bundle,False,2,43.03414900005009
case-34,missing,generated,1,all-namespaces,main,True,False,83347,75458,130,0,87.75983200007431,True,False,1,74,base,SERVE,n0/bundle,True,2,50.85185300004014
case-34,missing,generated,1,all-namespaces,main,False,False,78532,75967,3,10,68.55901899984929,False,False,4,34,partition-young,MISSING_DEPENDENCY,n0/missing-bundle,False,2,48.48346800008585
case-34,missing,generated,1,all-namespaces,main,False,False,78540,75969,3,10,69.04949599993415,False,False,14,34,partition-expired,MISSING_DEPENDENCY,n0/missing-bundle,False,2,48.0541730000823
case-34,missing,generated,1,all-namespaces,main,False,False,83912,75979,3,0,77.62854700013122,False,False,27,74,recovered,MISSING_DEPENDENCY,n0/missing-bundle,False,2,48.74631400002727
case-34,missing,generated,1,scoped,main,True,False,71064,65928,130,0,60.85186099994644,True,False,1,18,base,SERVE,n0/bundle,True,2,42.95584000010422
case-34,missing,generated,1,scoped,main,False,False,71123,66437,3,1,52.971531999901345,False,False,4,14,partition-young,MISSING_DEPENDENCY,n0/missing-bundle,False,2,41.9301770000402
case-34,missing,generated,1,scoped,main,False,False,71127,66438,3,1,53.04608400001598,False,False,14,14,partition-expired,MISSING_DEPENDENCY,n0/missing-bundle,False,2,41.42345499985822
case-34,missing,generated,1,scoped,main,False,False,71669,66439,3,0,54.356126000129734,False,False,27,18,recovered,MISSING_DEPENDENCY,n0/missing-bundle,False,2,42.15326299981825
case-34,missing,generated,1,status-proof,main,True,False,29305,25531,130,0,14.716165999971054,True,False,1,6,base,SERVE,n0/bundle,True,2,0.9153080000032787
case-34,missing,generated,1,status-proof,main,False,False,2539,544,2,1,3.2010170000376093,False,False,4,4,partition-young,INVALID_OR_MISSING_STATUS,n0/missing-bundle,False,2,0.18507900017539214
case-34,missing,generated,1,status-proof,main,False,False,2541,545,2,1,2.907404999859864,False,False,14,4,partition-expired,INVALID_OR_MISSING_STATUS,n0/missing-bundle,False,2,0.30230500010475225
case-34,missing,generated,1,status-proof,main,False,False,29641,25793,2,0,7.487165999918943,False,False,27,6,recovered,INVALID_OR_MISSING_STATUS,n0/missing-bundle,False,2,0.649017000114327
case-35,missing,generated,3,lww,main,True,False,67839,67785,0,0,11.13475500005734,True,False,1,2,base,SERVE,n0/bundle,True,0,0.028182999812997878
case-35,missing,generated,3,lww,main,False,True,68356,68294,0,0,4.3305359999976645,False,True,4,2,partition-young,SERVE,n0/missing-bundle,True,0,0.025698999934320454
case-35,missing,generated,3,lww,main,False,True,68356,68294,0,0,4.5355649999692105,False,True,14,2,partition-expired,SERVE,n0/missing-bundle,True,0,0.023715999986961833
case-35,missing,generated,3,lww,main,False,True,68356,68294,0,0,4.145938999954524,False,True,27,2,recovered,SERVE,n0/missing-bundle,True,0,0.027792000082627055
case-35,missing,generated,3,signed-index,main,True,False,67839,67785,0,0,10.79806899997493,True,False,1,2,base,SERVE,n0/bundle,True,0,0.027180999950360274
case-35,missing,generated,3,signed-index,main,False,True,68356,68294,0,0,7.219174000056228,False,True,4,2,partition-young,SERVE,n0/missing-bundle,True,0,0.02824200009854394
case-35,missing,generated,3,signed-index,main,False,True,68356,68294,0,0,5.512124999995649,False,True,14,2,partition-expired,SERVE,n0/missing-bundle,True,0,0.027402000114307157
case-35,missing,generated,3,signed-index,main,False,True,68356,68294,0,0,4.480963000105476,False,True,27,2,recovered,SERVE,n0/missing-bundle,True,0,0.02937399995062151
case-35,missing,generated,3,transparency-only,main,True,False,67839,67785,0,0,69.14347900010398,True,False,1,2,base,SERVE,n0/bundle,True,0,0.061462000076062395
case-35,missing,generated,3,transparency-only,main,False,False,68356,68294,0,0,4.130615000121907,False,False,4,2,partition-young,MISSING_OR_ROOT_REVOKED,n0/missing-bundle,False,0,0.02689099983399501
case-35,missing,generated,3,transparency-only,main,False,False,68356,68294,0,0,4.099709000001894,False,False,14,2,partition-expired,MISSING_OR_ROOT_REVOKED,n0/missing-bundle,False,0,0.025648000018918538
case-35,missing,generated,3,transparency-only,main,False,False,68356,68294,0,0,6.971672000190665,False,False,27,2,recovered,MISSING_OR_ROOT_REVOKED,n0/missing-bundle,False,0,0.04317499997341656
case-35,missing,generated,3,root-only,main,True,False,68492,67785,130,0,59.730333000061364,True,False,1,8,base,SERVE,n0/bundle,True,4,46.831812999926115
case-35,missing,generated,3,root-only,main,False,False,69009,68294,3,0,51.3009679998504,False,False,4,8,partition-young,MISSING_DEPENDENCY,n0/missing-bundle,False,2,44.69267499985108
case-35,missing,generated,3,root-only,main,False,False,69013,68295,3,0,52.81819199990423,False,False,14,8,partition-expired,MISSING_DEPENDENCY,n0/missing-bundle,False,2,46.00383800016061
case-35,missing,generated,3,root-only,main,False,False,69013,68295,3,0,54.279871000062485,False,False,27,8,recovered,MISSING_DEPENDENCY,n0/missing-bundle,False,2,46.15204000015183
case-35,missing,generated,3,all-namespaces,main,True,False,83317,75413,130,0,82.89324999987002,True,False,1,74,base,SERVE,n0/bundle,True,4,48.8029790001292
case-35,missing,generated,3,all-namespaces,main,False,False,78499,75922,3,10,68.80675200000042,False,False,4,34,partition-young,MISSING_DEPENDENCY,n0/missing-bundle,False,2,48.26254699992205
case-35,missing,generated,3,all-namespaces,main,False,False,78507,75924,3,10,72.15570199991816,False,False,14,34,partition-expired,MISSING_DEPENDENCY,n0/missing-bundle,False,2,50.81578900012573
case-35,missing,generated,3,all-namespaces,main,False,False,83882,75934,3,0,76.36490499999127,False,False,27,74,recovered,MISSING_DEPENDENCY,n0/missing-bundle,False,2,48.369226999966486
case-35,missing,generated,3,scoped,main,True,False,74252,67785,130,0,95.55000499995003,True,False,1,30,base,SERVE,n0/bundle,True,4,65.09500600009233
case-35,missing,generated,3,scoped,main,False,False,73244,68294,3,3,65.88931099986439,False,False,4,18,partition-young,MISSING_DEPENDENCY,n0/missing-bundle,False,2,50.925713999959044
case-35,missing,generated,3,scoped,main,False,False,73248,68295,3,3,63.03538599991043,False,False,14,18,partition-expired,MISSING_DEPENDENCY,n0/missing-bundle,False,2,46.848359000023265
case-35,missing,generated,3,scoped,main,False,False,74865,68298,3,0,60.88523099992926,False,False,27,30,recovered,MISSING_DEPENDENCY,n0/missing-bundle,False,2,43.96986699998706
case-35,missing,generated,3,status-proof,main,True,False,29716,25856,130,0,13.057989999879283,True,False,1,10,base,SERVE,n0/bundle,True,4,1.2304809999932331
case-35,missing,generated,3,status-proof,main,False,False,2549,17637,2,3,3.602462000117157,False,False,4,4,partition-young,INVALID_OR_MISSING_STATUS,n0/missing-bundle,False,2,0.7197630000064237
case-35,missing,generated,3,status-proof,main,False,False,2551,17638,0,3,3.022388000090359,False,False,14,4,partition-expired,EXPIRED,n0/missing-bundle,False,0,0.39546500011056196
case-35,missing,generated,3,status-proof,main,False,False,30056,26120,2,0,7.672696000099677,False,False,27,10,recovered,INVALID_OR_MISSING_STATUS,n0/missing-bundle,False,2,0.9050319999914791
case-36,missing,generated,6,lww,main,True,False,70674,70620,0,0,10.567330999947444,True,False,1,2,base,SERVE,n0/bundle,True,0,0.027451000050859875
case-36,missing,generated,6,lww,main,False,True,71191,71129,0,0,4.271046999974715,False,True,4,2,partition-young,SERVE,n0/missing-bundle,True,0,0.02625000001899025
case-36,missing,generated,6,lww,main,False,True,71191,71129,0,0,4.189703999827543,False,True,14,2,partition-expired,SERVE,n0/missing-bundle,True,0,0.025198000003001653
case-36,missing,generated,6,lww,main,False,True,71191,71129,0,0,4.43600499988861,False,True,27,2,recovered,SERVE,n0/missing-bundle,True,0,0.0265599999238475
case-36,missing,generated,6,signed-index,main,True,False,70674,70620,0,0,10.298147000185054,True,False,1,2,base,SERVE,n0/bundle,True,0,0.02840299998752016
case-36,missing,generated,6,signed-index,main,False,True,71191,71129,0,0,4.084405999947194,False,True,4,2,partition-young,SERVE,n0/missing-bundle,True,0,0.025218000018867315
case-36,missing,generated,6,signed-index,main,False,True,71191,71129,0,0,4.006899999922098,False,True,14,2,partition-expired,SERVE,n0/missing-bundle,True,0,0.024036000013438752
case-36,missing,generated,6,signed-index,main,False,True,71191,71129,0,0,4.536947000133296,False,True,27,2,recovered,SERVE,n0/missing-bundle,True,0,0.027712000019164407
case-36,missing,generated,6,transparency-only,main,True,False,70674,70620,0,0,10.427392000110558,True,False,1,2,base,SERVE,n0/bundle,True,0,0.058258000080968486
case-36,missing,generated,6,transparency-only,main,False,False,71191,71129,0,0,4.119188000004215,False,False,4,2,partition-young,MISSING_OR_ROOT_REVOKED,n0/missing-bundle,False,0,0.026279999929101905
case-36,missing,generated,6,transparency-only,main,False,False,71191,71129,0,0,3.9349410001250362,False,False,14,2,partition-expired,MISSING_OR_ROOT_REVOKED,n0/missing-bundle,False,0,0.02558799997132155
case-36,missing,generated,6,transparency-only,main,False,False,71191,71129,0,0,4.352891000053205,False,False,27,2,recovered,MISSING_OR_ROOT_REVOKED,n0/missing-bundle,False,0,0.028463000035117147
case-36,missing,generated,6,root-only,main,True,False,71330,70620,130,0,57.743893999941065,True,False,1,8,base,SERVE,n0/bundle,True,7,44.87299599986727
case-36,missing,generated,6,root-only,main,False,False,71847,71129,3,0,51.12083800008804,False,False,4,8,partition-young,MISSING_DEPENDENCY,n0/missing-bundle,False,2,44.861898000135625
case-36,missing,generated,6,root-only,main,False,False,71851,71130,3,0,51.24584499981211,False,False,14,8,partition-expired,MISSING_DEPENDENCY,n0/missing-bundle,False,2,44.2808039999818
case-36,missing,generated,6,root-only,main,False,False,71851,71130,3,0,53.37580099990191,False,False,27,8,recovered,MISSING_DEPENDENCY,n0/missing-bundle,False,2,46.472712999957366
case-36,missing,generated,6,all-namespaces,main,True,False,83344,75395,130,0,95.91753800009428,True,False,1,74,base,SERVE,n0/bundle,True,7,51.996485000017856
case-36,missing,generated,6,all-namespaces,main,False,False,78520,75904,3,10,78.40790999989622,False,False,4,34,partition-young,MISSING_DEPENDENCY,n0/missing-bundle,False,2,55.27953599994362
case-36,missing,generated,6,all-namespaces,main,False,False,78528,75906,3,10,80.2210990000276,False,False,14,34,partition-expired,MISSING_DEPENDENCY,n0/missing-bundle,False,2,56.55080800011092
case-36,missing,generated,6,all-namespaces,main,False,False,83909,75916,3,0,84.99255800006722,False,False,27,74,recovered,MISSING_DEPENDENCY,n0/missing-bundle,False,2,53.893770000058794
case-36,missing,generated,6,scoped,main,True,False,79106,70620,130,0,74.5015309998962,True,False,1,48,base,SERVE,n0/bundle,True,7,45.98716200007402
case-36,missing,generated,6,scoped,main,False,False,77028,71129,3,5,68.13864600007946,False,False,4,28,partition-young,MISSING_DEPENDENCY,n0/missing-bundle,False,2,49.58526699988397
case-36,missing,generated,6,scoped,main,False,False,77036,71131,3,5,68.98849499998505,False,False,14,28,partition-expired,MISSING_DEPENDENCY,n0/missing-bundle,False,2,47.46462599996448
case-36,missing,generated,6,scoped,main,False,False,79731,71136,3,0,68.71508300014284,False,False,27,48,recovered,MISSING_DEPENDENCY,n0/missing-bundle,False,2,46.29019799995149
case-36,missing,generated,6,status-proof,main,True,False,30334,26345,130,0,18.64647899992633,True,False,1,16,base,SERVE,n0/bundle,True,7,1.8329079998693487
case-36,missing,generated,6,status-proof,main,False,False,7121,22161,2,5,6.288002000019333,False,False,4,6,partition-young,INVALID_OR_MISSING_STATUS,n0/missing-bundle,False,2,1.4593060000152036
case-36,missing,generated,6,status-proof,main,False,False,7125,22163,0,5,4.965491999882943,False,False,14,6,partition-expired,EXPIRED,n0/missing-bundle,False,0,0.4807430000255408
case-36,missing,generated,6,status-proof,main,False,False,30680,26612,2,0,9.88516500001424,False,False,27,16,recovered,INVALID_OR_MISSING_STATUS,n0/missing-bundle,False,2,1.4059960001304717
case-37,malformed,public-lock,1,lww,main,True,False,34888,34834,0,0,4.229394000049069,True,False,1,2,base,SERVE,n0/bundle,True,0,0.019359000134500093
case-37,malformed,public-lock,1,lww,main,False,True,2489,2434,0,0,1.698846999943271,False,True,4,2,partition-young,SERVE,n0/cycle-a,True,0,0.0064390001170977484
case-37,malformed,public-lock,1,lww,main,False,True,2489,2434,0,0,1.4689500001168199,False,True,14,2,partition-expired,SERVE,n0/cycle-a,True,0,0.0034850002066377783
case-37,malformed,public-lock,1,lww,main,False,True,2489,2434,0,0,1.440647999970679,False,True,27,2,recovered,SERVE,n0/cycle-a,True,0,0.005018000138079515
case-37,malformed,public-lock,1,signed-index,main,True,False,34888,34834,0,0,4.15490199998203,True,False,1,2,base,SERVE,n0/bundle,True,0,0.016996000113067566
case-37,malformed,public-lock,1,signed-index,main,False,True,2489,2434,0,0,1.6787360000307672,False,True,4,2,partition-young,SERVE,n0/cycle-a,True,0,0.005056999953012564
case-37,malformed,public-lock,1,signed-index,main,False,True,2489,2434,0,0,1.5919550000944582,False,True,14,2,partition-expired,SERVE,n0/cycle-a,True,0,0.003634999984569731
case-37,malformed,public-lock,1,signed-index,main,False,True,2489,2434,0,0,1.5528569999787578,False,True,27,2,recovered,SERVE,n0/cycle-a,True,0,0.005949000069449539
case-37,malformed,public-lock,1,transparency-only,main,True,False,34888,34834,0,0,5.821068999921408,True,False,1,2,base,SERVE,n0/bundle,True,0,0.03759599985642126
case-37,malformed,public-lock,1,transparency-only,main,False,True,2489,2434,0,0,1.7173940000247967,False,True,4,2,partition-young,SERVE,n0/cycle-a,True,0,0.00982500000645814
case-37,malformed,public-lock,1,transparency-only,main,False,True,2489,2434,0,0,1.4549290001468762,False,True,14,2,partition-expired,SERVE,n0/cycle-a,True,0,0.005447999910757062
case-37,malformed,public-lock,1,transparency-only,main,False,True,2489,2434,0,0,1.5318350001507497,False,True,27,2,recovered,SERVE,n0/cycle-a,True,0,0.006009000117046526
case-37,malformed,public-lock,1,root-only,main,True,False,35539,34834,62,0,32.203139999865016,True,False,1,8,base,SERVE,n0/bundle,True,2,24.981321999803185
case-37,malformed,public-lock,1,root-only,main,False,False,3140,2434,2,0,5.51136400008545,False,False,4,8,partition-young,DEPENDENCY_CYCLE,n0/cycle-a,False,1,2.019850000124279
case-37,malformed,public-lock,1,root-only,main,False,False,3144,2435,2,0,4.756317999863313,False,False,14,8,partition-expired,DEPENDENCY_CYCLE,n0/cycle-a,False,1,1.7284509999626607
case-37,malformed,public-lock,1,root-only,main,False,False,3144,2435,2,0,5.085181999902488,False,False,27,8,recovered,DEPENDENCY_CYCLE,n0/cycle-a,False,1,1.6621610000129294
case-37,malformed,public-lock,1,all-namespaces,main,True,False,52238,44364,62,0,53.44792000005327,True,False,1,74,base,SERVE,n0/bundle,True,2,29.428705000100308
case-37,malformed,public-lock,1,all-namespaces,main,False,False,47863,45317,2,10,42.638382999939495,False,False,4,34,partition-young,DEPENDENCY_CYCLE,n0/cycle-a,False,1,28.325354999878982
case-37,malformed,public-lock,1,all-namespaces,main,False,False,47871,45319,2,10,43.995314999847324,False,False,14,34,partition-expired,DEPENDENCY_CYCLE,n0/cycle-a,False,1,28.979167999978017
case-37,malformed,public-lock,1,all-namespaces,main,False,False,53240,45329,2,0,54.38867500015476,False,False,27,74,recovered,DEPENDENCY_CYCLE,n0/cycle-a,False,1,29.18445599993902
case-37,malformed,public-lock,1,scoped,main,True,False,39179,34834,62,0,35.8943950000139,True,False,1,18,base,SERVE,n0/bundle,True,2,21.558861999892542
case-37,malformed,public-lock,1,scoped,main,False,False,3330,2434,2,0,7.032281999954648,False,False,4,12,partition-young,DEPENDENCY_CYCLE,n0/cycle-a,False,1,1.6042139998262428
case-37,malformed,public-lock,1,scoped,main,False,False,3334,2435,2,0,7.2689989999616955,False,False,14,12,partition-expired,DEPENDENCY_CYCLE,n0/cycle-a,False,1,1.6130970000176603
case-37,malformed,public-lock,1,scoped,main,False,False,3334,2435,2,0,7.242909000069631,False,False,27,12,recovered,DEPENDENCY_CYCLE,n0/cycle-a,False,1,1.7369540000800043
case-37,malformed,public-lock,1,status-proof,main,True,False,18280,15292,62,0,7.009857999946689,True,False,1,6,base,SERVE,n0/bundle,True,2,0.7996930000899738
case-37,malformed,public-lock,1,status-proof,main,False,False,677,519,2,0,2.0322679999935644,False,False,4,4,partition-young,CYCLE_OR_DEPTH,n0/cycle-a,False,1,0.18048099991574418
case-37,malformed,public-lock,1,status-proof,main,False,False,679,520,2,0,2.2014230000877433,False,False,14,4,partition-expired,CYCLE_OR_DEPTH,n0/cycle-a,False,1,0.2561559999776364
case-37,malformed,public-lock,1,status-proof,main,False,False,679,520,2,0,2.2298960000171064,False,False,27,4,recovered,CYCLE_OR_DEPTH,n0/cycle-a,False,1,0.19042599979002262
case-38,malformed,public-lock,3,lww,main,True,False,36778,36724,0,0,4.928485999926124,True,False,1,2,base,SERVE,n0/bundle,True,0,0.01718500016067992
case-38,malformed,public-lock,3,lww,main,False,True,2489,2434,0,0,1.5847649999614077,False,True,4,2,partition-young,SERVE,n0/cycle-a,True,0,0.004115999900022871
case-38,malformed,public-lock,3,lww,main,False,True,2489,2434,0,0,1.67707400009931,False,True,14,2,partition-expired,SERVE,n0/cycle-a,True,0,0.0033450000955781434
case-38,malformed,public-lock,3,lww,main,False,True,2489,2434,0,0,1.5767919999234437,False,True,27,2,recovered,SERVE,n0/cycle-a,True,0,0.005328000042936765
case-38,malformed,public-lock,3,signed-index,main,True,False,36778,36724,0,0,6.587543000023288,True,False,1,2,base,SERVE,n0/bundle,True,0,0.02427699996587762
case-38,malformed,public-lock,3,signed-index,main,False,True,2489,2434,0,0,2.5004930000704917,False,True,4,2,partition-young,SERVE,n0/cycle-a,True,0,0.007160999984989758
case-38,malformed,public-lock,3,signed-index,main,False,True,2489,2434,0,0,2.188378000028024,False,True,14,2,partition-expired,SERVE,n0/cycle-a,True,0,0.005067000074632233
case-38,malformed,public-lock,3,signed-index,main,False,True,2489,2434,0,0,2.254943000025378,False,True,27,2,recovered,SERVE,n0/cycle-a,True,0,0.008804000117379474
case-38,malformed,public-lock,3,transparency-only,main,True,False,36778,36724,0,0,4.234472000007372,True,False,1,2,base,SERVE,n0/bundle,True,0,0.03549300004124234
case-38,malformed,public-lock,3,transparency-only,main,False,True,2489,2434,0,0,1.4475390000825428,False,True,4,2,partition-young,SERVE,n0/cycle-a,True,0,0.005398999974204344
case-38,malformed,public-lock,3,transparency-only,main,False,True,2489,2434,0,0,1.5021400001842267,False,True,14,2,partition-expired,SERVE,n0/cycle-a,True,0,0.004176000174993533
case-38,malformed,public-lock,3,transparency-only,main,False,True,2489,2434,0,0,1.7325769999843033,False,True,27,2,recovered,SERVE,n0/cycle-a,True,0,0.007481000011466676
case-38,malformed,public-lock,3,root-only,main,True,False,37431,36724,62,0,34.409890999995696,True,False,1,8,base,SERVE,n0/bundle,True,4,27.844972000139023
case-38,malformed,public-lock,3,root-only,main,False,False,3142,2434,2,0,4.9568889999136445,False,False,4,8,partition-young,DEPENDENCY_CYCLE,n0/cycle-a,False,1,1.7131779998180718
case-38,malformed,public-lock,3,root-only,main,False,False,3146,2435,2,0,5.51024099991082,False,False,14,8,partition-expired,DEPENDENCY_CYCLE,n0/cycle-a,False,1,1.7168939998555288
case-38,malformed,public-lock,3,root-only,main,False,False,3146,2435,2,0,5.597803999989992,False,False,27,8,recovered,DEPENDENCY_CYCLE,n0/cycle-a,False,1,1.8591079999623616
case-38,malformed,public-lock,3,all-namespaces,main,True,False,52256,44352,62,0,54.463768000005075,True,False,1,74,base,SERVE,n0/bundle,True,4,28.433487000029345
case-38,malformed,public-lock,3,all-namespaces,main,False,False,47875,45305,2,10,42.62259899996934,False,False,4,34,partition-young,DEPENDENCY_CYCLE,n0/cycle-a,False,1,28.817855999932362
case-38,malformed,public-lock,3,all-namespaces,main,False,False,47883,45307,2,10,44.30347900006382,False,False,14,34,partition-expired,DEPENDENCY_CYCLE,n0/cycle-a,False,1,29.442035000101896
case-38,malformed,public-lock,3,all-namespaces,main,False,False,53258,45317,2,0,68.1602990000556,False,False,27,74,recovered,DEPENDENCY_CYCLE,n0/cycle-a,False,1,44.2555459999312
case-38,malformed,public-lock,3,scoped,main,True,False,42405,36724,62,0,37.65570499990645,True,False,1,30,base,SERVE,n0/bundle,True,4,23.579142000016873
case-38,malformed,public-lock,3,scoped,main,False,False,3332,2434,2,0,7.500606000121479,False,False,4,12,partition-young,DEPENDENCY_CYCLE,n0/cycle-a,False,1,1.843374000145559
case-38,malformed,public-lock,3,scoped,main,False,False,3336,2435,2,0,7.463972000095964,False,False,14,12,partition-expired,DEPENDENCY_CYCLE,n0/cycle-a,False,1,1.6963519999535492
case-38,malformed,public-lock,3,scoped,main,False,False,3336,2435,2,0,7.206924999991315,False,False,27,12,recovered,DEPENDENCY_CYCLE,n0/cycle-a,False,1,1.9379870000193478
case-38,malformed,public-lock,3,status-proof,main,True,False,18692,15618,62,0,6.691508999892903,True,False,1,10,base,SERVE,n0/bundle,True,4,0.9479360001023451
case-38,malformed,public-lock,3,status-proof,main,False,False,677,519,2,0,2.06271399997604,False,False,4,4,partition-young,CYCLE_OR_DEPTH,n0/cycle-a,False,1,0.24067300000751857
case-38,malformed,public-lock,3,status-proof,main,False,False,679,520,2,0,1.8530490001467115,False,False,14,4,partition-expired,CYCLE_OR_DEPTH,n0/cycle-a,False,1,0.1754740001160826
case-38,malformed,public-lock,3,status-proof,main,False,False,679,520,2,0,1.9260280000708008,False,False,27,4,recovered,CYCLE_OR_DEPTH,n0/cycle-a,False,1,0.20599000004040136
case-39,malformed,public-lock,6,lww,main,True,False,39613,39559,0,0,4.366010000012466,True,False,1,2,base,SERVE,n0/bundle,True,0,0.01982000003408757
case-39,malformed,public-lock,6,lww,main,False,True,2489,2434,0,0,1.4193859999522829,False,True,4,2,partition-young,SERVE,n0/cycle-a,True,0,0.005158000021765474
case-39,malformed,public-lock,6,lww,main,False,True,2489,2434,0,0,1.3709129998460412,False,True,14,2,partition-expired,SERVE,n0/cycle-a,True,0,0.0031849999686528463
case-39,malformed,public-lock,6,lww,main,False,True,2489,2434,0,0,1.6843950002112251,False,True,27,2,recovered,SERVE,n0/cycle-a,True,0,0.0054180000006454065
case-39,malformed,public-lock,6,signed-index,main,True,False,39613,39559,0,0,4.5447989998592675,True,False,1,2,base,SERVE,n0/bundle,True,0,0.04952500012223027
case-39,malformed,public-lock,6,signed-index,main,False,True,2489,2434,0,0,1.4469269999608514,False,True,4,2,partition-young,SERVE,n0/cycle-a,True,0,0.004256000011082506
case-39,malformed,public-lock,6,signed-index,main,False,True,2489,2434,0,0,1.414409000062733,False,True,14,2,partition-expired,SERVE,n0/cycle-a,True,0,0.0035850000585924136
case-39,malformed,public-lock,6,signed-index,main,False,True,2489,2434,0,0,1.5809589999662421,False,True,27,2,recovered,SERVE,n0/cycle-a,True,0,0.005949000069449539
case-39,malformed,public-lock,6,transparency-only,main,True,False,39613,39559,0,0,4.392259000042031,True,False,1,2,base,SERVE,n0/bundle,True,0,0.03764699999919685
case-39,malformed,public-lock,6,transparency-only,main,False,True,2489,2434,0,0,1.709312000002683,False,True,4,2,partition-young,SERVE,n0/cycle-a,True,0,0.008672999911141233
case-39,malformed,public-lock,6,transparency-only,main,False,True,2489,2434,0,0,1.6519460000381514,False,True,14,2,partition-expired,SERVE,n0/cycle-a,True,0,0.004515999989962438
case-39,malformed,public-lock,6,transparency-only,main,False,True,2489,2434,0,0,1.4926060000561847,False,True,27,2,recovered,SERVE,n0/cycle-a,True,0,0.006169000016598147
case-39,malformed,public-lock,6,root-only,main,True,False,40269,39559,62,0,31.28507799988256,True,False,1,8,base,SERVE,n0/bundle,True,7,24.917976999859093
case-39,malformed,public-lock,6,root-only,main,False,False,3145,2434,2,0,4.6323609999490145,False,False,4,8,partition-young,DEPENDENCY_CYCLE,n0/cycle-a,False,1,1.633397999967201
case-39,malformed,public-lock,6,root-only,main,False,False,3149,2435,2,0,4.960113999914029,False,False,14,8,partition-expired,DEPENDENCY_CYCLE,n0/cycle-a,False,1,1.6218000000662869
case-39,malformed,public-lock,6,root-only,main,False,False,3149,2435,2,0,4.758300000048621,False,False,27,8,recovered,DEPENDENCY_CYCLE,n0/cycle-a,False,1,1.6012900000532682
case-39,malformed,public-lock,6,all-namespaces,main,True,False,52283,44334,62,0,51.491835999968316,True,False,1,74,base,SERVE,n0/bundle,True,7,27.555285000062213
case-39,malformed,public-lock,6,all-namespaces,main,False,False,47896,45287,2,10,41.134308999971836,False,False,4,34,partition-young,DEPENDENCY_CYCLE,n0/cycle-a,False,1,27.612712000063766
case-39,malformed,public-lock,6,all-namespaces,main,False,False,47904,45289,2,10,43.56046999987484,False,False,14,34,partition-expired,DEPENDENCY_CYCLE,n0/cycle-a,False,1,29.19575399982932
case-39,malformed,public-lock,6,all-namespaces,main,False,False,53285,45299,2,0,49.20810900011929,False,False,27,74,recovered,DEPENDENCY_CYCLE,n0/cycle-a,False,1,27.516567000020586
case-39,malformed,public-lock,6,scoped,main,True,False,47259,39559,62,0,47.087558000157514,True,False,1,48,base,SERVE,n0/bundle,True,7,26.413137000190545
case-39,malformed,public-lock,6,scoped,main,False,False,3335,2434,2,0,7.292064000012033,False,False,4,12,partition-young,DEPENDENCY_CYCLE,n0/cycle-a,False,1,1.6679909999766096
case-39,malformed,public-lock,6,scoped,main,False,False,3339,2435,2,0,7.446275000120295,False,False,14,12,partition-expired,DEPENDENCY_CYCLE,n0/cycle-a,False,1,1.6811300001791096
case-39,malformed,public-lock,6,scoped,main,False,False,3339,2435,2,0,8.083373999852483,False,False,27,12,recovered,DEPENDENCY_CYCLE,n0/cycle-a,False,1,1.713629000050787
case-39,malformed,public-lock,6,status-proof,main,True,False,19310,16107,62,0,9.594226999979583,True,False,1,16,base,SERVE,n0/bundle,True,7,1.9423129999722732
case-39,malformed,public-lock,6,status-proof,main,False,False,677,519,2,0,3.027355000085663,False,False,4,4,partition-young,CYCLE_OR_DEPTH,n0/cycle-a,False,1,0.21750700011580193
case-39,malformed,public-lock,6,status-proof,main,False,False,679,520,2,0,2.080571000078635,False,False,14,4,partition-expired,CYCLE_OR_DEPTH,n0/cycle-a,False,1,0.21677600011571485
case-39,malformed,public-lock,6,status-proof,main,False,False,679,520,2,0,2.1020530000441795,False,False,27,4,recovered,CYCLE_OR_DEPTH,n0/cycle-a,False,1,0.2256699999634293
case-40,malformed,generated,1,lww,main,True,False,65982,65928,0,0,9.949301999995441,True,False,1,2,base,SERVE,n0/bundle,True,0,0.025248000156352646
case-40,malformed,generated,1,lww,main,False,True,2478,2423,0,0,2.1275419999255973,False,True,4,2,partition-young,SERVE,n0/cycle-a,True,0,0.0047369999265356455
case-40,malformed,generated,1,lww,main,False,True,2478,2423,0,0,2.286590999801774,False,True,14,2,partition-expired,SERVE,n0/cycle-a,True,0,0.003504999995129765
case-40,malformed,generated,1,lww,main,False,True,2478,2423,0,0,2.31163899979947,False,True,27,2,recovered,SERVE,n0/cycle-a,True,0,0.0046269999529613415
case-40,malformed,generated,1,signed-index,main,True,False,65982,65928,0,0,9.910464000085994,True,False,1,2,base,SERVE,n0/bundle,True,0,0.025948999791580718
case-40,malformed,generated,1,signed-index,main,False,True,2478,2423,0,0,2.1308360001057736,False,True,4,2,partition-young,SERVE,n0/cycle-a,True,0,0.003946000106225256
case-40,malformed,generated,1,signed-index,main,False,True,2478,2423,0,0,2.222873999926378,False,True,14,2,partition-expired,SERVE,n0/cycle-a,True,0,0.003614999968704069
case-40,malformed,generated,1,signed-index,main,False,True,2478,2423,0,0,2.7371080000193615,False,True,27,2,recovered,SERVE,n0/cycle-a,True,0,0.006370000164679368
case-40,malformed,generated,1,transparency-only,main,True,False,65982,65928,0,0,10.693419000062931,True,False,1,2,base,SERVE,n0/bundle,True,0,0.05399199994826631
case-40,malformed,generated,1,transparency-only,main,False,True,2478,2423,0,0,2.7513300001373864,False,True,4,2,partition-young,SERVE,n0/cycle-a,True,0,0.00642899999547808
case-40,malformed,generated,1,transparency-only,main,False,True,2478,2423,0,0,2.3831049998079834,False,True,14,2,partition-expired,SERVE,n0/cycle-a,True,0,0.004908000164505211
case-40,malformed,generated,1,transparency-only,main,False,True,2478,2423,0,0,2.869657000019288,False,True,27,2,recovered,SERVE,n0/cycle-a,True,0,0.006981000069572474
case-40,malformed,generated,1,root-only,main,True,False,66634,65928,130,0,56.411758999956874,True,False,1,8,base,SERVE,n0/bundle,True,2,43.769825000026685
case-40,malformed,generated,1,root-only,main,False,False,3130,2423,2,0,6.319268999959604,False,False,4,8,partition-young,DEPENDENCY_CYCLE,n0/cycle-a,False,1,1.669813000034992
case-40,malformed,generated,1,root-only,main,False,False,3134,2424,2,0,5.827959999805898,False,False,14,8,partition-expired,DEPENDENCY_CYCLE,n0/cycle-a,False,1,1.7123359998549859
case-40,malformed,generated,1,root-only,main,False,False,3134,2424,2,0,6.138868000107323,False,False,27,8,recovered,DEPENDENCY_CYCLE,n0/cycle-a,False,1,1.6761520000727614
case-40,malformed,generated,1,all-namespaces,main,True,False,83347,75458,130,0,89.2148929999621,True,False,1,74,base,SERVE,n0/bundle,True,2,52.73000900001534
case-40,malformed,generated,1,all-namespaces,main,False,False,78969,76411,2,10,70.85464300007516,False,False,4,34,partition-young,DEPENDENCY_CYCLE,n0/cycle-a,False,1,49.21477900006721
case-40,malformed,generated,1,all-namespaces,main,False,False,78977,76413,2,10,69.47101100013242,False,False,14,34,partition-expired,DEPENDENCY_CYCLE,n0/cycle-a,False,1,48.46903699990435
case-40,malformed,generated,1,all-namespaces,main,False,False,84349,76423,2,0,77.37513500001114,False,False,27,74,recovered,DEPENDENCY_CYCLE,n0/cycle-a,False,1,49.04059699993013
case-40,malformed,generated,1,scoped,main,True,False,71064,65928,130,0,60.67126899984032,True,False,1,18,base,SERVE,n0/bundle,True,2,42.386794000094596
case-40,malformed,generated,1,scoped,main,False,False,3320,2423,2,0,9.317650999946636,False,False,4,12,partition-young,DEPENDENCY_CYCLE,n0/cycle-a,False,1,1.5864869999404618
case-40,malformed,generated,1,scoped,main,False,False,3324,2424,2,0,9.915960999933304,False,False,14,12,partition-expired,DEPENDENCY_CYCLE,n0/cycle-a,False,1,1.6133379999700992
case-40,malformed,generated,1,scoped,main,False,False,3324,2424,2,0,9.47070100005476,False,False,27,12,recovered,DEPENDENCY_CYCLE,n0/cycle-a,False,1,1.6329770000993449
case-40,malformed,generated,1,status-proof,main,True,False,29305,25531,130,0,15.376328999991529,True,False,1,6,base,SERVE,n0/bundle,True,2,0.8714010000403505
case-40,malformed,generated,1,status-proof,main,False,False,677,519,2,0,2.66040399992562,False,False,4,4,partition-young,CYCLE_OR_DEPTH,n0/cycle-a,False,1,0.24030100007621513
case-40,malformed,generated,1,status-proof,main,False,False,679,520,2,0,2.879984000173863,False,False,14,4,partition-expired,CYCLE_OR_DEPTH,n0/cycle-a,False,1,0.18795300002238946
case-40,malformed,generated,1,status-proof,main,False,False,679,520,2,0,3.4610079999310983,False,False,27,4,recovered,CYCLE_OR_DEPTH,n0/cycle-a,False,1,0.1924099999541795
case-41,malformed,generated,3,lww,main,True,False,67839,67785,0,0,9.686274999921807,True,False,1,2,base,SERVE,n0/bundle,True,0,0.028251999992789933
case-41,malformed,generated,3,lww,main,False,True,2478,2423,0,0,2.200791999939611,False,True,4,2,partition-young,SERVE,n0/cycle-a,True,0,0.005487999942488386
case-41,malformed,generated,3,lww,main,False,True,2478,2423,0,0,2.140560000043479,False,True,14,2,partition-expired,SERVE,n0/cycle-a,True,0,0.003305000063846819
case-41,malformed,generated,3,lww,main,False,True,2478,2423,0,0,2.396576000137429,False,True,27,2,recovered,SERVE,n0/cycle-a,True,0,0.004976999889549916
case-41,malformed,generated,3,signed-index,main,True,False,67839,67785,0,0,12.030853000169373,True,False,1,2,base,SERVE,n0/bundle,True,0,0.025747999870873173
case-41,malformed,generated,3,signed-index,main,False,True,2478,2423,0,0,2.24148300003435,False,True,4,2,partition-young,SERVE,n0/cycle-a,True,0,0.0045670001327380305
case-41,malformed,generated,3,signed-index,main,False,True,2478,2423,0,0,2.2973770001044613,False,True,14,2,partition-expired,SERVE,n0/cycle-a,True,0,0.00377599985768029
case-41,malformed,generated,3,signed-index,main,False,True,2478,2423,0,0,2.629576999879646,False,True,27,2,recovered,SERVE,n0/cycle-a,True,0,0.006278999990172451
case-41,malformed,generated,3,transparency-only,main,True,False,67839,67785,0,0,67.60903400004281,True,False,1,2,base,SERVE,n0/bundle,True,0,0.0601310000547528
case-41,malformed,generated,3,transparency-only,main,False,True,2478,2423,0,0,2.2536910000781063,False,True,4,2,partition-young,SERVE,n0/cycle-a,True,0,0.006268999868552783
case-41,malformed,generated,3,transparency-only,main,False,True,2478,2423,0,0,2.1899250000387838,False,True,14,2,partition-expired,SERVE,n0/cycle-a,True,0,0.004666999984692666
case-41,malformed,generated,3,transparency-only,main,False,True,2478,2423,0,0,2.53667700008009,False,True,27,2,recovered,SERVE,n0/cycle-a,True,0,0.007381999921562965
case-41,malformed,generated,3,root-only,main,True,False,68492,67785,130,0,61.42128800001956,True,False,1,8,base,SERVE,n0/bundle,True,4,48.38272599999982
case-41,malformed,generated,3,root-only,main,False,False,3131,2423,2,0,6.660822999947413,False,False,4,8,partition-young,DEPENDENCY_CYCLE,n0/cycle-a,False,1,2.0054280000749714
case-41,malformed,generated,3,root-only,main,False,False,3135,2424,2,0,6.062252999981865,False,False,14,8,partition-expired,DEPENDENCY_CYCLE,n0/cycle-a,False,1,1.6311250001308508
case-41,malformed,generated,3,root-only,main,False,False,3135,2424,2,0,6.031436999819562,False,False,27,8,recovered,DEPENDENCY_CYCLE,n0/cycle-a,False,1,1.6116960000545077
case-41,malformed,generated,3,all-namespaces,main,True,False,83317,75413,130,0,88.43762200012861,True,False,1,74,base,SERVE,n0/bundle,True,4,51.936955999963175
case-41,malformed,generated,3,all-namespaces,main,False,False,78936,76366,2,10,77.12719200003448,False,False,4,34,partition-young,DEPENDENCY_CYCLE,n0/cycle-a,False,1,53.27252500001123
case-41,malformed,generated,3,all-namespaces,main,False,False,78944,76368,2,10,73.60825599994314,False,False,14,34,partition-expired,DEPENDENCY_CYCLE,n0/cycle-a,False,1,51.27406700012216
case-41,malformed,generated,3,all-namespaces,main,False,False,84319,76378,2,0,80.8116149999023,False,False,27,74,recovered,DEPENDENCY_CYCLE,n0/cycle-a,False,1,50.352050000128656
case-41,malformed,generated,3,scoped,main,True,False,74252,67785,130,0,65.49603899998147,True,False,1,30,base,SERVE,n0/bundle,True,4,42.73215300008815
case-41,malformed,generated,3,scoped,main,False,False,3321,2423,2,0,9.648509000044214,False,False,4,12,partition-young,DEPENDENCY_CYCLE,n0/cycle-a,False,1,1.6066779999164282
case-41,malformed,generated,3,scoped,main,False,False,3325,2424,2,0,9.506885999826409,False,False,14,12,partition-expired,DEPENDENCY_CYCLE,n0/cycle-a,False,1,1.6325960000358464
case-41,malformed,generated,3,scoped,main,False,False,3325,2424,2,0,10.688033999940671,False,False,27,12,recovered,DEPENDENCY_CYCLE,n0/cycle-a,False,1,1.6747399999985646
case-41,malformed,generated,3,status-proof,main,True,False,29716,25856,130,0,13.790311000093425,True,False,1,10,base,SERVE,n0/bundle,True,4,1.2580729999172036
case-41,malformed,generated,3,status-proof,main,False,False,677,519,2,0,2.8768689999196795,False,False,4,4,partition-young,CYCLE_OR_DEPTH,n0/cycle-a,False,1,0.2849689999493421
case-41,malformed,generated,3,status-proof,main,False,False,679,520,2,0,2.7329419999659876,False,False,14,4,partition-expired,CYCLE_OR_DEPTH,n0/cycle-a,False,1,0.17512399995212036
case-41,malformed,generated,3,status-proof,main,False,False,679,520,2,0,3.802923000193914,False,False,27,4,recovered,CYCLE_OR_DEPTH,n0/cycle-a,False,1,0.23701700001765857
case-42,malformed,generated,6,lww,main,True,False,70674,70620,0,0,10.30421599989495,True,False,1,2,base,SERVE,n0/bundle,True,0,0.02590899998722307
case-42,malformed,generated,6,lww,main,False,True,2478,2423,0,0,2.356606000148531,False,True,4,2,partition-young,SERVE,n0/cycle-a,True,0,0.004495999974096776
case-42,malformed,generated,6,lww,main,False,True,2478,2423,0,0,2.2195700000793295,False,True,14,2,partition-expired,SERVE,n0/cycle-a,True,0,0.0035760001537710195
case-42,malformed,generated,6,lww,main,False,True,2478,2423,0,0,2.726061999965168,False,True,27,2,recovered,SERVE,n0/cycle-a,True,0,0.005548999979509972
case-42,malformed,generated,6,signed-index,main,True,False,70674,70620,0,0,9.99129499996343,True,False,1,2,base,SERVE,n0/bundle,True,0,0.026929999876301736
case-42,malformed,generated,6,signed-index,main,False,True,2478,2423,0,0,2.597307999849363,False,True,4,2,partition-young,SERVE,n0/cycle-a,True,0,0.005918999931964208
case-42,malformed,generated,6,signed-index,main,False,True,2478,2423,0,0,2.2837259998595982,False,True,14,2,partition-expired,SERVE,n0/cycle-a,True,0,0.0039060000744939316
case-42,malformed,generated,6,signed-index,main,False,True,2478,2423,0,0,2.442466000047716,False,True,27,2,recovered,SERVE,n0/cycle-a,True,0,0.006329000143523444
case-42,malformed,generated,6,transparency-only,main,True,False,70674,70620,0,0,10.602194000057352,True,False,1,2,base,SERVE,n0/bundle,True,0,0.05862799980604905
case-42,malformed,generated,6,transparency-only,main,False,True,2478,2423,0,0,2.175743999941915,False,True,4,2,partition-young,SERVE,n0/cycle-a,True,0,0.005479000037666992
case-42,malformed,generated,6,transparency-only,main,False,True,2478,2423,0,0,2.1705060000840604,False,True,14,2,partition-expired,SERVE,n0/cycle-a,True,0,0.004737000153909321
case-42,malformed,generated,6,transparency-only,main,False,True,2478,2423,0,0,2.505779999864899,False,True,27,2,recovered,SERVE,n0/cycle-a,True,0,0.006860999974378501
case-42,malformed,generated,6,root-only,main,True,False,71330,70620,130,0,57.05050999995365,True,False,1,8,base,SERVE,n0/bundle,True,7,44.467846000088684
case-42,malformed,generated,6,root-only,main,False,False,3134,2423,2,0,6.390896999846518,False,False,4,8,partition-young,DEPENDENCY_CYCLE,n0/cycle-a,False,1,2.1465300001182186
case-42,malformed,generated,6,root-only,main,False,False,3138,2424,2,0,6.2240259999271075,False,False,14,8,partition-expired,DEPENDENCY_CYCLE,n0/cycle-a,False,1,1.5759419998175872
case-42,malformed,generated,6,root-only,main,False,False,3138,2424,2,0,6.191626999907385,False,False,27,8,recovered,DEPENDENCY_CYCLE,n0/cycle-a,False,1,1.6777040000306442
case-42,malformed,generated,6,all-namespaces,main,True,False,83344,75395,130,0,86.5378519999922,True,False,1,74,base,SERVE,n0/bundle,True,7,50.81211100014116
case-42,malformed,generated,6,all-namespaces,main,False,False,78957,76348,2,10,72.292114999982,False,False,4,34,partition-young,DEPENDENCY_CYCLE,n0/cycle-a,False,1,50.8939050000663
case-42,malformed,generated,6,all-namespaces,main,False,False,78965,76350,2,10,75.01272900003642,False,False,14,34,partition-expired,DEPENDENCY_CYCLE,n0/cycle-a,False,1,53.24649499993939
case-42,malformed,generated,6,all-namespaces,main,False,False,84346,76360,2,0,78.96892600001593,False,False,27,74,recovered,DEPENDENCY_CYCLE,n0/cycle-a,False,1,49.80533100001594
case-42,malformed,generated,6,scoped,main,True,False,79106,70620,130,0,74.49129299993729,True,False,1,48,base,SERVE,n0/bundle,True,7,45.99497300000621
case-42,malformed,generated,6,scoped,main,False,False,3324,2423,2,0,9.355187999972259,False,False,4,12,partition-young,DEPENDENCY_CYCLE,n0/cycle-a,False,1,1.6343689999303024
case-42,malformed,generated,6,scoped,main,False,False,3328,2424,2,0,10.55522399997244,False,False,14,12,partition-expired,DEPENDENCY_CYCLE,n0/cycle-a,False,1,1.7468290000124398
case-42,malformed,generated,6,scoped,main,False,False,3328,2424,2,0,9.481116999950245,False,False,27,12,recovered,DEPENDENCY_CYCLE,n0/cycle-a,False,1,1.6548300000067684
case-42,malformed,generated,6,status-proof,main,True,False,30334,26345,130,0,15.789901000061946,True,False,1,16,base,SERVE,n0/bundle,True,7,1.7970139999761159
case-42,malformed,generated,6,status-proof,main,False,False,677,519,2,0,2.810889000102179,False,False,4,4,partition-young,CYCLE_OR_DEPTH,n0/cycle-a,False,1,0.18548899993220402
case-42,malformed,generated,6,status-proof,main,False,False,679,520,2,0,2.955917999997837,False,False,14,4,partition-expired,CYCLE_OR_DEPTH,n0/cycle-a,False,1,0.17883999998957734
case-42,malformed,generated,6,status-proof,main,False,False,679,520,2,0,2.9578210001091065,False,False,27,4,recovered,CYCLE_OR_DEPTH,n0/cycle-a,False,1,0.181953000037538
case-43,rollback,public-lock,1,lww,main,True,False,34888,34834,0,0,4.365469000049416,True,False,1,2,base,SERVE,n0/bundle,True,0,0.01833800001804775
case-43,rollback,public-lock,1,lww,main,True,False,34888,34834,0,0,3.746708000107901,False,True,4,2,partition-young,SERVE,n0/bundle,True,0,0.015263000022969209
case-43,rollback,public-lock,1,lww,main,False,True,34888,34834,0,0,3.262440000071365,False,True,14,2,partition-expired,SERVE,n0/bundle,True,0,0.013690000059796148
case-43,rollback,public-lock,1,lww,main,False,True,35145,35091,0,0,3.388710000081119,False,True,27,2,recovered,SERVE,n0/bundle,True,0,0.0163249999332038
case-43,rollback,public-lock,1,lww,probe,True,False,35145,35091,0,0,3.667509000024438,False,True,2,2,pin-before-rollback,SERVE,n0/bundle,True,0,0.019349000012880424
case-43,rollback,public-lock,1,signed-index,main,True,False,34888,34834,0,0,4.98747500000718,True,False,1,2,base,SERVE,n0/bundle,True,0,0.01851800016083871
case-43,rollback,public-lock,1,signed-index,main,True,False,34888,34834,0,0,4.088432000116882,False,True,4,2,partition-young,SERVE,n0/bundle,True,0,0.015393000012409175
case-43,rollback,public-lock,1,signed-index,main,False,True,34888,34834,0,0,3.3663850001630635,False,True,14,2,partition-expired,SERVE,n0/bundle,True,0,0.013900999874749687
case-43,rollback,public-lock,1,signed-index,main,False,True,35145,35091,0,0,3.653547999874718,False,True,27,2,recovered,SERVE,n0/bundle,True,0,0.018498000144973048
case-43,rollback,public-lock,1,signed-index,probe,True,False,35145,35091,0,0,3.9993380000851175,False,True,2,2,pin-before-rollback,SERVE,n0/bundle,True,0,0.01673599990681396
case-43,rollback,public-lock,1,transparency-only,main,True,False,34888,34834,0,0,4.754775000037625,True,False,1,2,base,SERVE,n0/bundle,True,0,0.0378469999304798
case-43,rollback,public-lock,1,transparency-only,main,True,False,34888,34834,0,0,3.626086999929612,False,True,4,2,partition-young,SERVE,n0/bundle,True,0,0.03366099986124027
case-43,rollback,public-lock,1,transparency-only,main,False,True,34888,34834,0,0,3.182738999839785,False,True,14,2,partition-expired,SERVE,n0/bundle,True,0,0.03162699999847973
case-43,rollback,public-lock,1,transparency-only,main,False,True,35145,35091,0,0,3.4472570000616543,False,True,27,2,recovered,SERVE,n0/bundle,True,0,0.03615400009948644
case-43,rollback,public-lock,1,transparency-only,probe,True,False,35145,35091,0,0,3.7121759999081405,False,True,2,2,pin-before-rollback,SERVE,n0/bundle,True,0,0.0342410000939708
case-43,rollback,public-lock,1,root-only,main,True,False,35539,34834,62,0,28.82050900007016,True,False,1,8,base,SERVE,n0/bundle,True,2,22.453446999861626
case-43,rollback,public-lock,1,root-only,main,True,False,35539,34834,0,0,6.688205000045855,False,False,4,8,partition-young,ROLLBACK,n0/bundle,False,0,1.234266999972533
case-43,rollback,public-lock,1,root-only,main,False,False,35543,34835,0,0,7.259703999807243,False,False,14,8,partition-expired,ROLLBACK,n0/bundle,False,0,1.2882890000582847
case-43,rollback,public-lock,1,root-only,main,False,False,35800,35092,3,0,26.021366999884776,False,False,27,8,recovered,REVOKED,n0/bundle,False,2,21.435806999988927
case-43,rollback,public-lock,1,root-only,probe,True,False,35796,35091,3,0,26.884105000135605,False,False,2,8,pin-before-rollback,REVOKED,n0/bundle,False,2,21.668295999916154
case-43,rollback,public-lock,1,all-namespaces,main,True,False,52238,44364,62,0,57.93379300007473,True,False,1,74,base,SERVE,n0/bundle,True,2,28.311202999930174
case-43,rollback,public-lock,1,all-namespaces,main,True,False,46909,44364,0,10,15.658502999940538,False,False,4,34,partition-young,ROLLBACK,n0/bundle,False,0,1.156470000069021
case-43,rollback,public-lock,1,all-namespaces,main,False,False,46917,44366,0,10,15.334534999965399,False,False,14,34,partition-expired,ROLLBACK,n0/bundle,False,0,1.4571030001206964
case-43,rollback,public-lock,1,all-namespaces,main,False,False,52543,44633,3,0,105.69335900004262,False,False,27,74,recovered,REVOKED,n0/bundle,False,2,28.695361000018238
case-43,rollback,public-lock,1,all-namespaces,probe,True,False,52495,44621,3,0,51.63688299990099,False,False,2,74,pin-before-rollback,REVOKED,n0/bundle,False,2,29.341642999952455
case-43,rollback,public-lock,1,scoped,main,True,False,39179,34834,62,0,31.844630000023244,True,False,1,18,base,SERVE,n0/bundle,True,2,21.615427000142517
case-43,rollback,public-lock,1,scoped,main,True,False,38644,34834,0,1,8.781393999925058,False,False,4,14,partition-young,ROLLBACK,n0/bundle,False,0,1.1282179998488573
case-43,rollback,public-lock,1,scoped,main,False,False,38648,34835,0,1,8.905249999997977,False,False,14,14,partition-expired,ROLLBACK,n0/bundle,False,0,1.1601059998156416
case-43,rollback,public-lock,1,scoped,main,False,False,39444,35093,3,0,31.09603400002925,False,False,27,18,recovered,REVOKED,n0/bundle,False,2,21.976179999910528
case-43,rollback,public-lock,1,scoped,probe,True,False,39436,35091,3,0,30.86710000002313,False,False,2,18,pin-before-rollback,REVOKED,n0/bundle,False,2,22.023671000169998
case-43,rollback,public-lock,1,status-proof,main,True,False,18280,15292,62,0,6.2284129999170545,True,False,1,6,base,SERVE,n0/bundle,True,2,0.6342339997900126
case-43,rollback,public-lock,1,status-proof,main,True,False,1887,15293,62,1,3.121926999938296,False,False,4,4,partition-young,INVALID_OR_MISSING_STATUS,n0/bundle,False,2,0.5106179999074811
case-43,rollback,public-lock,1,status-proof,main,False,False,1889,15294,0,1,2.773533999970823,False,False,14,4,partition-expired,EXPIRED,n0/bundle,False,0,0.43015699998250057
case-43,rollback,public-lock,1,status-proof,main,False,False,18285,15295,62,0,5.1580930000909575,False,False,27,6,recovered,INVALID_OR_MISSING_STATUS,n0/bundle,False,2,0.5115099997965444
case-43,rollback,public-lock,1,status-proof,probe,True,False,18281,15293,62,0,4.7171789999538305,False,False,2,6,pin-before-rollback,INVALID_OR_MISSING_STATUS,n0/bundle,False,2,0.5075540000234469
case-44,rollback,public-lock,3,lww,main,True,False,36778,36724,0,0,4.460112999822741,True,False,1,2,base,SERVE,n0/bundle,True,0,0.01624399988031655
case-44,rollback,public-lock,3,lww,main,True,False,36778,36724,0,0,4.033920999972906,False,True,4,2,partition-young,SERVE,n0/bundle,True,0,0.016434999906778103
case-44,rollback,public-lock,3,lww,main,False,True,36778,36724,0,0,2.924200000052224,False,True,14,2,partition-expired,SERVE,n0/bundle,True,0,0.017034999928000616
case-44,rollback,public-lock,3,lww,main,False,True,37033,36979,0,0,3.3836310001333914,False,True,27,2,recovered,SERVE,n0/bundle,True,0,0.017576000118424417
case-44,rollback,public-lock,3,lww,probe,True,False,37033,36979,0,0,3.479665999975623,False,True,2,2,pin-before-rollback,SERVE,n0/bundle,True,0,0.015773999848534004
case-44,rollback,public-lock,3,signed-index,main,True,False,36778,36724,0,0,4.537326999979996,True,False,1,2,base,SERVE,n0/bundle,True,0,0.01710500009721727
case-44,rollback,public-lock,3,signed-index,main,True,False,36778,36724,0,0,3.7733880001269426,False,True,4,2,partition-young,SERVE,n0/bundle,True,0,0.016715000128897373
case-44,rollback,public-lock,3,signed-index,main,False,True,36778,36724,0,0,2.951350999865099,False,True,14,2,partition-expired,SERVE,n0/bundle,True,0,0.015403000134028844
case-44,rollback,public-lock,3,signed-index,main,False,True,37033,36979,0,0,3.767338999978165,False,True,27,2,recovered,SERVE,n0/bundle,True,0,0.01759700012371468
case-44,rollback,public-lock,3,signed-index,probe,True,False,37033,36979,0,0,3.5492110000632238,False,True,2,2,pin-before-rollback,SERVE,n0/bundle,True,0,0.016835000224091345
case-44,rollback,public-lock,3,transparency-only,main,True,False,36778,36724,0,0,5.153835000101026,True,False,1,2,base,SERVE,n0/bundle,True,0,0.038118000020404
case-44,rollback,public-lock,3,transparency-only,main,True,False,36778,36724,0,0,3.7809390000802523,False,True,4,2,partition-young,SERVE,n0/bundle,True,0,0.03491300003588549
case-44,rollback,public-lock,3,transparency-only,main,False,True,36778,36724,0,0,3.0225479999899107,False,True,14,2,partition-expired,SERVE,n0/bundle,True,0,0.03399100000933686
case-44,rollback,public-lock,3,transparency-only,main,False,True,37033,36979,0,0,3.258473999949274,False,True,27,2,recovered,SERVE,n0/bundle,True,0,0.035353999919607304
case-44,rollback,public-lock,3,transparency-only,probe,True,False,37033,36979,0,0,4.11067599998205,False,True,2,2,pin-before-rollback,SERVE,n0/bundle,True,0,0.037206000115475035
case-44,rollback,public-lock,3,root-only,main,True,False,37431,36724,62,0,28.46915000009176,True,False,1,8,base,SERVE,n0/bundle,True,4,22.629852999898503
case-44,rollback,public-lock,3,root-only,main,True,False,37431,36724,0,0,5.992418000005273,False,False,4,8,partition-young,ROLLBACK,n0/bundle,False,0,1.2160799999492156
case-44,rollback,public-lock,3,root-only,main,False,False,37435,36725,0,0,5.456962000152998,False,False,14,8,partition-expired,ROLLBACK,n0/bundle,False,0,1.1287580000498565
case-44,rollback,public-lock,3,root-only,main,False,False,37690,36980,25,0,29.379550000157906,False,False,27,8,recovered,REVOKED,n0/bundle,False,4,24.26500399997167
case-44,rollback,public-lock,3,root-only,probe,True,False,37686,36979,25,0,27.26527899994835,False,False,2,8,pin-before-rollback,REVOKED,n0/bundle,False,4,22.491403999993054
case-44,rollback,public-lock,3,all-namespaces,main,True,False,52256,44352,62,0,52.15891800003192,True,False,1,74,base,SERVE,n0/bundle,True,4,27.660724000043047
case-44,rollback,public-lock,3,all-namespaces,main,True,False,46921,44352,0,10,15.65010100011932,False,False,4,34,partition-young,ROLLBACK,n0/bundle,False,0,1.2387439999201888
case-44,rollback,public-lock,3,all-namespaces,main,False,False,46929,44354,0,10,18.97624499997619,False,False,14,34,partition-expired,ROLLBACK,n0/bundle,False,0,1.1534959999153216
case-44,rollback,public-lock,3,all-namespaces,main,False,False,52559,44619,25,0,52.893534000077125,False,False,27,74,recovered,REVOKED,n0/bundle,False,4,28.21929399988221
case-44,rollback,public-lock,3,all-namespaces,probe,True,False,52511,44607,25,0,52.19357100008892,False,False,2,74,pin-before-rollback,REVOKED,n0/bundle,False,4,29.16786199989474
case-44,rollback,public-lock,3,scoped,main,True,False,42405,36724,62,0,39.9236270000074,True,False,1,30,base,SERVE,n0/bundle,True,4,25.42148499992436
case-44,rollback,public-lock,3,scoped,main,True,False,40800,36724,0,3,10.893722999981037,False,False,4,18,partition-young,ROLLBACK,n0/bundle,False,0,1.2460549999104842
case-44,rollback,public-lock,3,scoped,main,False,False,40804,36725,0,3,10.994343999982448,False,False,14,18,partition-expired,ROLLBACK,n0/bundle,False,0,1.1554689999684342
case-44,rollback,public-lock,3,scoped,main,False,False,42676,36983,25,0,36.432784999988144,False,False,27,30,recovered,REVOKED,n0/bundle,False,4,22.14738799989391
case-44,rollback,public-lock,3,scoped,probe,True,False,42660,36979,25,0,34.6412879998752,False,False,2,30,pin-before-rollback,REVOKED,n0/bundle,False,4,22.34768800008169
case-44,rollback,public-lock,3,status-proof,main,True,False,18692,15618,62,0,7.86940200009667,True,False,1,10,base,SERVE,n0/bundle,True,4,1.1143270000957273
case-44,rollback,public-lock,3,status-proof,main,True,False,1897,15619,42,3,3.792157000134466,False,False,4,4,partition-young,INVALID_OR_MISSING_STATUS,n0/bundle,False,4,0.8920319999106141
case-44,rollback,public-lock,3,status-proof,main,False,False,1899,15620,0,3,3.088999000055992,False,False,14,4,partition-expired,EXPIRED,n0/bundle,False,0,0.3970679999838467
case-44,rollback,public-lock,3,status-proof,main,False,False,18701,15623,42,0,5.933628000093449,False,False,27,10,recovered,INVALID_OR_MISSING_STATUS,n0/bundle,False,4,0.9655630001361715
case-44,rollback,public-lock,3,status-proof,probe,True,False,18693,15619,42,0,5.732765999937328,False,False,2,10,pin-before-rollback,INVALID_OR_MISSING_STATUS,n0/bundle,False,4,0.867945999971198
case-45,rollback,public-lock,6,lww,main,True,False,39613,39559,0,0,4.473311999845464,True,False,1,2,base,SERVE,n0/bundle,True,0,0.01968899982784933
case-45,rollback,public-lock,6,lww,main,True,False,39613,39559,0,0,4.035503000068275,False,True,4,2,partition-young,SERVE,n0/bundle,True,0,0.016976000097201904
case-45,rollback,public-lock,6,lww,main,False,True,39613,39559,0,0,3.504574000089633,False,True,14,2,partition-expired,SERVE,n0/bundle,True,0,0.015362999874923844
case-45,rollback,public-lock,6,lww,main,False,True,39875,39821,0,0,3.4974630000306206,False,True,27,2,recovered,SERVE,n0/bundle,True,0,0.017105999859268195
case-45,rollback,public-lock,6,lww,probe,True,False,39875,39821,0,0,3.8816310000129306,False,True,2,2,pin-before-rollback,SERVE,n0/bundle,True,0,0.01947900000232039
case-45,rollback,public-lock,6,signed-index,main,True,False,39613,39559,0,0,4.222263999963616,True,False,1,2,base,SERVE,n0/bundle,True,0,0.01716599990686518
case-45,rollback,public-lock,6,signed-index,main,True,False,39613,39559,0,0,3.9065590001428063,False,True,4,2,partition-young,SERVE,n0/bundle,True,0,0.01799699998628057
case-45,rollback,public-lock,6,signed-index,main,False,True,39613,39559,0,0,3.6649950000082754,False,True,14,2,partition-expired,SERVE,n0/bundle,True,0,0.016334000065398868
case-45,rollback,public-lock,6,signed-index,main,False,True,39875,39821,0,0,3.795371000023806,False,True,27,2,recovered,SERVE,n0/bundle,True,0,0.017746999901646632
case-45,rollback,public-lock,6,signed-index,probe,True,False,39875,39821,0,0,4.016403999912654,False,True,2,2,pin-before-rollback,SERVE,n0/bundle,True,0,0.018026999896392226
case-45,rollback,public-lock,6,transparency-only,main,True,False,39613,39559,0,0,4.343856000105006,True,False,1,2,base,SERVE,n0/bundle,True,0,0.0405509999836795
case-45,rollback,public-lock,6,transparency-only,main,True,False,39613,39559,0,0,3.810204000046724,False,True,4,2,partition-young,SERVE,n0/bundle,True,0,0.034662000189200626
case-45,rollback,public-lock,6,transparency-only,main,False,True,39613,39559,0,0,3.4412579998388537,False,True,14,2,partition-expired,SERVE,n0/bundle,True,0,0.03317999994578713
case-45,rollback,public-lock,6,transparency-only,main,False,True,39875,39821,0,0,3.528588999870408,False,True,27,2,recovered,SERVE,n0/bundle,True,0,0.03924899988305697
case-45,rollback,public-lock,6,transparency-only,probe,True,False,39875,39821,0,0,4.028963000109798,False,True,2,2,pin-before-rollback,SERVE,n0/bundle,True,0,0.03664499990918557
case-45,rollback,public-lock,6,root-only,main,True,False,40269,39559,62,0,32.49228399999993,True,False,1,8,base,SERVE,n0/bundle,True,7,25.90813699998762
case-45,rollback,public-lock,6,root-only,main,True,False,40269,39559,0,0,7.004620000088835,False,False,4,8,partition-young,ROLLBACK,n0/bundle,False,0,1.3580840000031458
case-45,rollback,public-lock,6,root-only,main,False,False,40273,39560,0,0,7.072372999800791,False,False,14,8,partition-expired,ROLLBACK,n0/bundle,False,0,1.2661150001349597
case-45,rollback,public-lock,6,root-only,main,False,False,40535,39822,42,0,33.599320000121224,False,False,27,8,recovered,REVOKED,n0/bundle,False,7,28.46717800002807
case-45,rollback,public-lock,6,root-only,probe,True,False,40531,39821,42,0,34.721830000080445,False,False,2,8,pin-before-rollback,REVOKED,n0/bundle,False,7,28.140226000004986
case-45,rollback,public-lock,6,all-namespaces,main,True,False,52283,44334,62,0,58.662344999902416,True,False,1,74,base,SERVE,n0/bundle,True,7,33.27095600002394
case-45,rollback,public-lock,6,all-namespaces,main,True,False,46942,44334,0,10,19.4524519999959,False,False,4,34,partition-young,ROLLBACK,n0/bundle,False,0,1.2368410000362928
case-45,rollback,public-lock,6,all-namespaces,main,False,False,46950,44336,0,10,18.917817000101422,False,False,14,34,partition-expired,ROLLBACK,n0/bundle,False,0,1.3427899998532666
case-45,rollback,public-lock,6,all-namespaces,main,False,False,52593,44608,42,0,53.60310199989726,False,False,27,74,recovered,REVOKED,n0/bundle,False,7,28.034907000119347
case-45,rollback,public-lock,6,all-namespaces,probe,True,False,52545,44596,42,0,60.803347000046415,False,False,2,74,pin-before-rollback,REVOKED,n0/bundle,False,7,30.88520599999356
case-45,rollback,public-lock,6,scoped,main,True,False,47259,39559,62,0,41.56608900007086,True,False,1,48,base,SERVE,n0/bundle,True,7,24.123541000108162
case-45,rollback,public-lock,6,scoped,main,True,False,44584,39559,0,5,13.723811000090791,False,False,4,28,partition-young,ROLLBACK,n0/bundle,False,0,1.1452140001892985
case-45,rollback,public-lock,6,scoped,main,False,False,44592,39561,0,5,13.60694599998169,False,False,14,28,partition-expired,ROLLBACK,n0/bundle,False,0,1.1878570001044864
case-45,rollback,public-lock,6,scoped,main,False,False,47549,39828,42,0,40.69945500009453,False,False,27,48,recovered,REVOKED,n0/bundle,False,7,23.70453000003181
case-45,rollback,public-lock,6,scoped,probe,True,False,47521,39821,42,0,40.564981999978045,False,False,2,48,pin-before-rollback,REVOKED,n0/bundle,False,7,24.208809000128895
case-45,rollback,public-lock,6,status-proof,main,True,False,19310,16107,62,0,8.805220000112968,True,False,1,16,base,SERVE,n0/bundle,True,7,1.5835029998925165
case-45,rollback,public-lock,6,status-proof,main,True,False,4674,16108,32,5,4.798841999900105,False,False,4,6,partition-young,INVALID_OR_MISSING_STATUS,n0/bundle,False,7,1.3013579998641944
case-45,rollback,public-lock,6,status-proof,main,False,False,4678,16110,0,5,3.8218810000216763,False,False,14,6,partition-expired,EXPIRED,n0/bundle,False,0,0.6418460000077175
case-45,rollback,public-lock,6,status-proof,main,False,False,19325,16115,32,0,6.798801000059029,False,False,27,16,recovered,INVALID_OR_MISSING_STATUS,n0/bundle,False,7,1.2717229999452684
case-45,rollback,public-lock,6,status-proof,probe,True,False,19311,16108,32,0,7.8773029999865685,False,False,2,16,pin-before-rollback,INVALID_OR_MISSING_STATUS,n0/bundle,False,7,1.4129860001048655
case-46,rollback,generated,1,lww,main,True,False,65982,65928,0,0,9.680457000058595,True,False,1,2,base,SERVE,n0/bundle,True,0,0.024526999823137885
case-46,rollback,generated,1,lww,main,True,False,65982,65928,0,0,8.145156999944447,False,True,4,2,partition-young,SERVE,n0/bundle,True,0,0.024025999891819083
case-46,rollback,generated,1,lww,main,False,True,65982,65928,0,0,7.27158200015765,False,True,14,2,partition-expired,SERVE,n0/bundle,True,0,0.022654000076727243
case-46,rollback,generated,1,lww,main,False,True,66235,66181,0,0,7.8119550000792515,False,True,27,2,recovered,SERVE,n0/bundle,True,0,0.027432000024418812
case-46,rollback,generated,1,lww,probe,True,False,66235,66181,0,0,8.680242000082217,False,True,2,2,pin-before-rollback,SERVE,n0/bundle,True,0,0.025307999976575957
case-46,rollback,generated,1,signed-index,main,True,False,65982,65928,0,0,10.443716000054337,True,False,1,2,base,SERVE,n0/bundle,True,0,0.029814999834343325
case-46,rollback,generated,1,signed-index,main,True,False,65982,65928,0,0,9.006472000010035,False,True,4,2,partition-young,SERVE,n0/bundle,True,0,0.024617000008220202
case-46,rollback,generated,1,signed-index,main,False,True,65982,65928,0,0,7.615590000114025,False,True,14,2,partition-expired,SERVE,n0/bundle,True,0,0.02263400006086158
case-46,rollback,generated,1,signed-index,main,False,True,66235,66181,0,0,7.995031000064046,False,True,27,2,recovered,SERVE,n0/bundle,True,0,0.02991500014104531
case-46,rollback,generated,1,signed-index,probe,True,False,66235,66181,0,0,10.400861000107398,False,True,2,2,pin-before-rollback,SERVE,n0/bundle,True,0,0.02528800018808397
case-46,rollback,generated,1,transparency-only,main,True,False,65982,65928,0,0,10.027519999994183,True,False,1,2,base,SERVE,n0/bundle,True,0,0.05966999992779165
case-46,rollback,generated,1,transparency-only,main,True,False,65982,65928,0,0,7.99068400010583,False,True,4,2,partition-young,SERVE,n0/bundle,True,0,0.05430200008049724
case-46,rollback,generated,1,transparency-only,main,False,True,65982,65928,0,0,7.342618999928163,False,True,14,2,partition-expired,SERVE,n0/bundle,True,0,0.052219000053810305
case-46,rollback,generated,1,transparency-only,main,False,True,66235,66181,0,0,7.811956000068676,False,True,27,2,recovered,SERVE,n0/bundle,True,0,0.05423199991128058
case-46,rollback,generated,1,transparency-only,probe,True,False,66235,66181,0,0,8.587462999912532,False,True,2,2,pin-before-rollback,SERVE,n0/bundle,True,0,0.05488199985848041
case-46,rollback,generated,1,root-only,main,True,False,66634,65928,130,0,53.59902499981217,True,False,1,8,base,SERVE,n0/bundle,True,2,41.80200400014655
case-46,rollback,generated,1,root-only,main,True,False,66634,65928,0,0,9.221937000120306,False,False,4,8,partition-young,ROLLBACK,n0/bundle,False,0,1.1484280000786384
case-46,rollback,generated,1,root-only,main,False,False,66638,65929,0,0,9.194605999937266,False,False,14,8,partition-expired,ROLLBACK,n0/bundle,False,0,1.2563299999328592
case-46,rollback,generated,1,root-only,main,False,False,66891,66182,115,0,53.060404999996535,False,False,27,8,recovered,REVOKED,n0/bundle,False,2,44.72516199984966
case-46,rollback,generated,1,root-only,probe,True,False,66887,66181,115,0,51.923835000025065,False,False,2,8,pin-before-rollback,REVOKED,n0/bundle,False,2,43.67967000007411
case-46,rollback,generated,1,all-namespaces,main,True,False,83347,75458,130,0,100.28287499994804,True,False,1,74,base,SERVE,n0/bundle,True,2,53.484298000057606
case-46,rollback,generated,1,all-namespaces,main,True,False,78015,75458,0,10,26.134967999951186,False,False,4,34,partition-young,ROLLBACK,n0/bundle,False,0,1.324251999903936
case-46,rollback,generated,1,all-namespaces,main,False,False,78023,75460,0,10,24.003970999956437,False,False,14,34,partition-expired,ROLLBACK,n0/bundle,False,0,1.2621589999071148
case-46,rollback,generated,1,all-namespaces,main,False,False,83648,75723,115,0,85.67540500007453,False,False,27,74,recovered,REVOKED,n0/bundle,False,2,53.40462300000581
case-46,rollback,generated,1,all-namespaces,probe,True,False,83600,75711,115,0,85.90191400003278,False,False,2,74,pin-before-rollback,REVOKED,n0/bundle,False,2,51.44051699994634
case-46,rollback,generated,1,scoped,main,True,False,71064,65928,130,0,60.964498999965144,True,False,1,18,base,SERVE,n0/bundle,True,2,42.9770319999534
case-46,rollback,generated,1,scoped,main,True,False,70526,65928,0,1,16.442872999959945,False,False,4,14,partition-young,ROLLBACK,n0/bundle,False,0,1.3066970000181755
case-46,rollback,generated,1,scoped,main,False,False,70530,65929,0,1,13.864322999779688,False,False,14,14,partition-expired,ROLLBACK,n0/bundle,False,0,1.1364810000031866
case-46,rollback,generated,1,scoped,main,False,False,71325,66183,115,0,56.123795000075916,False,False,27,18,recovered,REVOKED,n0/bundle,False,2,42.08283599996321
case-46,rollback,generated,1,scoped,probe,True,False,71317,66181,115,0,59.86792900012006,False,False,2,18,pin-before-rollback,REVOKED,n0/bundle,False,2,43.73385100006999
case-46,rollback,generated,1,status-proof,main,True,False,29305,25531,130,0,16.892760000018825,True,False,1,6,base,SERVE,n0/bundle,True,2,0.956508999934158
case-46,rollback,generated,1,status-proof,main,True,False,2269,25532,11,1,6.554382999865993,False,False,4,4,partition-young,INVALID_OR_MISSING_STATUS,n0/bundle,False,2,0.6215359999259817
case-46,rollback,generated,1,status-proof,main,False,False,2271,25533,0,1,5.123370000092109,False,False,14,4,partition-expired,EXPIRED,n0/bundle,False,0,0.5383699999583769
case-46,rollback,generated,1,status-proof,main,False,False,29310,25534,11,0,9.909772000128214,False,False,27,6,recovered,INVALID_OR_MISSING_STATUS,n0/bundle,False,2,0.6417960000817402
case-46,rollback,generated,1,status-proof,probe,True,False,29306,25532,11,0,10.00134000014441,False,False,2,6,pin-before-rollback,INVALID_OR_MISSING_STATUS,n0/bundle,False,2,0.7522219998463697
case-47,rollback,generated,3,lww,main,True,False,67839,67785,0,0,11.953927999911684,True,False,1,2,base,SERVE,n0/bundle,True,0,0.030096000045887195
case-47,rollback,generated,3,lww,main,True,False,67839,67785,0,0,8.505018000050768,False,True,4,2,partition-young,SERVE,n0/bundle,True,0,0.024227000039900304
case-47,rollback,generated,3,lww,main,False,True,67839,67785,0,0,8.96820499997375,False,True,14,2,partition-expired,SERVE,n0/bundle,True,0,0.023335000150837004
case-47,rollback,generated,3,lww,main,False,True,68091,68037,0,0,8.868515000131083,False,True,27,2,recovered,SERVE,n0/bundle,True,0,0.025438999955440522
case-47,rollback,generated,3,lww,probe,True,False,68091,68037,0,0,9.98593700001038,False,True,2,2,pin-before-rollback,SERVE,n0/bundle,True,0,0.027120000140712364
case-47,rollback,generated,3,signed-index,main,True,False,67839,67785,0,0,9.832455999912781,True,False,1,2,base,SERVE,n0/bundle,True,0,0.025607999987187213
case-47,rollback,generated,3,signed-index,main,True,False,67839,67785,0,0,9.235165999825767,False,True,4,2,partition-young,SERVE,n0/bundle,True,0,0.025678999918454792
case-47,rollback,generated,3,signed-index,main,False,True,67839,67785,0,0,7.955971999990652,False,True,14,2,partition-expired,SERVE,n0/bundle,True,0,0.023484999928768957
case-47,rollback,generated,3,signed-index,main,False,True,68091,68037,0,0,9.554697999874406,False,True,27,2,recovered,SERVE,n0/bundle,True,0,0.02672999994501879
case-47,rollback,generated,3,signed-index,probe,True,False,68091,68037,0,0,8.400711000149386,False,True,2,2,pin-before-rollback,SERVE,n0/bundle,True,0,0.025547999939590227
case-47,rollback,generated,3,transparency-only,main,True,False,67839,67785,0,0,12.882565999916551,True,False,1,2,base,SERVE,n0/bundle,True,0,0.0626240000656253
case-47,rollback,generated,3,transparency-only,main,True,False,67839,67785,0,0,8.747123000148349,False,True,4,2,partition-young,SERVE,n0/bundle,True,0,0.054180999995878665
case-47,rollback,generated,3,transparency-only,main,False,True,67839,67785,0,0,8.639941000183171,False,True,14,2,partition-expired,SERVE,n0/bundle,True,0,0.05487199996423442
case-47,rollback,generated,3,transparency-only,main,False,True,68091,68037,0,0,9.363239999856887,False,True,27,2,recovered,SERVE,n0/bundle,True,0,0.05479199990077177
case-47,rollback,generated,3,transparency-only,probe,True,False,68091,68037,0,0,10.106307999876663,False,True,2,2,pin-before-rollback,SERVE,n0/bundle,True,0,0.062413999785349006
case-47,rollback,generated,3,root-only,main,True,False,68492,67785,130,0,58.480852000002415,True,False,1,8,base,SERVE,n0/bundle,True,4,45.37992599989593
case-47,rollback,generated,3,root-only,main,True,False,68492,67785,0,0,10.75760799994896,False,False,4,8,partition-young,ROLLBACK,n0/bundle,False,0,1.3545680001243454
case-47,rollback,generated,3,root-only,main,False,False,68496,67786,0,0,9.913518000075783,False,False,14,8,partition-expired,ROLLBACK,n0/bundle,False,0,1.2803770000573422
case-47,rollback,generated,3,root-only,main,False,False,68748,68038,129,0,53.6366530000123,False,False,27,8,recovered,REVOKED,n0/bundle,False,4,45.13701199994102
case-47,rollback,generated,3,root-only,probe,True,False,68744,68037,129,0,71.61840000003394,False,False,2,8,pin-before-rollback,REVOKED,n0/bundle,False,4,62.081740000166974
case-47,rollback,generated,3,all-namespaces,main,True,False,83317,75413,130,0,102.42509400018207,True,False,1,74,base,SERVE,n0/bundle,True,4,64.29473000002872
case-47,rollback,generated,3,all-namespaces,main,True,False,77982,75413,0,10,26.886449000130597,False,False,4,34,partition-young,ROLLBACK,n0/bundle,False,0,1.424693999979354
case-47,rollback,generated,3,all-namespaces,main,False,False,77990,75415,0,10,24.040775999992547,False,False,14,34,partition-expired,ROLLBACK,n0/bundle,False,0,1.4010490001510334
case-47,rollback,generated,3,all-namespaces,main,False,False,83617,75677,129,0,91.66590899985749,False,False,27,74,recovered,REVOKED,n0/bundle,False,4,55.66167899996799
case-47,rollback,generated,3,all-namespaces,probe,True,False,83569,75665,129,0,86.6690089999338,False,False,2,74,pin-before-rollback,REVOKED,n0/bundle,False,4,53.45524800009116
case-47,rollback,generated,3,scoped,main,True,False,74252,67785,130,0,70.02813799999785,True,False,1,30,base,SERVE,n0/bundle,True,4,45.93871800011584
case-47,rollback,generated,3,scoped,main,True,False,72647,67785,0,3,17.87912400004643,False,False,4,18,partition-young,ROLLBACK,n0/bundle,False,0,1.2255839999397722
case-47,rollback,generated,3,scoped,main,False,False,72651,67786,0,3,17.399233000105596,False,False,14,18,partition-expired,ROLLBACK,n0/bundle,False,0,1.13848300020436
case-47,rollback,generated,3,scoped,main,False,False,74520,68041,129,0,66.99972100000195,False,False,27,30,recovered,REVOKED,n0/bundle,False,4,46.44988699988062
case-47,rollback,generated,3,scoped,probe,True,False,74504,68037,129,0,67.31222100006562,False,False,2,30,pin-before-rollback,REVOKED,n0/bundle,False,4,47.21729299990329
case-47,rollback,generated,3,status-proof,main,True,False,29716,25856,130,0,14.672248000124455,True,False,1,10,base,SERVE,n0/bundle,True,4,1.2383139999201376
case-47,rollback,generated,3,status-proof,main,True,False,2279,25857,11,3,6.654343000036533,False,False,4,4,partition-young,INVALID_OR_MISSING_STATUS,n0/bundle,False,4,1.0445220000292466
case-47,rollback,generated,3,status-proof,main,False,False,2281,25858,0,3,5.740368000033413,False,False,14,4,partition-expired,EXPIRED,n0/bundle,False,0,0.3914500000519183
case-47,rollback,generated,3,status-proof,main,False,False,29725,25861,11,0,9.04014399998232,False,False,27,10,recovered,INVALID_OR_MISSING_STATUS,n0/bundle,False,4,1.0110910000094009
case-47,rollback,generated,3,status-proof,probe,True,False,29717,25857,11,0,10.6744519998756,False,False,2,10,pin-before-rollback,INVALID_OR_MISSING_STATUS,n0/bundle,False,4,0.9492579999914597
case-48,rollback,generated,6,lww,main,True,False,70674,70620,0,0,10.026927999888358,True,False,1,2,base,SERVE,n0/bundle,True,0,0.026208999997834326
case-48,rollback,generated,6,lww,main,True,False,70674,70620,0,0,8.448412999996435,False,True,4,2,partition-young,SERVE,n0/bundle,True,0,0.026939999997921404
case-48,rollback,generated,6,lww,main,False,True,70674,70620,0,0,8.822595999845362,False,True,14,2,partition-expired,SERVE,n0/bundle,True,0,0.026890000071944087
case-48,rollback,generated,6,lww,main,False,True,70926,70872,0,0,8.77387299988186,False,True,27,2,recovered,SERVE,n0/bundle,True,0,0.02947500001937442
case-48,rollback,generated,6,lww,probe,True,False,70926,70872,0,0,8.534382000107144,False,True,2,2,pin-before-rollback,SERVE,n0/bundle,True,0,0.050956999984919094
case-48,rollback,generated,6,signed-index,main,True,False,70674,70620,0,0,10.511927999914406,True,False,1,2,base,SERVE,n0/bundle,True,0,0.027131000024382956
case-48,rollback,generated,6,signed-index,main,True,False,70674,70620,0,0,9.6041920000971,False,True,4,2,partition-young,SERVE,n0/bundle,True,0,0.02810200021485798
case-48,rollback,generated,6,signed-index,main,False,True,70674,70620,0,0,10.657728000069255,False,True,14,2,partition-expired,SERVE,n0/bundle,True,0,0.027982000119664008
case-48,rollback,generated,6,signed-index,main,False,True,70926,70872,0,0,8.791910000127245,False,True,27,2,recovered,SERVE,n0/bundle,True,0,0.027692000003298745
case-48,rollback,generated,6,signed-index,probe,True,False,70926,70872,0,0,9.338051999975505,False,True,2,2,pin-before-rollback,SERVE,n0/bundle,True,0,0.027360999865777558
case-48,rollback,generated,6,transparency-only,main,True,False,70674,70620,0,0,10.712810000086392,True,False,1,2,base,SERVE,n0/bundle,True,0,0.05950900003881543
case-48,rollback,generated,6,transparency-only,main,True,False,70674,70620,0,0,9.2667840001468,False,True,4,2,partition-young,SERVE,n0/bundle,True,0,0.056846000006771646
case-48,rollback,generated,6,transparency-only,main,False,True,70674,70620,0,0,8.391296999889164,False,True,14,2,partition-expired,SERVE,n0/bundle,True,0,0.05498199993780872
case-48,rollback,generated,6,transparency-only,main,False,True,70926,70872,0,0,10.185666999859677,False,True,27,2,recovered,SERVE,n0/bundle,True,0,0.05813799998577451
case-48,rollback,generated,6,transparency-only,probe,True,False,70926,70872,0,0,10.015400999918711,False,True,2,2,pin-before-rollback,SERVE,n0/bundle,True,0,0.0902250001217908
case-48,rollback,generated,6,root-only,main,True,False,71330,70620,130,0,58.077745999980834,True,False,1,8,base,SERVE,n0/bundle,True,7,45.353548000093724
case-48,rollback,generated,6,root-only,main,True,False,71330,70620,0,0,9.921119000182443,False,False,4,8,partition-young,ROLLBACK,n0/bundle,False,0,1.3081980000606563
case-48,rollback,generated,6,root-only,main,False,False,71334,70621,0,0,10.506399999940186,False,False,14,8,partition-expired,ROLLBACK,n0/bundle,False,0,1.6454259998681664
case-48,rollback,generated,6,root-only,main,False,False,71586,70873,129,0,54.26918299986028,False,False,27,8,recovered,REVOKED,n0/bundle,False,7,45.62083900009384
case-48,rollback,generated,6,root-only,probe,True,False,71582,70872,129,0,54.75743900001362,False,False,2,8,pin-before-rollback,REVOKED,n0/bundle,False,7,45.95620500003861
case-48,rollback,generated,6,all-namespaces,main,True,False,83344,75395,130,0,90.00538800000868,True,False,1,74,base,SERVE,n0/bundle,True,7,53.03763000006256
case-48,rollback,generated,6,all-namespaces,main,True,False,78003,75395,0,10,27.387051000005158,False,False,4,34,partition-young,ROLLBACK,n0/bundle,False,0,1.2749489999350772
case-48,rollback,generated,6,all-namespaces,main,False,False,78011,75397,0,10,29.120489999968413,False,False,14,34,partition-expired,ROLLBACK,n0/bundle,False,0,1.182319000008647
case-48,rollback,generated,6,all-namespaces,main,False,False,83644,75659,129,0,87.32375199997477,False,False,27,74,recovered,REVOKED,n0/bundle,False,7,52.08556699994915
case-48,rollback,generated,6,all-namespaces,probe,True,False,83596,75647,129,0,91.25429699997767,False,False,2,74,pin-before-rollback,REVOKED,n0/bundle,False,7,54.37752600005297
case-48,rollback,generated,6,scoped,main,True,False,79106,70620,130,0,77.10531600014292,True,False,1,48,base,SERVE,n0/bundle,True,7,46.90264800001387
case-48,rollback,generated,6,scoped,main,True,False,76431,70620,0,5,23.255184000163354,False,False,4,28,partition-young,ROLLBACK,n0/bundle,False,0,1.1681179998959124
case-48,rollback,generated,6,scoped,main,False,False,76439,70622,0,5,22.56441399981668,False,False,14,28,partition-expired,ROLLBACK,n0/bundle,False,0,1.2515930000063236
case-48,rollback,generated,6,scoped,main,False,False,79386,70879,129,0,80.25375399984114,False,False,27,48,recovered,REVOKED,n0/bundle,False,7,53.57336499992016
case-48,rollback,generated,6,scoped,probe,True,False,79358,70872,129,0,73.88052299984338,False,False,2,48,pin-before-rollback,REVOKED,n0/bundle,False,7,48.694966000084605
case-48,rollback,generated,6,status-proof,main,True,False,30334,26345,130,0,15.714908000063588,True,False,1,16,base,SERVE,n0/bundle,True,7,2.269134000016493
case-48,rollback,generated,6,status-proof,main,True,False,6851,26346,20,5,9.052912000015567,False,False,4,6,partition-young,INVALID_OR_MISSING_STATUS,n0/bundle,False,7,1.5631230000963114
case-48,rollback,generated,6,status-proof,main,False,False,6855,26348,0,5,8.674251999991611,False,False,14,6,partition-expired,EXPIRED,n0/bundle,False,0,0.37512399990191625
case-48,rollback,generated,6,status-proof,main,False,False,30349,26353,20,0,10.047360000044137,False,False,27,16,recovered,INVALID_OR_MISSING_STATUS,n0/bundle,False,7,1.5022210000097402
case-48,rollback,generated,6,status-proof,probe,True,False,30335,26346,20,0,11.410960999910458,False,False,2,16,pin-before-rollback,INVALID_OR_MISSING_STATUS,n0/bundle,False,7,1.3917240000864695
