case,scenario,family,span,policy,kind,bounded_truth,bounded_violation,bytes,certificate_bytes,closure_count,drops,elapsed_ms,immediate_truth,immediate_violation,logical_time,messages,phase,reason,root,serve,support_count,verify_ms
case-01,partition,public-lock,1,lww,main,True,False,34888,34834,0,0,4.106308999979547,True,False,1,2,base,SERVE,n0/bundle,True,0,0.01864800000817013
case-01,partition,public-lock,1,lww,main,True,False,34888,34834,0,0,4.005907999982128,True,False,4,2,partition-young,SERVE,n0/bundle,True,0,0.014802999999119493
case-01,partition,public-lock,1,lww,main,True,False,34888,34834,0,0,4.425268999995069,True,False,14,2,partition-expired,SERVE,n0/bundle,True,0,0.013690000002952729
case-01,partition,public-lock,1,lww,main,True,False,34888,34834,0,0,4.587613000012425,True,False,27,2,recovered,SERVE,n0/bundle,True,0,0.01675500001852015
case-01,partition,public-lock,1,signed-index,main,True,False,34888,34834,0,0,4.641323000015518,True,False,1,2,base,SERVE,n0/bundle,True,0,0.016474000005928247
case-01,partition,public-lock,1,signed-index,main,True,False,34888,34834,0,0,4.377436999988049,True,False,4,2,partition-young,SERVE,n0/bundle,True,0,0.014320999980554916
case-01,partition,public-lock,1,signed-index,main,True,False,34888,34834,0,0,4.568954000006897,True,False,14,2,partition-expired,SERVE,n0/bundle,True,0,0.01436200000171084
case-01,partition,public-lock,1,signed-index,main,True,False,34888,34834,0,0,4.791490000002341,True,False,27,2,recovered,SERVE,n0/bundle,True,0,0.015953999991324963
case-01,partition,public-lock,1,transparency-only,main,True,False,34888,34834,0,0,4.210826000019097,True,False,1,2,base,SERVE,n0/bundle,True,0,0.036534999992454686
case-01,partition,public-lock,1,transparency-only,main,True,False,34888,34834,0,0,4.181391000003032,True,False,4,2,partition-young,SERVE,n0/bundle,True,0,0.03265899999860267
case-01,partition,public-lock,1,transparency-only,main,True,False,34888,34834,0,0,4.446821999977146,True,False,14,2,partition-expired,SERVE,n0/bundle,True,0,0.030605999995714228
case-01,partition,public-lock,1,transparency-only,main,True,False,34888,34834,0,0,4.472238999994715,True,False,27,2,recovered,SERVE,n0/bundle,True,0,0.033801000000721615
case-01,partition,public-lock,1,root-only,main,True,False,35539,34834,62,0,26.170349000011583,True,False,1,8,base,SERVE,n0/bundle,True,2,20.551614999988033
case-01,partition,public-lock,1,root-only,main,True,False,35539,34834,62,0,27.12398400001348,True,False,4,8,partition-young,SERVE,n0/bundle,True,2,21.164797000011504
case-01,partition,public-lock,1,root-only,main,True,False,35543,34835,62,0,26.68562400000951,True,False,14,8,partition-expired,SERVE,n0/bundle,True,2,20.37065199999688
case-01,partition,public-lock,1,root-only,main,True,False,35543,34835,62,0,26.624120999997558,True,False,27,8,recovered,SERVE,n0/bundle,True,2,20.53169399999888
case-01,partition,public-lock,1,all-namespaces,main,True,False,52238,44364,62,0,54.86345200000642,True,False,1,74,base,SERVE,n0/bundle,True,2,27.097373999993124
case-01,partition,public-lock,1,all-namespaces,main,True,False,51171,44364,62,2,53.06125999999267,True,False,4,66,partition-young,SERVE,n0/bundle,True,2,28.78734500001201
case-01,partition,public-lock,1,all-namespaces,main,True,False,51211,44374,62,2,52.169688999981645,True,False,14,66,partition-expired,EXPIRED,n0/bundle,False,2,29.059495000012703
case-01,partition,public-lock,1,all-namespaces,main,True,False,52286,44376,62,0,57.98560900001348,True,False,27,74,recovered,SERVE,n0/bundle,True,2,32.96219800000699
case-01,partition,public-lock,1,scoped,main,True,False,39179,34834,62,0,32.26776299999301,True,False,1,18,base,SERVE,n0/bundle,True,2,20.82228000000441
case-01,partition,public-lock,1,scoped,main,True,False,39179,34834,62,0,40.832239999986086,True,False,4,18,partition-young,SERVE,n0/bundle,True,2,24.573455999984617
case-01,partition,public-lock,1,scoped,main,True,False,39187,34836,62,0,37.25966400000402,True,False,14,18,partition-expired,SERVE,n0/bundle,True,2,25.086266999977624
case-01,partition,public-lock,1,scoped,main,True,False,39187,34836,62,0,34.13166799998635,True,False,27,18,recovered,SERVE,n0/bundle,True,2,22.827959000011333
case-01,partition,public-lock,1,status-proof,main,True,False,18280,15292,62,0,6.6488739999783775,True,False,1,6,base,SERVE,n0/bundle,True,2,0.9400449999930061
case-01,partition,public-lock,1,status-proof,main,True,False,18280,15292,62,0,5.752675999985968,True,False,4,6,partition-young,SERVE,n0/bundle,True,2,0.6032580000123744
case-01,partition,public-lock,1,status-proof,main,True,False,18284,15294,62,0,6.209031999986792,True,False,14,6,partition-expired,SERVE,n0/bundle,True,2,0.6121910000160824
case-01,partition,public-lock,1,status-proof,main,True,False,18284,15294,62,0,7.985745000013367,True,False,27,6,recovered,SERVE,n0/bundle,True,2,0.6268829999953596
case-02,partition,public-lock,3,lww,main,True,False,36778,36724,0,0,4.308153000010861,True,False,1,2,base,SERVE,n0/bundle,True,0,0.016314000021111497
case-02,partition,public-lock,3,lww,main,True,False,36778,36724,0,0,4.417407000005369,True,False,4,2,partition-young,SERVE,n0/bundle,True,0,0.014501000009659037
case-02,partition,public-lock,3,lww,main,True,False,36778,36724,0,0,4.537096999996493,True,False,14,2,partition-expired,SERVE,n0/bundle,True,0,0.013720999987754112
case-02,partition,public-lock,3,lww,main,True,False,36778,36724,0,0,4.4850989999929425,True,False,27,2,recovered,SERVE,n0/bundle,True,0,0.015794000006508213
case-02,partition,public-lock,3,signed-index,main,True,False,36778,36724,0,0,4.248862999986613,True,False,1,2,base,SERVE,n0/bundle,True,0,0.017537000019274274
case-02,partition,public-lock,3,signed-index,main,True,False,36778,36724,0,0,4.03218700000707,True,False,4,2,partition-young,SERVE,n0/bundle,True,0,0.014662000012322096
case-02,partition,public-lock,3,signed-index,main,True,False,36778,36724,0,0,4.422464000015225,True,False,14,2,partition-expired,SERVE,n0/bundle,True,0,0.01437200000964367
case-02,partition,public-lock,3,signed-index,main,True,False,36778,36724,0,0,5.004119999995282,True,False,27,2,recovered,SERVE,n0/bundle,True,0,0.01782699999353099
case-02,partition,public-lock,3,transparency-only,main,True,False,36778,36724,0,0,4.478879999993524,True,False,1,2,base,SERVE,n0/bundle,True,0,0.03543299999364535
case-02,partition,public-lock,3,transparency-only,main,True,False,36778,36724,0,0,4.539520999998103,True,False,4,2,partition-young,SERVE,n0/bundle,True,0,0.03233900000054746
case-02,partition,public-lock,3,transparency-only,main,True,False,36778,36724,0,0,4.723057000006747,True,False,14,2,partition-expired,SERVE,n0/bundle,True,0,0.032398000001876426
case-02,partition,public-lock,3,transparency-only,main,True,False,36778,36724,0,0,4.78569099999504,True,False,27,2,recovered,SERVE,n0/bundle,True,0,0.03551400001811089
case-02,partition,public-lock,3,root-only,main,True,False,37431,36724,62,0,31.77665399999796,True,False,1,8,base,SERVE,n0/bundle,True,4,24.64342999999758
case-02,partition,public-lock,3,root-only,main,True,False,37431,36724,62,0,29.86939399997368,True,False,4,8,partition-young,SERVE,n0/bundle,True,4,23.268963000020904
case-02,partition,public-lock,3,root-only,main,True,False,37435,36725,62,0,31.05136199999947,True,False,14,8,partition-expired,SERVE,n0/bundle,True,4,23.126218000015797
case-02,partition,public-lock,3,root-only,main,True,False,37435,36725,62,0,32.11709600000745,True,False,27,8,recovered,SERVE,n0/bundle,True,4,23.816045000017994
case-02,partition,public-lock,3,all-namespaces,main,True,False,52256,44352,62,0,51.084486999997125,True,False,1,74,base,SERVE,n0/bundle,True,4,27.335690999990447
case-02,partition,public-lock,3,all-namespaces,main,True,False,51189,44352,62,2,50.98377499999174,True,False,4,66,partition-young,SERVE,n0/bundle,True,4,27.701632000002974
case-02,partition,public-lock,3,all-namespaces,main,True,False,51229,44362,62,2,51.97912199997745,True,False,14,66,partition-expired,EXPIRED,n0/bundle,False,4,28.024127000009003
case-02,partition,public-lock,3,all-namespaces,main,True,False,52304,44364,62,0,67.90949799997748,True,False,27,74,recovered,SERVE,n0/bundle,True,4,35.315978999989284
case-02,partition,public-lock,3,scoped,main,True,False,42405,36724,62,0,37.443521000000146,True,False,1,30,base,SERVE,n0/bundle,True,4,22.957103999999617
case-02,partition,public-lock,3,scoped,main,True,False,42405,36724,62,0,36.98112499998274,True,False,4,30,partition-young,SERVE,n0/bundle,True,4,22.6361699999984
case-02,partition,public-lock,3,scoped,main,True,False,42421,36728,62,0,35.93098600001099,True,False,14,30,partition-expired,SERVE,n0/bundle,True,4,21.971170000000484
case-02,partition,public-lock,3,scoped,main,True,False,42421,36728,62,0,38.11730500001431,True,False,27,30,recovered,SERVE,n0/bundle,True,4,23.68338599998765
case-02,partition,public-lock,3,status-proof,main,True,False,18692,15618,62,0,6.810577999999623,True,False,1,10,base,SERVE,n0/bundle,True,4,1.0102009999855
case-02,partition,public-lock,3,status-proof,main,True,False,18692,15618,62,0,6.617728000009038,True,False,4,10,partition-young,SERVE,n0/bundle,True,4,0.9308610000005046
case-02,partition,public-lock,3,status-proof,main,True,False,18700,15622,62,0,7.2844409999959225,True,False,14,10,partition-expired,SERVE,n0/bundle,True,4,0.940394999986438
case-02,partition,public-lock,3,status-proof,main,True,False,18700,15622,62,0,8.389483999991398,True,False,27,10,recovered,SERVE,n0/bundle,True,4,1.1375210000039715
case-03,partition,public-lock,6,lww,main,True,False,39613,39559,0,0,4.58795400001577,True,False,1,2,base,SERVE,n0/bundle,True,0,0.01987999999641943
case-03,partition,public-lock,6,lww,main,True,False,39613,39559,0,0,4.89871199999925,True,False,4,2,partition-young,SERVE,n0/bundle,True,0,0.016644999988102427
case-03,partition,public-lock,6,lww,main,True,False,39613,39559,0,0,4.758199999997714,True,False,14,2,partition-expired,SERVE,n0/bundle,True,0,0.015743000005841168
case-03,partition,public-lock,6,lww,main,True,False,39613,39559,0,0,5.516370000009374,True,False,27,2,recovered,SERVE,n0/bundle,True,0,0.017817000014019868
case-03,partition,public-lock,6,signed-index,main,True,False,39613,39559,0,0,6.196563999992577,True,False,1,2,base,SERVE,n0/bundle,True,0,0.020671000015681784
case-03,partition,public-lock,6,signed-index,main,True,False,39613,39559,0,0,4.885731999991094,True,False,4,2,partition-young,SERVE,n0/bundle,True,0,0.021101999976735897
case-03,partition,public-lock,6,signed-index,main,True,False,39613,39559,0,0,6.1778849999996055,True,False,14,2,partition-expired,SERVE,n0/bundle,True,0,0.016374000011865064
case-03,partition,public-lock,6,signed-index,main,True,False,39613,39559,0,0,5.661529000008159,True,False,27,2,recovered,SERVE,n0/bundle,True,0,0.01833800001804775
case-03,partition,public-lock,6,transparency-only,main,True,False,39613,39559,0,0,4.916157999986126,True,False,1,2,base,SERVE,n0/bundle,True,0,0.04176299998448485
case-03,partition,public-lock,6,transparency-only,main,True,False,39613,39559,0,0,4.706892000001517,True,False,4,2,partition-young,SERVE,n0/bundle,True,0,0.03698499997994986
case-03,partition,public-lock,6,transparency-only,main,True,False,39613,39559,0,0,6.051315000007662,True,False,14,2,partition-expired,SERVE,n0/bundle,True,0,0.03531300001213822
case-03,partition,public-lock,6,transparency-only,main,True,False,39613,39559,0,0,4.859722000020383,True,False,27,2,recovered,SERVE,n0/bundle,True,0,0.03747600001702267
case-03,partition,public-lock,6,root-only,main,True,False,40269,39559,62,0,32.141544000012345,True,False,1,8,base,SERVE,n0/bundle,True,7,25.95817899998565
case-03,partition,public-lock,6,root-only,main,True,False,40269,39559,62,0,30.825953000004347,True,False,4,8,partition-young,SERVE,n0/bundle,True,7,24.400885999995126
case-03,partition,public-lock,6,root-only,main,True,False,40273,39560,62,0,31.669693999987203,True,False,14,8,partition-expired,SERVE,n0/bundle,True,7,24.63857300000427
case-03,partition,public-lock,6,root-only,main,True,False,40273,39560,62,0,31.339717000008704,True,False,27,8,recovered,SERVE,n0/bundle,True,7,24.70774799999731
case-03,partition,public-lock,6,all-namespaces,main,True,False,52283,44334,62,0,58.97986699997659,True,False,1,74,base,SERVE,n0/bundle,True,7,29.294478999986495
case-03,partition,public-lock,6,all-namespaces,main,True,False,51213,44334,62,2,55.42944399999783,True,False,4,66,partition-young,SERVE,n0/bundle,True,7,29.05427800001803
case-03,partition,public-lock,6,all-namespaces,main,True,False,51253,44344,62,2,52.117054999996526,True,False,14,66,partition-expired,EXPIRED,n0/bundle,False,7,27.91399199998068
case-03,partition,public-lock,6,all-namespaces,main,True,False,52331,44346,62,0,57.02308200000061,True,False,27,74,recovered,SERVE,n0/bundle,True,7,29.837976999999682
case-03,partition,public-lock,6,scoped,main,True,False,47259,39559,62,0,46.52155300001937,True,False,1,48,base,SERVE,n0/bundle,True,7,25.456214000001864
case-03,partition,public-lock,6,scoped,main,True,False,46724,39559,62,1,42.44640199999594,True,False,4,44,partition-young,SERVE,n0/bundle,True,7,24.399974999994356
case-03,partition,public-lock,6,scoped,main,True,False,46748,39565,62,1,42.28546999999594,True,False,14,44,partition-expired,EXPIRED,n0/bundle,False,7,24.857532999988052
case-03,partition,public-lock,6,scoped,main,True,False,47287,39566,62,0,52.5202560000082,True,False,27,48,recovered,SERVE,n0/bundle,True,7,27.163722000011603
case-03,partition,public-lock,6,status-proof,main,True,False,19310,16107,62,0,9.413441000020839,True,False,1,16,base,SERVE,n0/bundle,True,7,1.827319000000216
case-03,partition,public-lock,6,status-proof,main,True,False,16318,16107,62,1,10.12327899999832,True,False,4,14,partition-young,SERVE,n0/bundle,True,7,1.51445899999203
case-03,partition,public-lock,6,status-proof,main,True,False,16330,16113,0,1,7.138668999999709,True,False,14,14,partition-expired,EXPIRED,n0/bundle,False,0,1.1696699999959037
case-03,partition,public-lock,6,status-proof,main,True,False,19324,16114,62,0,9.194401000002017,True,False,27,16,recovered,SERVE,n0/bundle,True,7,1.4279579999936232
case-04,partition,generated,1,lww,main,True,False,65982,65928,0,0,16.57338100000061,True,False,1,2,base,SERVE,n0/bundle,True,0,0.030686000002333458
case-04,partition,generated,1,lww,main,True,False,65982,65928,0,0,14.32381800000826,True,False,4,2,partition-young,SERVE,n0/bundle,True,0,0.02442600001018036
case-04,partition,generated,1,lww,main,True,False,65982,65928,0,0,13.290904000001547,True,False,14,2,partition-expired,SERVE,n0/bundle,True,0,0.0259189999951559
case-04,partition,generated,1,lww,main,True,False,65982,65928,0,0,12.271511000022883,True,False,27,2,recovered,SERVE,n0/bundle,True,0,0.028603000004068235
case-04,partition,generated,1,signed-index,main,True,False,65982,65928,0,0,10.84011700001497,True,False,1,2,base,SERVE,n0/bundle,True,0,0.03227900000979389
case-04,partition,generated,1,signed-index,main,True,False,65982,65928,0,0,10.888890000018137,True,False,4,2,partition-young,SERVE,n0/bundle,True,0,0.026388999998516738
case-04,partition,generated,1,signed-index,main,True,False,65982,65928,0,0,13.925518999997166,True,False,14,2,partition-expired,SERVE,n0/bundle,True,0,0.024077000006172966
case-04,partition,generated,1,signed-index,main,True,False,65982,65928,0,0,11.69125800001325,True,False,27,2,recovered,SERVE,n0/bundle,True,0,0.027922000015223603
case-04,partition,generated,1,transparency-only,main,True,False,65982,65928,0,0,10.433945999977823,True,False,1,2,base,SERVE,n0/bundle,True,0,0.05656499999417974
case-04,partition,generated,1,transparency-only,main,True,False,65982,65928,0,0,9.71786900001348,True,False,4,2,partition-young,SERVE,n0/bundle,True,0,0.05273899998314846
case-04,partition,generated,1,transparency-only,main,True,False,65982,65928,0,0,11.167088000007652,True,False,14,2,partition-expired,SERVE,n0/bundle,True,0,0.052529000015510974
case-04,partition,generated,1,transparency-only,main,True,False,65982,65928,0,0,11.675032999988844,True,False,27,2,recovered,SERVE,n0/bundle,True,0,0.056244999996124534
case-04,partition,generated,1,root-only,main,True,False,66634,65928,130,0,54.92107799997825,True,False,1,8,base,SERVE,n0/bundle,True,2,42.853183999994826
case-04,partition,generated,1,root-only,main,True,False,66634,65928,130,0,56.625007000008054,True,False,4,8,partition-young,SERVE,n0/bundle,True,2,44.24689399999693
case-04,partition,generated,1,root-only,main,True,False,66638,65929,130,0,66.13138800000229,True,False,14,8,partition-expired,SERVE,n0/bundle,True,2,47.063966999985496
case-04,partition,generated,1,root-only,main,True,False,66638,65929,130,0,63.41675299998428,True,False,27,8,recovered,SERVE,n0/bundle,True,2,47.24449899998717
case-04,partition,generated,1,all-namespaces,main,True,False,83347,75458,130,0,88.56826999999612,True,False,1,74,base,SERVE,n0/bundle,True,2,49.819740000003776
case-04,partition,generated,1,all-namespaces,main,True,False,82280,75458,130,2,84.02911400000335,True,False,4,66,partition-young,SERVE,n0/bundle,True,2,49.62318399998367
case-04,partition,generated,1,all-namespaces,main,True,False,82320,75468,130,2,83.99264800002015,True,False,14,66,partition-expired,EXPIRED,n0/bundle,False,2,50.84977000001345
case-04,partition,generated,1,all-namespaces,main,True,False,83395,75470,130,0,91.04226100001256,True,False,27,74,recovered,SERVE,n0/bundle,True,2,51.629962999982126
case-04,partition,generated,1,scoped,main,True,False,71064,65928,130,0,64.1341809999858,True,False,1,18,base,SERVE,n0/bundle,True,2,45.320373000009795
case-04,partition,generated,1,scoped,main,True,False,71064,65928,130,0,64.98741300001143,True,False,4,18,partition-young,SERVE,n0/bundle,True,2,44.83825900001648
case-04,partition,generated,1,scoped,main,True,False,71072,65930,130,0,65.01690799998983,True,False,14,18,partition-expired,SERVE,n0/bundle,True,2,43.94820899997853
case-04,partition,generated,1,scoped,main,True,False,71072,65930,130,0,62.95794100000762,True,False,27,18,recovered,SERVE,n0/bundle,True,2,42.211387000008926
case-04,partition,generated,1,status-proof,main,True,False,29305,25531,130,0,14.29703300001961,True,False,1,6,base,SERVE,n0/bundle,True,2,0.9370390000071893
case-04,partition,generated,1,status-proof,main,True,False,29305,25531,130,0,13.738193000023102,True,False,4,6,partition-young,SERVE,n0/bundle,True,2,0.9231690000035542
case-04,partition,generated,1,status-proof,main,True,False,29309,25533,130,0,14.990046000008306,True,False,14,6,partition-expired,SERVE,n0/bundle,True,2,0.921656000002713
case-04,partition,generated,1,status-proof,main,True,False,29309,25533,130,0,16.889061000000538,True,False,27,6,recovered,SERVE,n0/bundle,True,2,0.9322120000092582
case-05,partition,generated,3,lww,main,True,False,67839,67785,0,0,9.881502000013143,True,False,1,2,base,SERVE,n0/bundle,True,0,0.02742200001648598
case-05,partition,generated,3,lww,main,True,False,67839,67785,0,0,10.758350999992672,True,False,4,2,partition-young,SERVE,n0/bundle,True,0,0.02442699999960496
case-05,partition,generated,3,lww,main,True,False,67839,67785,0,0,11.0794629999873,True,False,14,2,partition-expired,SERVE,n0/bundle,True,0,0.023314999992862795
case-05,partition,generated,3,lww,main,True,False,67839,67785,0,0,12.351767000012615,True,False,27,2,recovered,SERVE,n0/bundle,True,0,0.025569000001723907
case-05,partition,generated,3,signed-index,main,True,False,67839,67785,0,0,13.16642100002241,True,False,1,2,base,SERVE,n0/bundle,True,0,0.02989500001149281
case-05,partition,generated,3,signed-index,main,True,False,67839,67785,0,0,10.375441999997292,True,False,4,2,partition-young,SERVE,n0/bundle,True,0,0.02411700000948258
case-05,partition,generated,3,signed-index,main,True,False,67839,67785,0,0,11.748277000009466,True,False,14,2,partition-expired,SERVE,n0/bundle,True,0,0.023335999998153056
case-05,partition,generated,3,signed-index,main,True,False,67839,67785,0,0,15.547304999984135,True,False,27,2,recovered,SERVE,n0/bundle,True,0,0.02937400000746493
case-05,partition,generated,3,transparency-only,main,True,False,67839,67785,0,0,73.61257499999851,True,False,1,2,base,SERVE,n0/bundle,True,0,0.06560899998930836
case-05,partition,generated,3,transparency-only,main,True,False,67839,67785,0,0,11.083858999995755,True,False,4,2,partition-young,SERVE,n0/bundle,True,0,0.05689599998959238
case-05,partition,generated,3,transparency-only,main,True,False,67839,67785,0,0,13.09990100000391,True,False,14,2,partition-expired,SERVE,n0/bundle,True,0,0.0534200000004148
case-05,partition,generated,3,transparency-only,main,True,False,67839,67785,0,0,13.628132999997433,True,False,27,2,recovered,SERVE,n0/bundle,True,0,0.057155999996894025
case-05,partition,generated,3,root-only,main,True,False,68492,67785,130,0,63.03291099999342,True,False,1,8,base,SERVE,n0/bundle,True,4,45.87687599999413
case-05,partition,generated,3,root-only,main,True,False,68492,67785,130,0,65.69300199998906,True,False,4,8,partition-young,SERVE,n0/bundle,True,4,49.95751399999904
case-05,partition,generated,3,root-only,main,True,False,68496,67786,130,0,66.3287890000106,True,False,14,8,partition-expired,SERVE,n0/bundle,True,4,49.859838000003265
case-05,partition,generated,3,root-only,main,True,False,68496,67786,130,0,59.92219299997714,True,False,27,8,recovered,SERVE,n0/bundle,True,4,45.622373000014704
case-05,partition,generated,3,all-namespaces,main,True,False,83317,75413,130,0,88.93600400000423,True,False,1,74,base,SERVE,n0/bundle,True,4,50.126006999988704
case-05,partition,generated,3,all-namespaces,main,True,False,82250,75413,130,2,88.34520499999599,True,False,4,66,partition-young,SERVE,n0/bundle,True,4,52.37115499997458
case-05,partition,generated,3,all-namespaces,main,True,False,82290,75423,130,2,86.20563700000616,True,False,14,66,partition-expired,EXPIRED,n0/bundle,False,4,49.776852999997345
case-05,partition,generated,3,all-namespaces,main,True,False,83365,75425,130,0,86.72023200000467,True,False,27,74,recovered,SERVE,n0/bundle,True,4,49.33627999997725
case-05,partition,generated,3,scoped,main,True,False,74252,67785,130,0,69.37321800000973,True,False,1,30,base,SERVE,n0/bundle,True,4,45.50865200002363
case-05,partition,generated,3,scoped,main,True,False,74252,67785,130,0,69.85163900000657,True,False,4,30,partition-young,SERVE,n0/bundle,True,4,45.54054000001884
case-05,partition,generated,3,scoped,main,True,False,74268,67789,130,0,72.04248300001836,True,False,14,30,partition-expired,SERVE,n0/bundle,True,4,45.56603800000403
case-05,partition,generated,3,scoped,main,True,False,74268,67789,130,0,69.85433200000557,True,False,27,30,recovered,SERVE,n0/bundle,True,4,44.901057999993554
case-05,partition,generated,3,status-proof,main,True,False,29716,25856,130,0,13.429586000000882,True,False,1,10,base,SERVE,n0/bundle,True,4,1.1923739999986083
case-05,partition,generated,3,status-proof,main,True,False,29716,25856,130,0,13.538420999992695,True,False,4,10,partition-young,SERVE,n0/bundle,True,4,1.280917000002546
case-05,partition,generated,3,status-proof,main,True,False,29724,25860,130,0,14.346135000010918,True,False,14,10,partition-expired,SERVE,n0/bundle,True,4,1.1870969999847603
case-05,partition,generated,3,status-proof,main,True,False,29724,25860,130,0,15.934686999997894,True,False,27,10,recovered,SERVE,n0/bundle,True,4,1.2200159999906646
case-06,partition,generated,6,lww,main,True,False,70674,70620,0,0,13.30338700000766,True,False,1,2,base,SERVE,n0/bundle,True,0,0.029154000003472902
case-06,partition,generated,6,lww,main,True,False,70674,70620,0,0,10.362952999997788,True,False,4,2,partition-young,SERVE,n0/bundle,True,0,0.02565899998785426
case-06,partition,generated,6,lww,main,True,False,70674,70620,0,0,12.373707999984163,True,False,14,2,partition-expired,SERVE,n0/bundle,True,0,0.02631899999983034
case-06,partition,generated,6,lww,main,True,False,70674,70620,0,0,12.987610999999788,True,False,27,2,recovered,SERVE,n0/bundle,True,0,0.029363999999532098
case-06,partition,generated,6,signed-index,main,True,False,70674,70620,0,0,12.313824999978351,True,False,1,2,base,SERVE,n0/bundle,True,0,0.030154999990372744
case-06,partition,generated,6,signed-index,main,True,False,70674,70620,0,0,10.94555700001365,True,False,4,2,partition-young,SERVE,n0/bundle,True,0,0.02946399999359528
case-06,partition,generated,6,signed-index,main,True,False,70674,70620,0,0,13.235231000010117,True,False,14,2,partition-expired,SERVE,n0/bundle,True,0,0.026448999989270305
case-06,partition,generated,6,signed-index,main,True,False,70674,70620,0,0,11.898209999998244,True,False,27,2,recovered,SERVE,n0/bundle,True,0,0.028933000010056276
case-06,partition,generated,6,transparency-only,main,True,False,70674,70620,0,0,10.7191959999966,True,False,1,2,base,SERVE,n0/bundle,True,0,0.05989999999655993
case-06,partition,generated,6,transparency-only,main,True,False,70674,70620,0,0,10.50285100001247,True,False,4,2,partition-young,SERVE,n0/bundle,True,0,0.053600000001097214
case-06,partition,generated,6,transparency-only,main,True,False,70674,70620,0,0,12.047043999984908,True,False,14,2,partition-expired,SERVE,n0/bundle,True,0,0.0547219999873505
case-06,partition,generated,6,transparency-only,main,True,False,70674,70620,0,0,12.031089999993583,True,False,27,2,recovered,SERVE,n0/bundle,True,0,0.05745700002535159
case-06,partition,generated,6,root-only,main,True,False,71330,70620,130,0,63.85714699999312,True,False,1,8,base,SERVE,n0/bundle,True,7,50.53994299998976
case-06,partition,generated,6,root-only,main,True,False,71330,70620,130,0,62.875090000005684,True,False,4,8,partition-young,SERVE,n0/bundle,True,7,49.044033000001264
case-06,partition,generated,6,root-only,main,True,False,71334,70621,130,0,65.94902899999511,True,False,14,8,partition-expired,SERVE,n0/bundle,True,7,50.58401400000889
case-06,partition,generated,6,root-only,main,True,False,71334,70621,130,0,65.67397099999539,True,False,27,8,recovered,SERVE,n0/bundle,True,7,50.26266600000895
case-06,partition,generated,6,all-namespaces,main,True,False,83344,75395,130,0,92.1244829999921,True,False,1,74,base,SERVE,n0/bundle,True,7,55.75188399998865
case-06,partition,generated,6,all-namespaces,main,True,False,82274,75395,130,2,88.11106599998197,True,False,4,66,partition-young,SERVE,n0/bundle,True,7,54.27476099998785
case-06,partition,generated,6,all-namespaces,main,True,False,82314,75405,130,2,87.88456400000655,True,False,14,66,partition-expired,EXPIRED,n0/bundle,False,7,52.16381599998954
case-06,partition,generated,6,all-namespaces,main,True,False,83392,75407,130,0,96.13944299999844,True,False,27,74,recovered,SERVE,n0/bundle,True,7,54.64588000000958
case-06,partition,generated,6,scoped,main,True,False,79106,70620,130,0,81.51724499998636,True,False,1,48,base,SERVE,n0/bundle,True,7,49.39397899997289
case-06,partition,generated,6,scoped,main,True,False,78571,70620,130,1,78.6867070000028,True,False,4,44,partition-young,SERVE,n0/bundle,True,7,48.632992999984026
case-06,partition,generated,6,scoped,main,True,False,78595,70626,130,1,80.31683400000134,True,False,14,44,partition-expired,EXPIRED,n0/bundle,False,7,51.168102000019644
case-06,partition,generated,6,scoped,main,True,False,79134,70627,130,0,95.475749000002,True,False,27,48,recovered,SERVE,n0/bundle,True,7,52.19782699998632
case-06,partition,generated,6,status-proof,main,True,False,30334,26345,130,0,14.897162000011122,True,False,1,16,base,SERVE,n0/bundle,True,7,1.7635630000256697
case-06,partition,generated,6,status-proof,main,True,False,25777,26345,130,1,13.923847999990357,True,False,4,14,partition-young,SERVE,n0/bundle,True,7,1.732789000016055
case-06,partition,generated,6,status-proof,main,True,False,25789,26351,0,1,11.101028000013002,True,False,14,14,partition-expired,EXPIRED,n0/bundle,False,0,1.1879179999993994
case-06,partition,generated,6,status-proof,main,True,False,30348,26352,130,0,16.985064000010652,True,False,27,16,recovered,SERVE,n0/bundle,True,7,1.7263080000020636
case-07,revocation,public-lock,1,lww,main,True,False,34888,34834,0,0,4.566672999999355,True,False,1,2,base,SERVE,n0/bundle,True,0,0.018148000009432508
case-07,revocation,public-lock,1,lww,main,True,False,34888,34834,0,0,3.353317000005518,False,True,4,2,partition-young,SERVE,n0/bundle,True,0,0.016654999996035258
case-07,revocation,public-lock,1,lww,main,False,True,34888,34834,0,0,3.195210000001225,False,True,14,2,partition-expired,SERVE,n0/bundle,True,0,0.014321000008976625
case-07,revocation,public-lock,1,lww,main,False,True,35145,35091,0,0,2.8049109999983557,False,True,27,2,recovered,SERVE,n0/bundle,True,0,0.01633399998013374
case-07,revocation,public-lock,1,signed-index,main,True,False,34888,34834,0,0,4.324206000006825,True,False,1,2,base,SERVE,n0/bundle,True,0,0.017697000004091024
case-07,revocation,public-lock,1,signed-index,main,True,False,34888,34834,0,0,3.3057330000190177,False,True,4,2,partition-young,SERVE,n0/bundle,True,0,0.014683000017612358
case-07,revocation,public-lock,1,signed-index,main,False,True,34888,34834,0,0,2.8053710000222054,False,True,14,2,partition-expired,SERVE,n0/bundle,True,0,0.01485199999251563
case-07,revocation,public-lock,1,signed-index,main,False,True,35145,35091,0,0,2.801245000000563,False,True,27,2,recovered,SERVE,n0/bundle,True,0,0.01676500002645298
case-07,revocation,public-lock,1,transparency-only,main,True,False,34888,34834,0,0,4.217925999995487,True,False,1,2,base,SERVE,n0/bundle,True,0,0.03729599998791855
case-07,revocation,public-lock,1,transparency-only,main,True,False,34888,34834,0,0,3.308908999997584,False,True,4,2,partition-young,SERVE,n0/bundle,True,0,0.03316999999469772
case-07,revocation,public-lock,1,transparency-only,main,False,True,34888,34834,0,0,2.7617159999806518,False,True,14,2,partition-expired,SERVE,n0/bundle,True,0,0.031145999997761464
case-07,revocation,public-lock,1,transparency-only,main,False,True,35145,35091,0,0,3.1262139999910232,False,True,27,2,recovered,SERVE,n0/bundle,True,0,0.03647500000170112
case-07,revocation,public-lock,1,root-only,main,True,False,35539,34834,62,0,27.19425600000136,True,False,1,8,base,SERVE,n0/bundle,True,2,21.112606000002643
case-07,revocation,public-lock,1,root-only,main,True,False,35539,34834,62,0,26.060449999988577,False,True,4,8,partition-young,SERVE,n0/bundle,True,2,20.978003000010403
case-07,revocation,public-lock,1,root-only,main,False,True,35543,34835,62,0,26.714604000005693,False,True,14,8,partition-expired,SERVE,n0/bundle,True,2,21.760921000009148
case-07,revocation,public-lock,1,root-only,main,False,False,35800,35092,3,0,26.91348299998708,False,False,27,8,recovered,REVOKED,n0/bundle,False,2,21.879178999995474
case-07,revocation,public-lock,1,all-namespaces,main,True,False,52238,44364,62,0,51.283109999985754,True,False,1,74,base,SERVE,n0/bundle,True,2,27.178382000016654
case-07,revocation,public-lock,1,all-namespaces,main,True,False,46909,44364,62,10,43.83719600002678,False,True,4,34,partition-young,SERVE,n0/bundle,True,2,28.33533300000113
case-07,revocation,public-lock,1,all-namespaces,main,False,False,46917,44366,62,10,43.20734899999934,False,False,14,34,partition-expired,EXPIRED,n0/bundle,False,2,28.12352499998383
case-07,revocation,public-lock,1,all-namespaces,main,False,False,52543,44633,3,0,57.48522099997899,False,False,27,74,recovered,REVOKED,n0/bundle,False,2,32.13813400000731
case-07,revocation,public-lock,1,scoped,main,True,False,39179,34834,62,0,37.431048000001965,True,False,1,18,base,SERVE,n0/bundle,True,2,27.41602899999407
case-07,revocation,public-lock,1,scoped,main,True,False,38644,34834,62,1,32.337283000003936,False,True,4,14,partition-young,SERVE,n0/bundle,True,2,23.328739999982417
case-07,revocation,public-lock,1,scoped,main,False,False,38648,34835,62,1,32.196502999994436,False,False,14,14,partition-expired,EXPIRED,n0/bundle,False,2,24.165308999982926
case-07,revocation,public-lock,1,scoped,main,False,False,39444,35093,3,0,33.65303399999675,False,False,27,18,recovered,REVOKED,n0/bundle,False,2,24.152288999999882
case-07,revocation,public-lock,1,status-proof,main,True,False,18280,15292,62,0,6.711867999996457,True,False,1,6,base,SERVE,n0/bundle,True,2,0.6799929999772303
case-07,revocation,public-lock,1,status-proof,main,True,False,1887,15292,62,1,4.1192179999995915,False,True,4,4,partition-young,SERVE,n0/bundle,True,2,0.618000000002894
case-07,revocation,public-lock,1,status-proof,main,False,False,1889,15293,0,1,2.627553999985821,False,False,14,4,partition-expired,EXPIRED,n0/bundle,False,0,0.48677199998792275
case-07,revocation,public-lock,1,status-proof,main,False,False,18285,15295,62,0,4.479641000017409,False,False,27,6,recovered,INVALID_OR_MISSING_STATUS,n0/bundle,False,2,0.6072740000035992
case-08,revocation,public-lock,3,lww,main,True,False,36778,36724,0,0,4.483757000002697,True,False,1,2,base,SERVE,n0/bundle,True,0,0.017705999994177546
case-08,revocation,public-lock,3,lww,main,True,False,36778,36724,0,0,3.59817399998974,False,True,4,2,partition-young,SERVE,n0/bundle,True,0,0.01594400001181384
case-08,revocation,public-lock,3,lww,main,False,True,36778,36724,0,0,3.3168900000077883,False,True,14,2,partition-expired,SERVE,n0/bundle,True,0,0.014571999997770035
case-08,revocation,public-lock,3,lww,main,False,True,37033,36979,0,0,4.3447070000013355,False,True,27,2,recovered,SERVE,n0/bundle,True,0,0.017225999982883877
case-08,revocation,public-lock,3,signed-index,main,True,False,36778,36724,0,0,4.63081800000964,True,False,1,2,base,SERVE,n0/bundle,True,0,0.061020999993388614
case-08,revocation,public-lock,3,signed-index,main,True,False,36778,36724,0,0,4.401091999994833,False,True,4,2,partition-young,SERVE,n0/bundle,True,0,0.017315999997435938
case-08,revocation,public-lock,3,signed-index,main,False,True,36778,36724,0,0,3.9043349999872135,False,True,14,2,partition-expired,SERVE,n0/bundle,True,0,0.015093000001797918
case-08,revocation,public-lock,3,signed-index,main,False,True,37033,36979,0,0,3.946758000012096,False,True,27,2,recovered,SERVE,n0/bundle,True,0,0.018006999994213402
case-08,revocation,public-lock,3,transparency-only,main,True,False,36778,36724,0,0,4.61943000001952,True,False,1,2,base,SERVE,n0/bundle,True,0,0.03443200000674551
case-08,revocation,public-lock,3,transparency-only,main,True,False,36778,36724,0,0,3.9081299999850216,False,True,4,2,partition-young,SERVE,n0/bundle,True,0,0.033640999987483156
case-08,revocation,public-lock,3,transparency-only,main,False,True,36778,36724,0,0,3.5007070000006024,False,True,14,2,partition-expired,SERVE,n0/bundle,True,0,0.03848800000127994
case-08,revocation,public-lock,3,transparency-only,main,False,True,37033,36979,0,0,3.623341999997365,False,True,27,2,recovered,SERVE,n0/bundle,True,0,0.036284000003661276
case-08,revocation,public-lock,3,root-only,main,True,False,37431,36724,62,0,28.62757500000157,True,False,1,8,base,SERVE,n0/bundle,True,4,22.56041600000458
case-08,revocation,public-lock,3,root-only,main,True,False,37431,36724,62,0,27.67230800000675,False,True,4,8,partition-young,SERVE,n0/bundle,True,4,22.363140000010162
case-08,revocation,public-lock,3,root-only,main,False,True,37435,36725,62,0,27.40583700000343,False,True,14,8,partition-expired,SERVE,n0/bundle,True,4,22.183799000004
case-08,revocation,public-lock,3,root-only,main,False,False,37690,36980,25,0,27.12244100001726,False,False,27,8,recovered,REVOKED,n0/bundle,False,4,21.961814999997387
case-08,revocation,public-lock,3,all-namespaces,main,True,False,52256,44352,62,0,51.94171600001596,True,False,1,74,base,SERVE,n0/bundle,True,4,26.877441999999974
case-08,revocation,public-lock,3,all-namespaces,main,True,False,46921,44352,62,10,42.70748099997945,False,True,4,34,partition-young,SERVE,n0/bundle,True,4,27.240599000009524
case-08,revocation,public-lock,3,all-namespaces,main,False,False,46929,44354,62,10,46.45510000000286,False,False,14,34,partition-expired,EXPIRED,n0/bundle,False,4,31.238504000015155
case-08,revocation,public-lock,3,all-namespaces,main,False,False,52559,44619,25,0,50.81868600001371,False,False,27,74,recovered,REVOKED,n0/bundle,False,4,28.80495200000155
case-08,revocation,public-lock,3,scoped,main,True,False,42405,36724,62,0,39.02297699997348,True,False,1,30,base,SERVE,n0/bundle,True,4,25.28179099999761
case-08,revocation,public-lock,3,scoped,main,True,False,40800,36724,62,3,34.7707699999944,False,True,4,18,partition-young,SERVE,n0/bundle,True,4,23.10221100000831
case-08,revocation,public-lock,3,scoped,main,False,False,40804,36725,62,3,36.27184699999475,False,False,14,18,partition-expired,EXPIRED,n0/bundle,False,4,26.03813900000773
case-08,revocation,public-lock,3,scoped,main,False,False,42676,36983,25,0,35.104822000022295,False,False,27,30,recovered,REVOKED,n0/bundle,False,4,22.466936000000715
case-08,revocation,public-lock,3,status-proof,main,True,False,18692,15618,62,0,6.503385000002027,True,False,1,10,base,SERVE,n0/bundle,True,4,0.9649320000164607
case-08,revocation,public-lock,3,status-proof,main,True,False,1897,15618,62,3,4.072116999992659,False,True,4,4,partition-young,SERVE,n0/bundle,True,4,0.9473860000070999
case-08,revocation,public-lock,3,status-proof,main,False,False,1899,15619,0,3,2.8417249999961314,False,False,14,4,partition-expired,EXPIRED,n0/bundle,False,0,0.3895760000034443
case-08,revocation,public-lock,3,status-proof,main,False,False,18701,15623,42,0,5.0699789999839595,False,False,27,10,recovered,INVALID_OR_MISSING_STATUS,n0/bundle,False,4,0.86017399999605
case-09,revocation,public-lock,6,lww,main,True,False,39613,39559,0,0,4.351346999982297,True,False,1,2,base,SERVE,n0/bundle,True,0,0.019129000008888397
case-09,revocation,public-lock,6,lww,main,True,False,39613,39559,0,0,3.534728000005316,False,True,4,2,partition-young,SERVE,n0/bundle,True,0,0.015783999998575382
case-09,revocation,public-lock,6,lww,main,False,True,39613,39559,0,0,3.307156000005307,False,True,14,2,partition-expired,SERVE,n0/bundle,True,0,0.01518299998792827
case-09,revocation,public-lock,6,lww,main,False,True,39875,39821,0,0,3.417482000003247,False,True,27,2,recovered,SERVE,n0/bundle,True,0,0.01724599999874954
case-09,revocation,public-lock,6,signed-index,main,True,False,39613,39559,0,0,4.655925000008665,True,False,1,2,base,SERVE,n0/bundle,True,0,0.040069999982961235
case-09,revocation,public-lock,6,signed-index,main,True,False,39613,39559,0,0,4.2959239999902366,False,True,4,2,partition-young,SERVE,n0/bundle,True,0,0.018867999983740447
case-09,revocation,public-lock,6,signed-index,main,False,True,39613,39559,0,0,3.4482879999870875,False,True,14,2,partition-expired,SERVE,n0/bundle,True,0,0.017034999984844035
case-09,revocation,public-lock,6,signed-index,main,False,True,39875,39821,0,0,3.3793250000258013,False,True,27,2,recovered,SERVE,n0/bundle,True,0,0.01799699998628057
case-09,revocation,public-lock,6,transparency-only,main,True,False,39613,39559,0,0,5.152481999999736,True,False,1,2,base,SERVE,n0/bundle,True,0,0.03837799999928393
case-09,revocation,public-lock,6,transparency-only,main,True,False,39613,39559,0,0,3.77776499999527,False,True,4,2,partition-young,SERVE,n0/bundle,True,0,0.03525299999296294
case-09,revocation,public-lock,6,transparency-only,main,False,True,39613,39559,0,0,3.42705599999249,False,True,14,2,partition-expired,SERVE,n0/bundle,True,0,0.03385099998354235
case-09,revocation,public-lock,6,transparency-only,main,False,True,39875,39821,0,0,3.4764410000036605,False,True,27,2,recovered,SERVE,n0/bundle,True,0,0.03575400000954687
case-09,revocation,public-lock,6,root-only,main,True,False,40269,39559,62,0,43.249255000006315,True,False,1,8,base,SERVE,n0/bundle,True,7,35.5641619999858
case-09,revocation,public-lock,6,root-only,main,True,False,40269,39559,62,0,33.48989099998789,False,True,4,8,partition-young,SERVE,n0/bundle,True,7,26.516426999990017
case-09,revocation,public-lock,6,root-only,main,False,True,40273,39560,62,0,33.11200299998518,False,True,14,8,partition-expired,SERVE,n0/bundle,True,7,26.63812200000848
case-09,revocation,public-lock,6,root-only,main,False,False,40535,39822,42,0,35.50572899999338,False,False,27,8,recovered,REVOKED,n0/bundle,False,7,29.61444400000346
case-09,revocation,public-lock,6,all-namespaces,main,True,False,52283,44334,62,0,53.03443299999344,True,False,1,74,base,SERVE,n0/bundle,True,7,29.065699000000222
case-09,revocation,public-lock,6,all-namespaces,main,True,False,46942,44334,62,10,42.95457199998509,False,True,4,34,partition-young,SERVE,n0/bundle,True,7,27.45673300000817
case-09,revocation,public-lock,6,all-namespaces,main,False,False,46950,44336,62,10,43.778880999980174,False,False,14,34,partition-expired,EXPIRED,n0/bundle,False,7,28.510188000012704
case-09,revocation,public-lock,6,all-namespaces,main,False,False,52593,44608,42,0,51.1049160000141,False,False,27,74,recovered,REVOKED,n0/bundle,False,7,27.5135290000037
case-09,revocation,public-lock,6,scoped,main,True,False,47259,39559,62,0,47.16326499999468,True,False,1,48,base,SERVE,n0/bundle,True,7,25.81735699999399
case-09,revocation,public-lock,6,scoped,main,True,False,44584,39559,62,5,37.424440999984654,False,True,4,28,partition-young,SERVE,n0/bundle,True,7,23.60415600000465
case-09,revocation,public-lock,6,scoped,main,False,False,44592,39561,62,5,36.0952510000061,False,False,14,28,partition-expired,EXPIRED,n0/bundle,False,7,23.61283900000899
case-09,revocation,public-lock,6,scoped,main,False,False,47549,39828,42,0,41.519442999998546,False,False,27,48,recovered,REVOKED,n0/bundle,False,7,24.750861999990548
case-09,revocation,public-lock,6,status-proof,main,True,False,19310,16107,62,0,8.03884599997673,True,False,1,16,base,SERVE,n0/bundle,True,7,1.43646099999728
case-09,revocation,public-lock,6,status-proof,main,True,False,4674,16107,62,5,5.193034000001262,False,True,4,6,partition-young,SERVE,n0/bundle,True,7,1.4215089999822794
case-09,revocation,public-lock,6,status-proof,main,False,False,4678,16109,0,5,3.324021999986826,False,False,14,6,partition-expired,EXPIRED,n0/bundle,False,0,0.4313990000071044
case-09,revocation,public-lock,6,status-proof,main,False,False,19325,16115,32,0,6.794974999991155,False,False,27,16,recovered,INVALID_OR_MISSING_STATUS,n0/bundle,False,7,1.2838719999876957
case-10,revocation,generated,1,lww,main,True,False,65982,65928,0,0,10.750035000000935,True,False,1,2,base,SERVE,n0/bundle,True,0,0.025528000008989693
case-10,revocation,generated,1,lww,main,True,False,65982,65928,0,0,6.466380000006211,False,True,4,2,partition-young,SERVE,n0/bundle,True,0,0.02435700000091856
case-10,revocation,generated,1,lww,main,False,True,65982,65928,0,0,4.492289000012306,False,True,14,2,partition-expired,SERVE,n0/bundle,True,0,0.02425599998900907
case-10,revocation,generated,1,lww,main,False,True,66235,66181,0,0,4.730807999976605,False,True,27,2,recovered,SERVE,n0/bundle,True,0,0.02575900001033915
case-10,revocation,generated,1,signed-index,main,True,False,65982,65928,0,0,9.758454000007077,True,False,1,2,base,SERVE,n0/bundle,True,0,0.02816299999608418
case-10,revocation,generated,1,signed-index,main,True,False,65982,65928,0,0,6.430906999980834,False,True,4,2,partition-young,SERVE,n0/bundle,True,0,0.025518000001056862
case-10,revocation,generated,1,signed-index,main,False,True,65982,65928,0,0,4.423466000019971,False,True,14,2,partition-expired,SERVE,n0/bundle,True,0,0.023966000014752353
case-10,revocation,generated,1,signed-index,main,False,True,66235,66181,0,0,4.583768000003374,False,True,27,2,recovered,SERVE,n0/bundle,True,0,0.02590899998722307
case-10,revocation,generated,1,transparency-only,main,True,False,65982,65928,0,0,10.511156999996274,True,False,1,2,base,SERVE,n0/bundle,True,0,0.058147999993707344
case-10,revocation,generated,1,transparency-only,main,True,False,65982,65928,0,0,6.572770999980548,False,True,4,2,partition-young,SERVE,n0/bundle,True,0,0.05669600000146602
case-10,revocation,generated,1,transparency-only,main,False,True,65982,65928,0,0,4.612100000002783,False,True,14,2,partition-expired,SERVE,n0/bundle,True,0,0.053700999984584996
case-10,revocation,generated,1,transparency-only,main,False,True,66235,66181,0,0,4.927033999990726,False,True,27,2,recovered,SERVE,n0/bundle,True,0,0.058518000003005
case-10,revocation,generated,1,root-only,main,True,False,66634,65928,130,0,55.03894100002071,True,False,1,8,base,SERVE,n0/bundle,True,2,43.08508299999403
case-10,revocation,generated,1,root-only,main,True,False,66634,65928,130,0,50.87515499999995,False,True,4,8,partition-young,SERVE,n0/bundle,True,2,41.910975999996936
case-10,revocation,generated,1,root-only,main,False,True,66638,65929,130,0,49.755951000008736,False,True,14,8,partition-expired,SERVE,n0/bundle,True,2,42.24658100000056
case-10,revocation,generated,1,root-only,main,False,False,66891,66182,115,0,52.12529599998561,False,False,27,8,recovered,REVOKED,n0/bundle,False,2,45.40171799999371
case-10,revocation,generated,1,all-namespaces,main,True,False,83347,75458,130,0,84.21318099999553,True,False,1,74,base,SERVE,n0/bundle,True,2,49.82033800001773
case-10,revocation,generated,1,all-namespaces,main,True,False,78015,75458,130,10,72.00157599999102,False,True,4,34,partition-young,SERVE,n0/bundle,True,2,47.98998399999732
case-10,revocation,generated,1,all-namespaces,main,False,False,78023,75460,130,10,71.44942400000787,False,False,14,34,partition-expired,EXPIRED,n0/bundle,False,2,48.37668599998324
case-10,revocation,generated,1,all-namespaces,main,False,False,83648,75723,115,0,78.98066800001402,False,False,27,74,recovered,REVOKED,n0/bundle,False,2,49.23993400001336
case-10,revocation,generated,1,scoped,main,True,False,71064,65928,130,0,64.7819509999863,True,False,1,18,base,SERVE,n0/bundle,True,2,43.89337899999646
case-10,revocation,generated,1,scoped,main,True,False,70526,65928,130,1,57.68107599999439,False,True,4,14,partition-young,SERVE,n0/bundle,True,2,43.08632499999021
case-10,revocation,generated,1,scoped,main,False,False,70530,65929,130,1,58.16172000001529,False,False,14,14,partition-expired,EXPIRED,n0/bundle,False,2,46.0748419999959
case-10,revocation,generated,1,scoped,main,False,False,71325,66183,115,0,56.33907799997928,False,False,27,18,recovered,REVOKED,n0/bundle,False,2,44.00674100000401
case-10,revocation,generated,1,status-proof,main,True,False,29305,25531,130,0,14.870905000009316,True,False,1,6,base,SERVE,n0/bundle,True,2,0.9008160000121279
case-10,revocation,generated,1,status-proof,main,True,False,2269,25531,130,1,6.721362999996927,False,True,4,4,partition-young,SERVE,n0/bundle,True,2,0.8674450000114575
case-10,revocation,generated,1,status-proof,main,False,False,2271,25532,0,1,3.666165999987925,False,False,14,4,partition-expired,EXPIRED,n0/bundle,False,0,0.5506180000054428
case-10,revocation,generated,1,status-proof,main,False,False,29310,25534,11,0,8.73769699998661,False,False,27,6,recovered,INVALID_OR_MISSING_STATUS,n0/bundle,False,2,0.8142250000275908
case-11,revocation,generated,3,lww,main,True,False,67839,67785,0,0,11.004791999994268,True,False,1,2,base,SERVE,n0/bundle,True,0,0.02920399998629364
case-11,revocation,generated,3,lww,main,True,False,67839,67785,0,0,7.427938000006407,False,True,4,2,partition-young,SERVE,n0/bundle,True,0,0.0283119999835435
case-11,revocation,generated,3,lww,main,False,True,67839,67785,0,0,5.712125999991713,False,True,14,2,partition-expired,SERVE,n0/bundle,True,0,0.024947000014208243
case-11,revocation,generated,3,lww,main,False,True,68091,68037,0,0,5.542731000019785,False,True,27,2,recovered,SERVE,n0/bundle,True,0,0.028953999986924828
case-11,revocation,generated,3,signed-index,main,True,False,67839,67785,0,0,11.01611900000421,True,False,1,2,base,SERVE,n0/bundle,True,0,0.028363000012632256
case-11,revocation,generated,3,signed-index,main,True,False,67839,67785,0,0,6.727944000004982,False,True,4,2,partition-young,SERVE,n0/bundle,True,0,0.026299000012386387
case-11,revocation,generated,3,signed-index,main,False,True,67839,67785,0,0,5.524764999989884,False,True,14,2,partition-expired,SERVE,n0/bundle,True,0,0.024287000002232162
case-11,revocation,generated,3,signed-index,main,False,True,68091,68037,0,0,5.899467999995522,False,True,27,2,recovered,SERVE,n0/bundle,True,0,0.062114000002111425
case-11,revocation,generated,3,transparency-only,main,True,False,67839,67785,0,0,71.26210600000604,True,False,1,2,base,SERVE,n0/bundle,True,0,0.06297500002006018
case-11,revocation,generated,3,transparency-only,main,True,False,67839,67785,0,0,7.433914999978697,False,True,4,2,partition-young,SERVE,n0/bundle,True,0,0.05634400000076312
case-11,revocation,generated,3,transparency-only,main,False,True,67839,67785,0,0,5.382900000000745,False,True,14,2,partition-expired,SERVE,n0/bundle,True,0,0.05627499999150132
case-11,revocation,generated,3,transparency-only,main,False,True,68091,68037,0,0,6.009220999999343,False,True,27,2,recovered,SERVE,n0/bundle,True,0,0.06394600001158324
case-11,revocation,generated,3,root-only,main,True,False,68492,67785,130,0,58.0198110000083,True,False,1,8,base,SERVE,n0/bundle,True,4,45.50756300000103
case-11,revocation,generated,3,root-only,main,True,False,68492,67785,130,0,54.41794999998706,False,True,4,8,partition-young,SERVE,n0/bundle,True,4,45.21007600001781
case-11,revocation,generated,3,root-only,main,False,True,68496,67786,130,0,54.97633099997756,False,True,14,8,partition-expired,SERVE,n0/bundle,True,4,45.097686999980624
case-11,revocation,generated,3,root-only,main,False,False,68748,68038,129,0,50.335418000003074,False,False,27,8,recovered,REVOKED,n0/bundle,False,4,43.37775899998064
case-11,revocation,generated,3,all-namespaces,main,True,False,83317,75413,130,0,85.83872899998823,True,False,1,74,base,SERVE,n0/bundle,True,4,48.50700700001198
case-11,revocation,generated,3,all-namespaces,main,True,False,77982,75413,130,10,76.80878200000052,False,True,4,34,partition-young,SERVE,n0/bundle,True,4,53.57907900000214
case-11,revocation,generated,3,all-namespaces,main,False,False,77990,75415,130,10,72.09904499998743,False,False,14,34,partition-expired,EXPIRED,n0/bundle,False,4,49.55863899999713
case-11,revocation,generated,3,all-namespaces,main,False,False,83617,75677,129,0,91.61938100001521,False,False,27,74,recovered,REVOKED,n0/bundle,False,4,54.92046699998809
case-11,revocation,generated,3,scoped,main,True,False,74252,67785,130,0,68.43124600001715,True,False,1,30,base,SERVE,n0/bundle,True,4,45.31780899998239
case-11,revocation,generated,3,scoped,main,True,False,72647,67785,130,3,59.41201499999238,False,True,4,18,partition-young,SERVE,n0/bundle,True,4,42.662412999987964
case-11,revocation,generated,3,scoped,main,False,False,72651,67786,130,3,58.14372700001513,False,False,14,18,partition-expired,EXPIRED,n0/bundle,False,4,43.48016299999813
case-11,revocation,generated,3,scoped,main,False,False,74520,68041,129,0,59.4600489999948,False,False,27,30,recovered,REVOKED,n0/bundle,False,4,43.14206600000148
case-11,revocation,generated,3,status-proof,main,True,False,29716,25856,130,0,13.048483999995142,True,False,1,10,base,SERVE,n0/bundle,True,4,1.2013379999871177
case-11,revocation,generated,3,status-proof,main,True,False,2279,25856,130,3,6.770608000010725,False,True,4,4,partition-young,SERVE,n0/bundle,True,4,1.2434310000060123
case-11,revocation,generated,3,status-proof,main,False,False,2281,25857,0,3,5.422809000009465,False,False,14,4,partition-expired,EXPIRED,n0/bundle,False,0,0.3970079999930931
case-11,revocation,generated,3,status-proof,main,False,False,29725,25861,11,0,7.870984000021508,False,False,27,10,recovered,INVALID_OR_MISSING_STATUS,n0/bundle,False,4,0.9111309999809691
case-12,revocation,generated,6,lww,main,True,False,70674,70620,0,0,10.365807999988874,True,False,1,2,base,SERVE,n0/bundle,True,0,0.028522999997449006
case-12,revocation,generated,6,lww,main,True,False,70674,70620,0,0,7.103728000004139,False,True,4,2,partition-young,SERVE,n0/bundle,True,0,0.026480000002493398
case-12,revocation,generated,6,lww,main,False,True,70674,70620,0,0,5.83072399999196,False,True,14,2,partition-expired,SERVE,n0/bundle,True,0,0.02799199998548829
case-12,revocation,generated,6,lww,main,False,True,70926,70872,0,0,5.858334999999215,False,True,27,2,recovered,SERVE,n0/bundle,True,0,0.028772999996817816
case-12,revocation,generated,6,signed-index,main,True,False,70674,70620,0,0,10.385987999995905,True,False,1,2,base,SERVE,n0/bundle,True,0,0.02906399998892084
case-12,revocation,generated,6,signed-index,main,True,False,70674,70620,0,0,7.572124000006397,False,True,4,2,partition-young,SERVE,n0/bundle,True,0,0.028091999979551474
case-12,revocation,generated,6,signed-index,main,False,True,70674,70620,0,0,5.615759999983538,False,True,14,2,partition-expired,SERVE,n0/bundle,True,0,0.02649999998993735
case-12,revocation,generated,6,signed-index,main,False,True,70926,70872,0,0,5.727457999995522,False,True,27,2,recovered,SERVE,n0/bundle,True,0,0.028452999998762607
case-12,revocation,generated,6,transparency-only,main,True,False,70674,70620,0,0,10.238565999998173,True,False,1,2,base,SERVE,n0/bundle,True,0,0.06049099999927421
case-12,revocation,generated,6,transparency-only,main,True,False,70674,70620,0,0,6.947493000012628,False,True,4,2,partition-young,SERVE,n0/bundle,True,0,0.05475300000057359
case-12,revocation,generated,6,transparency-only,main,False,True,70674,70620,0,0,5.490933000004361,False,True,14,2,partition-expired,SERVE,n0/bundle,True,0,0.05506299999069597
case-12,revocation,generated,6,transparency-only,main,False,True,70926,70872,0,0,6.252958000004583,False,True,27,2,recovered,SERVE,n0/bundle,True,0,0.05982999999787353
case-12,revocation,generated,6,root-only,main,True,False,71330,70620,130,0,57.71632599999066,True,False,1,8,base,SERVE,n0/bundle,True,7,45.19184899999118
case-12,revocation,generated,6,root-only,main,True,False,71330,70620,130,0,54.94928199999549,False,True,4,8,partition-young,SERVE,n0/bundle,True,7,45.76540200000068
case-12,revocation,generated,6,root-only,main,False,True,71334,70621,130,0,54.93501000000833,False,True,14,8,partition-expired,SERVE,n0/bundle,True,7,46.49295800001596
case-12,revocation,generated,6,root-only,main,False,False,71586,70873,129,0,51.9906600000013,False,False,27,8,recovered,REVOKED,n0/bundle,False,7,44.420528999978615
case-12,revocation,generated,6,all-namespaces,main,True,False,83344,75395,130,0,83.20879400002923,True,False,1,74,base,SERVE,n0/bundle,True,7,47.6491469999587
case-12,revocation,generated,6,all-namespaces,main,True,False,78003,75395,130,10,71.96224100005111,False,True,4,34,partition-young,SERVE,n0/bundle,True,7,49.192178999987846
case-12,revocation,generated,6,all-namespaces,main,False,False,78011,75397,130,10,73.8646640000411,False,False,14,34,partition-expired,EXPIRED,n0/bundle,False,7,51.38568000000987
case-12,revocation,generated,6,all-namespaces,main,False,False,83644,75659,129,0,90.10095399997908,False,False,27,74,recovered,REVOKED,n0/bundle,False,7,60.25463499997841
case-12,revocation,generated,6,scoped,main,True,False,79106,70620,130,0,79.04819599997381,True,False,1,48,base,SERVE,n0/bundle,True,7,46.30516299999954
case-12,revocation,generated,6,scoped,main,True,False,76431,70620,130,5,67.93158699997548,False,True,4,28,partition-young,SERVE,n0/bundle,True,7,46.3001559999725
case-12,revocation,generated,6,scoped,main,False,False,76439,70622,130,5,69.1043819999777,False,False,14,28,partition-expired,EXPIRED,n0/bundle,False,7,44.91867600000887
case-12,revocation,generated,6,scoped,main,False,False,79386,70879,129,0,76.55436400000326,False,False,27,48,recovered,REVOKED,n0/bundle,False,7,49.684087999992244
case-12,revocation,generated,6,status-proof,main,True,False,30334,26345,130,0,15.22539899997355,True,False,1,16,base,SERVE,n0/bundle,True,7,1.7748299999880146
case-12,revocation,generated,6,status-proof,main,True,False,6851,26345,130,5,8.69557400000076,False,True,4,6,partition-young,SERVE,n0/bundle,True,7,1.9615919999864673
case-12,revocation,generated,6,status-proof,main,False,False,6855,26347,0,5,5.114395000020977,False,False,14,6,partition-expired,EXPIRED,n0/bundle,False,0,0.4192609999904562
case-12,revocation,generated,6,status-proof,main,False,False,30349,26353,20,0,9.398360999966826,False,False,27,16,recovered,INVALID_OR_MISSING_STATUS,n0/bundle,False,7,1.397913999994671
case-13,grant_revocation,public-lock,1,lww,main,True,False,34888,34834,0,0,4.41170799996371,True,False,1,2,base,SERVE,n0/bundle,True,0,0.019840000049953233
case-13,grant_revocation,public-lock,1,lww,main,True,False,34888,34834,0,0,3.3334550000176932,False,True,4,2,partition-young,SERVE,n0/bundle,True,0,0.015723999979400105
case-13,grant_revocation,public-lock,1,lww,main,False,True,34888,34834,0,0,2.543197000022701,False,True,14,2,partition-expired,SERVE,n0/bundle,True,0,0.014241000030779105
case-13,grant_revocation,public-lock,1,lww,main,False,True,35141,35087,0,0,2.5736529999562663,False,True,27,2,recovered,SERVE,n0/bundle,True,0,0.01633499999798005
case-13,grant_revocation,public-lock,1,signed-index,main,True,False,34888,34834,0,0,4.685330000029353,True,False,1,2,base,SERVE,n0/bundle,True,0,0.016785000013896934
case-13,grant_revocation,public-lock,1,signed-index,main,True,False,34888,34834,0,0,3.5255039999810833,False,True,4,2,partition-young,SERVE,n0/bundle,True,0,0.01518299995950656
case-13,grant_revocation,public-lock,1,signed-index,main,False,True,34888,34834,0,0,2.4847990000012032,False,True,14,2,partition-expired,SERVE,n0/bundle,True,0,0.01527299997405862
case-13,grant_revocation,public-lock,1,signed-index,main,False,True,35141,35087,0,0,2.6209039999685046,False,True,27,2,recovered,SERVE,n0/bundle,True,0,0.01710600002979845
case-13,grant_revocation,public-lock,1,transparency-only,main,True,False,34888,34834,0,0,4.194351999956325,True,False,1,2,base,SERVE,n0/bundle,True,0,0.039979999996830884
case-13,grant_revocation,public-lock,1,transparency-only,main,True,False,34888,34834,0,0,3.284110999970835,False,True,4,2,partition-young,SERVE,n0/bundle,True,0,0.03599399997256114
case-13,grant_revocation,public-lock,1,transparency-only,main,False,True,34888,34834,0,0,2.944571000000451,False,True,14,2,partition-expired,SERVE,n0/bundle,True,0,0.03270900003826682
case-13,grant_revocation,public-lock,1,transparency-only,main,False,True,35141,35087,0,0,2.6369180000074266,False,True,27,2,recovered,SERVE,n0/bundle,True,0,0.034392000031857606
case-13,grant_revocation,public-lock,1,root-only,main,True,False,35539,34834,62,0,27.773550999995678,True,False,1,8,base,SERVE,n0/bundle,True,2,21.553251000000273
case-13,grant_revocation,public-lock,1,root-only,main,True,False,35539,34834,62,0,26.230098000041835,False,True,4,8,partition-young,SERVE,n0/bundle,True,2,20.762201000025016
case-13,grant_revocation,public-lock,1,root-only,main,False,True,35543,34835,62,0,25.180359000046337,False,True,14,8,partition-expired,SERVE,n0/bundle,True,2,20.6083990000252
case-13,grant_revocation,public-lock,1,root-only,main,False,False,35796,35088,2,0,25.380751000000146,False,False,27,8,recovered,CAPABILITY_REVOKED,n0/bundle,False,2,21.173970999996072
case-13,grant_revocation,public-lock,1,all-namespaces,main,True,False,52238,44364,62,0,53.57659499998135,True,False,1,74,base,SERVE,n0/bundle,True,2,28.127112000049692
case-13,grant_revocation,public-lock,1,all-namespaces,main,True,False,46909,44364,62,10,43.59235300000819,False,True,4,34,partition-young,SERVE,n0/bundle,True,2,27.894381999999496
case-13,grant_revocation,public-lock,1,all-namespaces,main,False,False,46917,44366,62,10,45.2492659999848,False,False,14,34,partition-expired,EXPIRED,n0/bundle,False,2,28.819744000031733
case-13,grant_revocation,public-lock,1,all-namespaces,main,False,False,52539,44629,2,0,52.00037500003418,False,False,27,74,recovered,CAPABILITY_REVOKED,n0/bundle,False,2,28.913966999994045
case-13,grant_revocation,public-lock,1,scoped,main,True,False,39179,34834,62,0,32.10258500001828,True,False,1,18,base,SERVE,n0/bundle,True,2,21.014439999987644
case-13,grant_revocation,public-lock,1,scoped,main,True,False,38644,34834,62,1,31.613027999981114,False,True,4,14,partition-young,SERVE,n0/bundle,True,2,22.435959000006278
case-13,grant_revocation,public-lock,1,scoped,main,False,False,38648,34835,62,1,30.624920999969163,False,False,14,14,partition-expired,EXPIRED,n0/bundle,False,2,22.200935000000754
case-13,grant_revocation,public-lock,1,scoped,main,False,False,39440,35089,2,0,30.828207000013208,False,False,27,18,recovered,CAPABILITY_REVOKED,n0/bundle,False,2,21.707382999977654
case-13,grant_revocation,public-lock,1,status-proof,main,True,False,18280,15292,62,0,6.788814999993065,True,False,1,6,base,SERVE,n0/bundle,True,2,0.6505389999915678
case-13,grant_revocation,public-lock,1,status-proof,main,True,False,1887,15292,62,1,5.687297999998009,False,True,4,4,partition-young,SERVE,n0/bundle,True,2,0.7660830000304486
case-13,grant_revocation,public-lock,1,status-proof,main,False,False,1889,15293,0,1,3.415039000003617,False,False,14,4,partition-expired,EXPIRED,n0/bundle,False,0,0.49847000002500863
case-13,grant_revocation,public-lock,1,status-proof,main,False,False,18345,15355,2,0,4.114742000012939,False,False,27,6,recovered,INVALID_OR_MISSING_STATUS,n0/bundle,False,2,0.5291670000246995
case-14,grant_revocation,public-lock,3,lww,main,True,False,36778,36724,0,0,5.828199000006862,True,False,1,2,base,SERVE,n0/bundle,True,0,0.01840800001673415
case-14,grant_revocation,public-lock,3,lww,main,True,False,36778,36724,0,0,3.8913649999585687,False,True,4,2,partition-young,SERVE,n0/bundle,True,0,0.015344000019013038
case-14,grant_revocation,public-lock,3,lww,main,False,True,36778,36724,0,0,2.889518000017688,False,True,14,2,partition-expired,SERVE,n0/bundle,True,0,0.015394000001833774
case-14,grant_revocation,public-lock,3,lww,main,False,True,37031,36977,0,0,3.2103700000334356,False,True,27,2,recovered,SERVE,n0/bundle,True,0,0.016283999968891294
case-14,grant_revocation,public-lock,3,signed-index,main,True,False,36778,36724,0,0,4.540201999986948,True,False,1,2,base,SERVE,n0/bundle,True,0,0.020350999989204865
case-14,grant_revocation,public-lock,3,signed-index,main,True,False,36778,36724,0,0,3.3656040000096255,False,True,4,2,partition-young,SERVE,n0/bundle,True,0,0.016635000008591305
case-14,grant_revocation,public-lock,3,signed-index,main,False,True,36778,36724,0,0,2.5621349999482845,False,True,14,2,partition-expired,SERVE,n0/bundle,True,0,0.015172000018992549
case-14,grant_revocation,public-lock,3,signed-index,main,False,True,37031,36977,0,0,3.2742969999617344,False,True,27,2,recovered,SERVE,n0/bundle,True,0,0.018336999971779733
case-14,grant_revocation,public-lock,3,transparency-only,main,True,False,36778,36724,0,0,4.410755999970206,True,False,1,2,base,SERVE,n0/bundle,True,0,0.03609399999504603
case-14,grant_revocation,public-lock,3,transparency-only,main,True,False,36778,36724,0,0,3.178944000012507,False,True,4,2,partition-young,SERVE,n0/bundle,True,0,0.033380999980181514
case-14,grant_revocation,public-lock,3,transparency-only,main,False,True,36778,36724,0,0,2.5559960000123283,False,True,14,2,partition-expired,SERVE,n0/bundle,True,0,0.032499000042207626
case-14,grant_revocation,public-lock,3,transparency-only,main,False,True,37031,36977,0,0,3.085072000033051,False,True,27,2,recovered,SERVE,n0/bundle,True,0,0.03547399995795786
case-14,grant_revocation,public-lock,3,root-only,main,True,False,37431,36724,62,0,29.642844000022706,True,False,1,8,base,SERVE,n0/bundle,True,4,22.886507000009715
case-14,grant_revocation,public-lock,3,root-only,main,True,False,37431,36724,62,0,28.88961000002155,False,True,4,8,partition-young,SERVE,n0/bundle,True,4,23.64284499998348
case-14,grant_revocation,public-lock,3,root-only,main,False,True,37435,36725,62,0,28.813806000016484,False,True,14,8,partition-expired,SERVE,n0/bundle,True,4,23.767383000006248
case-14,grant_revocation,public-lock,3,root-only,main,False,False,37688,36978,3,0,26.76169800002981,False,False,27,8,recovered,CAPABILITY_REVOKED,n0/bundle,False,3,22.462860000018736
case-14,grant_revocation,public-lock,3,all-namespaces,main,True,False,52256,44352,62,0,54.28716599999461,True,False,1,74,base,SERVE,n0/bundle,True,4,28.273333000015555
case-14,grant_revocation,public-lock,3,all-namespaces,main,True,False,46921,44352,62,10,44.44859200003748,False,True,4,34,partition-young,SERVE,n0/bundle,True,4,28.57522700003301
case-14,grant_revocation,public-lock,3,all-namespaces,main,False,False,46929,44354,62,10,46.15349700003435,False,False,14,34,partition-expired,EXPIRED,n0/bundle,False,4,28.976380999949924
case-14,grant_revocation,public-lock,3,all-namespaces,main,False,False,52557,44617,3,0,56.36871799998744,False,False,27,74,recovered,CAPABILITY_REVOKED,n0/bundle,False,3,28.020471999980145
case-14,grant_revocation,public-lock,3,scoped,main,True,False,42405,36724,62,0,35.89757499997859,True,False,1,30,base,SERVE,n0/bundle,True,4,22.135466999998243
case-14,grant_revocation,public-lock,3,scoped,main,True,False,40800,36724,62,3,32.961296999985734,False,True,4,18,partition-young,SERVE,n0/bundle,True,4,22.28171699999848
case-14,grant_revocation,public-lock,3,scoped,main,False,False,40804,36725,62,3,35.62705899997809,False,False,14,18,partition-expired,EXPIRED,n0/bundle,False,4,25.292807999960587
case-14,grant_revocation,public-lock,3,scoped,main,False,False,42674,36981,3,0,35.10644499999671,False,False,27,30,recovered,CAPABILITY_REVOKED,n0/bundle,False,3,22.701729999994313
case-14,grant_revocation,public-lock,3,status-proof,main,True,False,18692,15618,62,0,6.942906999995557,True,False,1,10,base,SERVE,n0/bundle,True,4,1.0416079999799877
case-14,grant_revocation,public-lock,3,status-proof,main,True,False,1897,15618,62,3,14.504395000017212,False,True,4,4,partition-young,SERVE,n0/bundle,True,4,11.499092999997629
case-14,grant_revocation,public-lock,3,status-proof,main,False,False,1899,15619,0,3,3.296200000022509,False,False,14,4,partition-expired,EXPIRED,n0/bundle,False,0,0.3861810000103105
case-14,grant_revocation,public-lock,3,status-proof,main,False,False,18721,15643,5,0,5.261616999973739,False,False,27,10,recovered,INVALID_OR_MISSING_STATUS,n0/bundle,False,3,0.8121419999724822
case-15,grant_revocation,public-lock,6,lww,main,True,False,39613,39559,0,0,6.940994000046885,True,False,1,2,base,SERVE,n0/bundle,True,0,0.021172000003844005
case-15,grant_revocation,public-lock,6,lww,main,True,False,39613,39559,0,0,3.443161000006967,False,True,4,2,partition-young,SERVE,n0/bundle,True,0,0.01757600000473758
case-15,grant_revocation,public-lock,6,lww,main,False,True,39613,39559,0,0,2.655226000001676,False,True,14,2,partition-expired,SERVE,n0/bundle,True,0,0.015883999992638564
case-15,grant_revocation,public-lock,6,lww,main,False,True,39866,39812,0,0,3.0475259999889204,False,True,27,2,recovered,SERVE,n0/bundle,True,0,0.03851799999665673
case-15,grant_revocation,public-lock,6,signed-index,main,True,False,39613,39559,0,0,5.910443999994186,True,False,1,2,base,SERVE,n0/bundle,True,0,0.019518999977208296
case-15,grant_revocation,public-lock,6,signed-index,main,True,False,39613,39559,0,0,3.3513330000118913,False,True,4,2,partition-young,SERVE,n0/bundle,True,0,0.018047000025944726
case-15,grant_revocation,public-lock,6,signed-index,main,False,True,39613,39559,0,0,2.7945749999958025,False,True,14,2,partition-expired,SERVE,n0/bundle,True,0,0.01576400001113143
case-15,grant_revocation,public-lock,6,signed-index,main,False,True,39866,39812,0,0,3.074876999960452,False,True,27,2,recovered,SERVE,n0/bundle,True,0,0.020090000020900334
case-15,grant_revocation,public-lock,6,transparency-only,main,True,False,39613,39559,0,0,4.599129999974139,True,False,1,2,base,SERVE,n0/bundle,True,0,0.03832800001646319
case-15,grant_revocation,public-lock,6,transparency-only,main,True,False,39613,39559,0,0,3.225853999992978,False,True,4,2,partition-young,SERVE,n0/bundle,True,0,0.03508200001078876
case-15,grant_revocation,public-lock,6,transparency-only,main,False,True,39613,39559,0,0,2.9577999999901294,False,True,14,2,partition-expired,SERVE,n0/bundle,True,0,0.034691999985625444
case-15,grant_revocation,public-lock,6,transparency-only,main,False,True,39866,39812,0,0,3.189508999980717,False,True,27,2,recovered,SERVE,n0/bundle,True,0,0.03716600002690029
case-15,grant_revocation,public-lock,6,root-only,main,True,False,40269,39559,62,0,31.465706000005866,True,False,1,8,base,SERVE,n0/bundle,True,7,25.143193999952018
case-15,grant_revocation,public-lock,6,root-only,main,True,False,40269,39559,62,0,29.121259000021382,False,True,4,8,partition-young,SERVE,n0/bundle,True,7,24.05475599999818
case-15,grant_revocation,public-lock,6,root-only,main,False,True,40273,39560,62,0,29.598727000006875,False,True,14,8,partition-expired,SERVE,n0/bundle,True,7,24.604012999986935
case-15,grant_revocation,public-lock,6,root-only,main,False,False,40526,39813,3,0,29.05653200002689,False,False,27,8,recovered,CAPABILITY_REVOKED,n0/bundle,False,3,24.75023199997395
case-15,grant_revocation,public-lock,6,all-namespaces,main,True,False,52283,44334,62,0,52.582790999963436,True,False,1,74,base,SERVE,n0/bundle,True,7,28.339792999986457
case-15,grant_revocation,public-lock,6,all-namespaces,main,True,False,46942,44334,62,10,41.95005299999366,False,True,4,34,partition-young,SERVE,n0/bundle,True,7,27.266618000055587
case-15,grant_revocation,public-lock,6,all-namespaces,main,False,False,46950,44336,62,10,41.890942999998515,False,False,14,34,partition-expired,EXPIRED,n0/bundle,False,7,27.35286800003678
case-15,grant_revocation,public-lock,6,all-namespaces,main,False,False,52584,44599,3,0,50.77402000000575,False,False,27,74,recovered,CAPABILITY_REVOKED,n0/bundle,False,3,27.734221999992315
case-15,grant_revocation,public-lock,6,scoped,main,True,False,47259,39559,62,0,44.296201999998175,True,False,1,48,base,SERVE,n0/bundle,True,7,25.124023999978817
case-15,grant_revocation,public-lock,6,scoped,main,True,False,44584,39559,62,5,38.24500700000044,False,True,4,28,partition-young,SERVE,n0/bundle,True,7,24.5606359999897
case-15,grant_revocation,public-lock,6,scoped,main,False,False,44592,39561,62,5,38.67017699997177,False,False,14,28,partition-expired,EXPIRED,n0/bundle,False,7,25.511136000034185
case-15,grant_revocation,public-lock,6,scoped,main,False,False,47540,39819,3,0,41.747958000030394,False,False,27,48,recovered,CAPABILITY_REVOKED,n0/bundle,False,3,24.70668600000181
case-15,grant_revocation,public-lock,6,status-proof,main,True,False,19310,16107,62,0,8.309924000002411,True,False,1,16,base,SERVE,n0/bundle,True,7,1.396982000017033
case-15,grant_revocation,public-lock,6,status-proof,main,True,False,4674,16107,62,5,4.6758160000308635,False,True,4,6,partition-young,SERVE,n0/bundle,True,7,1.4872680000053151
case-15,grant_revocation,public-lock,6,status-proof,main,False,False,4678,16109,0,5,2.859591999992972,False,False,14,6,partition-expired,EXPIRED,n0/bundle,False,0,0.4061209999690618
case-15,grant_revocation,public-lock,6,status-proof,main,False,False,19335,16125,5,0,7.064140000011321,False,False,27,16,recovered,INVALID_OR_MISSING_STATUS,n0/bundle,False,4,1.5201870000396411
case-16,grant_revocation,generated,1,lww,main,True,False,65982,65928,0,0,10.144735000039873,True,False,1,2,base,SERVE,n0/bundle,True,0,0.02492800001618889
case-16,grant_revocation,generated,1,lww,main,True,False,65982,65928,0,0,6.501323000009052,False,True,4,2,partition-young,SERVE,n0/bundle,True,0,0.02409699999361692
case-16,grant_revocation,generated,1,lww,main,False,True,65982,65928,0,0,4.47497300001487,False,True,14,2,partition-expired,SERVE,n0/bundle,True,0,0.02459699999235454
case-16,grant_revocation,generated,1,lww,main,False,True,66236,66182,0,0,5.351812000014888,False,True,27,2,recovered,SERVE,n0/bundle,True,0,0.02707100003362939
case-16,grant_revocation,generated,1,signed-index,main,True,False,65982,65928,0,0,10.821343000031902,True,False,1,2,base,SERVE,n0/bundle,True,0,0.02698000002965273
case-16,grant_revocation,generated,1,signed-index,main,True,False,65982,65928,0,0,6.376735000003464,False,True,4,2,partition-young,SERVE,n0/bundle,True,0,0.02491699996198804
case-16,grant_revocation,generated,1,signed-index,main,False,True,65982,65928,0,0,4.72402799999827,False,True,14,2,partition-expired,SERVE,n0/bundle,True,0,0.02402600000550592
case-16,grant_revocation,generated,1,signed-index,main,False,True,66236,66182,0,0,4.630086000020128,False,True,27,2,recovered,SERVE,n0/bundle,True,0,0.02706099996885314
case-16,grant_revocation,generated,1,transparency-only,main,True,False,65982,65928,0,0,10.58826199999885,True,False,1,2,base,SERVE,n0/bundle,True,0,0.059869999972761434
case-16,grant_revocation,generated,1,transparency-only,main,True,False,65982,65928,0,0,6.538007000017387,False,True,4,2,partition-young,SERVE,n0/bundle,True,0,0.05906799998456336
case-16,grant_revocation,generated,1,transparency-only,main,False,True,65982,65928,0,0,4.58986600000344,False,True,14,2,partition-expired,SERVE,n0/bundle,True,0,0.052960000004986796
case-16,grant_revocation,generated,1,transparency-only,main,False,True,66236,66182,0,0,7.392223000010745,False,True,27,2,recovered,SERVE,n0/bundle,True,0,0.058487999979206506
case-16,grant_revocation,generated,1,root-only,main,True,False,66634,65928,130,0,58.10272099995473,True,False,1,8,base,SERVE,n0/bundle,True,2,45.16192500000216
case-16,grant_revocation,generated,1,root-only,main,True,False,66634,65928,130,0,52.13795199995275,False,True,4,8,partition-young,SERVE,n0/bundle,True,2,43.12891600000057
case-16,grant_revocation,generated,1,root-only,main,False,True,66638,65929,130,0,51.28610000002709,False,True,14,8,partition-expired,SERVE,n0/bundle,True,2,44.00767800001404
case-16,grant_revocation,generated,1,root-only,main,False,False,66892,66183,2,0,48.82848199997625,False,False,27,8,recovered,CAPABILITY_REVOKED,n0/bundle,False,2,41.87337700000171
case-16,grant_revocation,generated,1,all-namespaces,main,True,False,83347,75458,130,0,85.31517300002633,True,False,1,74,base,SERVE,n0/bundle,True,2,49.77328300003592
case-16,grant_revocation,generated,1,all-namespaces,main,True,False,78015,75458,130,10,73.70627500000637,False,True,4,34,partition-young,SERVE,n0/bundle,True,2,49.962607999987085
case-16,grant_revocation,generated,1,all-namespaces,main,False,False,78023,75460,130,10,79.41341200000807,False,False,14,34,partition-expired,EXPIRED,n0/bundle,False,2,54.414387000008446
case-16,grant_revocation,generated,1,all-namespaces,main,False,False,83649,75724,2,0,86.40655100003869,False,False,27,74,recovered,CAPABILITY_REVOKED,n0/bundle,False,2,58.824367999989136
case-16,grant_revocation,generated,1,scoped,main,True,False,71064,65928,130,0,64.02760999998236,True,False,1,18,base,SERVE,n0/bundle,True,2,44.867941000006795
case-16,grant_revocation,generated,1,scoped,main,True,False,70526,65928,130,1,71.40841000000364,False,True,4,14,partition-young,SERVE,n0/bundle,True,2,54.6932839999954
case-16,grant_revocation,generated,1,scoped,main,False,False,70530,65929,130,1,70.36113899999918,False,False,14,14,partition-expired,EXPIRED,n0/bundle,False,2,58.10157399997706
case-16,grant_revocation,generated,1,scoped,main,False,False,71326,66184,2,0,71.50664399995321,False,False,27,18,recovered,CAPABILITY_REVOKED,n0/bundle,False,2,56.51170099997671
case-16,grant_revocation,generated,1,status-proof,main,True,False,29305,25531,130,0,14.855102000012721,True,False,1,6,base,SERVE,n0/bundle,True,2,0.8900889999949868
case-16,grant_revocation,generated,1,status-proof,main,True,False,2269,25531,130,1,6.348703000014666,False,True,4,4,partition-young,SERVE,n0/bundle,True,2,0.9482970000362911
case-16,grant_revocation,generated,1,status-proof,main,False,False,2271,25532,0,1,3.9191070000015316,False,False,14,4,partition-expired,EXPIRED,n0/bundle,False,0,0.5347649999976056
case-16,grant_revocation,generated,1,status-proof,main,False,False,29438,25662,2,0,8.978310000031797,False,False,27,6,recovered,INVALID_OR_MISSING_STATUS,n0/bundle,False,2,0.580282999976589
case-17,grant_revocation,generated,3,lww,main,True,False,67839,67785,0,0,10.923466000008375,True,False,1,2,base,SERVE,n0/bundle,True,0,0.031087000024854206
case-17,grant_revocation,generated,3,lww,main,True,False,67839,67785,0,0,6.614551999973628,False,True,4,2,partition-young,SERVE,n0/bundle,True,0,0.026639999987310148
case-17,grant_revocation,generated,3,lww,main,False,True,67839,67785,0,0,4.626040000005105,False,True,14,2,partition-expired,SERVE,n0/bundle,True,0,0.02491700001883146
case-17,grant_revocation,generated,3,lww,main,False,True,68092,68038,0,0,5.0126719999639135,False,True,27,2,recovered,SERVE,n0/bundle,True,0,0.030264999963947048
case-17,grant_revocation,generated,3,signed-index,main,True,False,67839,67785,0,0,10.40927299999339,True,False,1,2,base,SERVE,n0/bundle,True,0,0.026620000028287905
case-17,grant_revocation,generated,3,signed-index,main,True,False,67839,67785,0,0,6.9820059999869954,False,True,4,2,partition-young,SERVE,n0/bundle,True,0,0.024816999996346567
case-17,grant_revocation,generated,3,signed-index,main,False,True,67839,67785,0,0,5.2188229999501345,False,True,14,2,partition-expired,SERVE,n0/bundle,True,0,0.025107999988449592
case-17,grant_revocation,generated,3,signed-index,main,False,True,68092,68038,0,0,4.983638999988216,False,True,27,2,recovered,SERVE,n0/bundle,True,0,0.02889400002459297
case-17,grant_revocation,generated,3,transparency-only,main,True,False,67839,67785,0,0,54.022696999993514,True,False,1,2,base,SERVE,n0/bundle,True,0,0.060391000033632736
case-17,grant_revocation,generated,3,transparency-only,main,True,False,67839,67785,0,0,6.405989000029422,False,True,4,2,partition-young,SERVE,n0/bundle,True,0,0.055093000014494464
case-17,grant_revocation,generated,3,transparency-only,main,False,True,67839,67785,0,0,4.444206999949074,False,True,14,2,partition-expired,SERVE,n0/bundle,True,0,0.052459000016824575
case-17,grant_revocation,generated,3,transparency-only,main,False,True,68092,68038,0,0,4.889857000023312,False,True,27,2,recovered,SERVE,n0/bundle,True,0,0.059049000014965713
case-17,grant_revocation,generated,3,root-only,main,True,False,68492,67785,130,0,61.680228999989595,True,False,1,8,base,SERVE,n0/bundle,True,4,48.30261099999689
case-17,grant_revocation,generated,3,root-only,main,True,False,68492,67785,130,0,59.36614799998097,False,True,4,8,partition-young,SERVE,n0/bundle,True,4,49.24982599999339
case-17,grant_revocation,generated,3,root-only,main,False,True,68496,67786,130,0,53.22955299999421,False,True,14,8,partition-expired,SERVE,n0/bundle,True,4,45.132419999958984
case-17,grant_revocation,generated,3,root-only,main,False,False,68749,68039,3,0,50.6351299999892,False,False,27,8,recovered,CAPABILITY_REVOKED,n0/bundle,False,3,43.9397060000033
case-17,grant_revocation,generated,3,all-namespaces,main,True,False,83317,75413,130,0,85.18389599998955,True,False,1,74,base,SERVE,n0/bundle,True,4,49.92693499997358
case-17,grant_revocation,generated,3,all-namespaces,main,True,False,77982,75413,130,10,72.95567599999231,False,True,4,34,partition-young,SERVE,n0/bundle,True,4,49.25720699998237
case-17,grant_revocation,generated,3,all-namespaces,main,False,False,77990,75415,130,10,69.00304800001322,False,False,14,34,partition-expired,EXPIRED,n0/bundle,False,4,48.137300999997024
case-17,grant_revocation,generated,3,all-namespaces,main,False,False,83618,75678,3,0,79.8874660000024,False,False,27,74,recovered,CAPABILITY_REVOKED,n0/bundle,False,3,50.695039999993696
case-17,grant_revocation,generated,3,scoped,main,True,False,74252,67785,130,0,101.7198669999857,True,False,1,30,base,SERVE,n0/bundle,True,4,69.31257399998003
case-17,grant_revocation,generated,3,scoped,main,True,False,72647,67785,130,3,67.25584900004833,False,True,4,18,partition-young,SERVE,n0/bundle,True,4,48.47503000002007
case-17,grant_revocation,generated,3,scoped,main,False,False,72651,67786,130,3,66.70559100001583,False,False,14,18,partition-expired,EXPIRED,n0/bundle,False,4,51.053549000016574
case-17,grant_revocation,generated,3,scoped,main,False,False,74521,68042,3,0,67.09033999999292,False,False,27,30,recovered,CAPABILITY_REVOKED,n0/bundle,False,3,48.321409000038784
case-17,grant_revocation,generated,3,status-proof,main,True,False,29716,25856,130,0,14.277714000002106,True,False,1,10,base,SERVE,n0/bundle,True,4,1.2310329999536407
case-17,grant_revocation,generated,3,status-proof,main,True,False,2279,25856,130,3,7.13355400000637,False,True,4,4,partition-young,SERVE,n0/bundle,True,4,1.2265659999570744
case-17,grant_revocation,generated,3,status-proof,main,False,False,2281,25857,0,3,6.313499000043521,False,False,14,4,partition-expired,EXPIRED,n0/bundle,False,0,0.45711800004255565
case-17,grant_revocation,generated,3,status-proof,main,False,False,29767,25903,7,0,11.435026000015114,False,False,27,10,recovered,INVALID_OR_MISSING_STATUS,n0/bundle,False,4,1.1877569999683146
case-18,grant_revocation,generated,6,lww,main,True,False,70674,70620,0,0,9.949189999986174,True,False,1,2,base,SERVE,n0/bundle,True,0,0.027871999975559447
case-18,grant_revocation,generated,6,lww,main,True,False,70674,70620,0,0,7.095536999997876,False,True,4,2,partition-young,SERVE,n0/bundle,True,0,0.02607900000839436
case-18,grant_revocation,generated,6,lww,main,False,True,70674,70620,0,0,5.03042899998718,False,True,14,2,partition-expired,SERVE,n0/bundle,True,0,0.024487000018780236
case-18,grant_revocation,generated,6,lww,main,False,True,70927,70873,0,0,5.344121999996787,False,True,27,2,recovered,SERVE,n0/bundle,True,0,0.027301000045554247
case-18,grant_revocation,generated,6,signed-index,main,True,False,70674,70620,0,0,14.64757000002237,True,False,1,2,base,SERVE,n0/bundle,True,0,0.029944999994313548
case-18,grant_revocation,generated,6,signed-index,main,True,False,70674,70620,0,0,8.34474600003432,False,True,4,2,partition-young,SERVE,n0/bundle,True,0,0.027260999956979504
case-18,grant_revocation,generated,6,signed-index,main,False,True,70674,70620,0,0,5.056708999973125,False,True,14,2,partition-expired,SERVE,n0/bundle,True,0,0.025147999963337497
case-18,grant_revocation,generated,6,signed-index,main,False,True,70927,70873,0,0,6.534092000038072,False,True,27,2,recovered,SERVE,n0/bundle,True,0,0.026790000049459195
case-18,grant_revocation,generated,6,transparency-only,main,True,False,70674,70620,0,0,10.797667000019828,True,False,1,2,base,SERVE,n0/bundle,True,0,0.060300999962237256
case-18,grant_revocation,generated,6,transparency-only,main,True,False,70674,70620,0,0,6.6772079999850575,False,True,4,2,partition-young,SERVE,n0/bundle,True,0,0.05602400000270791
case-18,grant_revocation,generated,6,transparency-only,main,False,True,70674,70620,0,0,5.014645000017026,False,True,14,2,partition-expired,SERVE,n0/bundle,True,0,0.07298000002720073
case-18,grant_revocation,generated,6,transparency-only,main,False,True,70927,70873,0,0,5.158721999976024,False,True,27,2,recovered,SERVE,n0/bundle,True,0,0.05727600000682287
case-18,grant_revocation,generated,6,root-only,main,True,False,71330,70620,130,0,58.38800600002969,True,False,1,8,base,SERVE,n0/bundle,True,7,45.93164199997091
case-18,grant_revocation,generated,6,root-only,main,True,False,71330,70620,130,0,56.41674899999316,False,True,4,8,partition-young,SERVE,n0/bundle,True,7,47.40000300000702
case-18,grant_revocation,generated,6,root-only,main,False,True,71334,70621,130,0,56.07299199999716,False,True,14,8,partition-expired,SERVE,n0/bundle,True,7,46.82588800000076
case-18,grant_revocation,generated,6,root-only,main,False,False,71587,70874,3,0,55.20261300000584,False,False,27,8,recovered,CAPABILITY_REVOKED,n0/bundle,False,3,47.33412299998463
case-18,grant_revocation,generated,6,all-namespaces,main,True,False,83344,75395,130,0,94.59575699997913,True,False,1,74,base,SERVE,n0/bundle,True,7,56.33428499999127
case-18,grant_revocation,generated,6,all-namespaces,main,True,False,78003,75395,130,10,85.75209000002815,False,True,4,34,partition-young,SERVE,n0/bundle,True,7,59.13564999997334
case-18,grant_revocation,generated,6,all-namespaces,main,False,False,78011,75397,130,10,80.42164400001184,False,False,14,34,partition-expired,EXPIRED,n0/bundle,False,7,56.201480000027004
case-18,grant_revocation,generated,6,all-namespaces,main,False,False,83645,75660,3,0,81.20687100000623,False,False,27,74,recovered,CAPABILITY_REVOKED,n0/bundle,False,3,50.68491500003347
case-18,grant_revocation,generated,6,scoped,main,True,False,79106,70620,130,0,80.49707300000364,True,False,1,48,base,SERVE,n0/bundle,True,7,51.17435100004286
case-18,grant_revocation,generated,6,scoped,main,True,False,76431,70620,130,5,68.46036100000674,False,True,4,28,partition-young,SERVE,n0/bundle,True,7,46.87920799995027
case-18,grant_revocation,generated,6,scoped,main,False,False,76439,70622,130,5,68.4245580000038,False,False,14,28,partition-expired,EXPIRED,n0/bundle,False,7,48.143100000004324
case-18,grant_revocation,generated,6,scoped,main,False,False,79387,70880,3,0,69.54118800001652,False,False,27,48,recovered,CAPABILITY_REVOKED,n0/bundle,False,3,46.598385999971015
case-18,grant_revocation,generated,6,status-proof,main,True,False,30334,26345,130,0,14.415711000026477,True,False,1,16,base,SERVE,n0/bundle,True,7,2.248553000015363
case-18,grant_revocation,generated,6,status-proof,main,True,False,6851,26345,130,5,7.4555880000275465,False,True,4,6,partition-young,SERVE,n0/bundle,True,7,1.6227710000293882
case-18,grant_revocation,generated,6,status-proof,main,False,False,6855,26347,0,5,4.016113000034238,False,False,14,6,partition-expired,EXPIRED,n0/bundle,False,0,0.3907480000293617
case-18,grant_revocation,generated,6,status-proof,main,False,False,30370,26374,12,0,8.498857999995835,False,False,27,16,recovered,INVALID_OR_MISSING_STATUS,n0/bundle,False,7,1.556612000001678
case-19,transfer,public-lock,1,lww,main,True,False,34888,34834,0,0,4.201982000040516,True,False,1,2,base,SERVE,n0/bundle,True,0,0.01716600002055202
case-19,transfer,public-lock,1,lww,main,True,False,34888,34834,0,0,4.339720000018588,True,False,4,2,partition-young,SERVE,n0/bundle,True,0,0.015772999972796242
case-19,transfer,public-lock,1,lww,main,True,False,34888,34834,0,0,5.43417699998372,True,False,14,2,partition-expired,SERVE,n0/bundle,True,0,0.01427099999773418
case-19,transfer,public-lock,1,lww,main,True,False,35927,35873,0,0,7.978804999993372,True,False,27,2,recovered,SERVE,n0/bundle,True,0,0.016734999974232778
case-19,transfer,public-lock,1,lww,probe,False,False,34525,34456,0,0,6.440730999997868,False,False,27,2,transfer-probe,MISSING_OR_ROOT_REVOKED,n1/old-grant-publication,False,0,0.015292999989924283
case-19,transfer,public-lock,1,lww,probe,True,False,34525,34456,0,0,4.593110999962846,True,False,27,2,transfer-probe,SERVE,n1/new-owner-publication,True,0,0.014722000003075664
case-19,transfer,public-lock,1,signed-index,main,True,False,34888,34834,0,0,4.149603999962892,True,False,1,2,base,SERVE,n0/bundle,True,0,0.016705000007277704
case-19,transfer,public-lock,1,signed-index,main,True,False,34888,34834,0,0,4.317227000001367,True,False,4,2,partition-young,SERVE,n0/bundle,True,0,0.014802000009694893
case-19,transfer,public-lock,1,signed-index,main,True,False,34888,34834,0,0,4.661834999978964,True,False,14,2,partition-expired,SERVE,n0/bundle,True,0,0.013319999993655074
case-19,transfer,public-lock,1,signed-index,main,True,False,35927,35873,0,0,5.871214000023883,True,False,27,2,recovered,SERVE,n0/bundle,True,0,0.016716000004635134
case-19,transfer,public-lock,1,signed-index,probe,False,False,34525,34456,0,0,2.4726810000288424,False,False,27,2,transfer-probe,MISSING_OR_ROOT_REVOKED,n1/old-grant-publication,False,0,0.01502300000311152
case-19,transfer,public-lock,1,signed-index,probe,True,False,34525,34456,0,0,2.374302000021089,True,False,27,2,transfer-probe,SERVE,n1/new-owner-publication,True,0,0.015963999999257794
case-19,transfer,public-lock,1,transparency-only,main,True,False,34888,34834,0,0,4.521512999986044,True,False,1,2,base,SERVE,n0/bundle,True,0,0.037586000019018684
case-19,transfer,public-lock,1,transparency-only,main,True,False,34888,34834,0,0,4.074601000013445,True,False,4,2,partition-young,SERVE,n0/bundle,True,0,0.033070000029056246
case-19,transfer,public-lock,1,transparency-only,main,True,False,34888,34834,0,0,4.868074999990313,True,False,14,2,partition-expired,SERVE,n0/bundle,True,0,0.032078000003821217
case-19,transfer,public-lock,1,transparency-only,main,True,False,35927,35873,0,0,5.539716000043882,True,False,27,2,recovered,SERVE,n0/bundle,True,0,0.03575400000954687
case-19,transfer,public-lock,1,transparency-only,probe,False,False,34525,34456,0,0,3.3177219999629415,False,False,27,2,transfer-probe,MISSING_OR_ROOT_REVOKED,n1/old-grant-publication,False,0,0.015623000024334033
case-19,transfer,public-lock,1,transparency-only,probe,True,False,34525,34456,0,0,2.5339230000440693,True,False,27,2,transfer-probe,SERVE,n1/new-owner-publication,True,0,0.021091999997224775
case-19,transfer,public-lock,1,root-only,main,True,False,35539,34834,62,0,30.681285000014213,True,False,1,8,base,SERVE,n0/bundle,True,2,24.10217700003159
case-19,transfer,public-lock,1,root-only,main,True,False,35539,34834,62,0,36.15808600000037,True,False,4,8,partition-young,SERVE,n0/bundle,True,2,30.110606999983247
case-19,transfer,public-lock,1,root-only,main,True,False,35543,34835,62,0,31.550093000021207,True,False,14,8,partition-expired,SERVE,n0/bundle,True,2,24.4063939999819
case-19,transfer,public-lock,1,root-only,main,True,False,36582,35874,62,0,32.345400999986396,True,False,27,8,recovered,SERVE,n0/bundle,True,2,24.67489899999009
case-19,transfer,public-lock,1,root-only,probe,False,False,35183,34457,1,0,58.491941999989194,False,False,27,8,transfer-probe,MISSING_DEPENDENCY,n1/old-grant-publication,False,1,53.87700900001846
case-19,transfer,public-lock,1,root-only,probe,True,False,35183,34457,1,0,25.84193399997048,True,False,27,8,transfer-probe,SERVE,n1/new-owner-publication,True,1,20.7196570000292
case-19,transfer,public-lock,1,all-namespaces,main,True,False,52238,44364,62,0,61.271795000038765,True,False,1,74,base,SERVE,n0/bundle,True,2,32.711720999998306
case-19,transfer,public-lock,1,all-namespaces,main,True,False,46909,44364,62,10,47.1054089999825,True,False,4,34,partition-young,SERVE,n0/bundle,True,2,29.77824699996745
case-19,transfer,public-lock,1,all-namespaces,main,True,False,46917,44366,62,10,45.842299000014464,True,False,14,34,partition-expired,EXPIRED,n0/bundle,False,2,29.292545999965114
case-19,transfer,public-lock,1,all-namespaces,main,True,False,53325,45415,62,0,57.88023700000622,True,False,27,74,recovered,SERVE,n0/bundle,True,2,31.20110800000475
case-19,transfer,public-lock,1,all-namespaces,probe,False,False,53355,45430,1,0,50.54746799999066,False,False,27,74,transfer-probe,MISSING_DEPENDENCY,n1/old-grant-publication,False,1,27.368921999993745
case-19,transfer,public-lock,1,all-namespaces,probe,True,False,53355,45430,1,0,56.63390600000184,True,False,27,74,transfer-probe,SERVE,n1/new-owner-publication,True,1,27.220768999995926
case-19,transfer,public-lock,1,scoped,main,True,False,39179,34834,62,0,33.40037700002085,True,False,1,18,base,SERVE,n0/bundle,True,2,21.790928000029908
case-19,transfer,public-lock,1,scoped,main,True,False,38644,34834,62,1,32.950470999992376,True,False,4,14,partition-young,SERVE,n0/bundle,True,2,22.95783400001028
case-19,transfer,public-lock,1,scoped,main,True,False,38648,34835,62,1,35.59846500002095,True,False,14,14,partition-expired,EXPIRED,n0/bundle,False,2,24.102547000040886
case-19,transfer,public-lock,1,scoped,main,True,False,40226,35875,62,0,36.71123899999884,True,False,27,18,recovered,SERVE,n0/bundle,True,2,23.343664999970315
case-19,transfer,public-lock,1,scoped,probe,False,False,35403,34457,1,0,29.280077000009896,False,False,27,12,transfer-probe,MISSING_DEPENDENCY,n1/old-grant-publication,False,1,22.1613559999696
case-19,transfer,public-lock,1,scoped,probe,True,False,35403,34457,1,0,28.976050000039777,True,False,27,12,transfer-probe,SERVE,n1/new-owner-publication,True,1,21.954063999999107
case-19,transfer,public-lock,1,status-proof,main,True,False,18280,15292,62,0,6.173859000000448,True,False,1,6,base,SERVE,n0/bundle,True,2,0.6598429999939981
case-19,transfer,public-lock,1,status-proof,main,True,False,1887,15292,62,1,4.395953999960511,True,False,4,4,partition-young,SERVE,n0/bundle,True,2,0.7521910000036769
case-19,transfer,public-lock,1,status-proof,main,True,False,1889,15293,0,1,3.7588149999692178,True,False,14,4,partition-expired,EXPIRED,n0/bundle,False,0,0.44143400003804345
case-19,transfer,public-lock,1,status-proof,main,True,False,18284,15294,62,0,6.463635999978123,True,False,27,6,recovered,SERVE,n0/bundle,True,2,0.6384609999940949
case-19,transfer,public-lock,1,status-proof,probe,False,False,405,230,1,0,1.9854770000051758,False,False,27,4,transfer-probe,INVALID_OR_MISSING_STATUS,n1/old-grant-publication,False,1,0.16784199999619887
case-19,transfer,public-lock,1,status-proof,probe,True,False,548,373,1,0,2.02981499995758,True,False,27,4,transfer-probe,SERVE,n1/new-owner-publication,True,1,0.17581500003416295
case-20,transfer,public-lock,3,lww,main,True,False,36778,36724,0,0,6.680703000029098,True,False,1,2,base,SERVE,n0/bundle,True,0,0.018188000012742123
case-20,transfer,public-lock,3,lww,main,True,False,36778,36724,0,0,4.7260409999694275,True,False,4,2,partition-young,SERVE,n0/bundle,True,0,0.01592399996752647
case-20,transfer,public-lock,3,lww,main,True,False,36778,36724,0,0,4.872170999988157,True,False,14,2,partition-expired,SERVE,n0/bundle,True,0,0.01526299996612579
case-20,transfer,public-lock,3,lww,main,True,False,37817,37763,0,0,5.714678999993339,True,False,27,2,recovered,SERVE,n0/bundle,True,0,0.018879000037941296
case-20,transfer,public-lock,3,lww,probe,False,False,13104,13035,0,0,2.0025529999543323,False,False,27,2,transfer-probe,MISSING_OR_ROOT_REVOKED,n1/old-grant-publication,False,0,0.0076110000009066425
case-20,transfer,public-lock,3,lww,probe,True,False,13104,13035,0,0,2.078127000004315,True,False,27,2,transfer-probe,SERVE,n1/new-owner-publication,True,0,0.007229999994251557
case-20,transfer,public-lock,3,signed-index,main,True,False,36778,36724,0,0,4.36947399998644,True,False,1,2,base,SERVE,n0/bundle,True,0,0.016694999999344873
case-20,transfer,public-lock,3,signed-index,main,True,False,36778,36724,0,0,4.52384800001937,True,False,4,2,partition-young,SERVE,n0/bundle,True,0,0.015383000004476344
case-20,transfer,public-lock,3,signed-index,main,True,False,36778,36724,0,0,4.612210000004779,True,False,14,2,partition-expired,SERVE,n0/bundle,True,0,0.014732000011008495
case-20,transfer,public-lock,3,signed-index,main,True,False,37817,37763,0,0,4.927364000025136,True,False,27,2,recovered,SERVE,n0/bundle,True,0,0.01602399999001136
case-20,transfer,public-lock,3,signed-index,probe,False,False,13104,13035,0,0,1.871445999995558,False,False,27,2,transfer-probe,MISSING_OR_ROOT_REVOKED,n1/old-grant-publication,False,0,0.021973000002617482
case-20,transfer,public-lock,3,signed-index,probe,True,False,13104,13035,0,0,1.714178999975502,True,False,27,2,transfer-probe,SERVE,n1/new-owner-publication,True,0,0.007641999957286316
case-20,transfer,public-lock,3,transparency-only,main,True,False,36778,36724,0,0,4.496495999944727,True,False,1,2,base,SERVE,n0/bundle,True,0,0.03547400001480128
case-20,transfer,public-lock,3,transparency-only,main,True,False,36778,36724,0,0,4.380201000003581,True,False,4,2,partition-young,SERVE,n0/bundle,True,0,0.03375099998947917
case-20,transfer,public-lock,3,transparency-only,main,True,False,36778,36724,0,0,4.950899999982994,True,False,14,2,partition-expired,SERVE,n0/bundle,True,0,0.032649999980094435
case-20,transfer,public-lock,3,transparency-only,main,True,False,37817,37763,0,0,5.321186999992733,True,False,27,2,recovered,SERVE,n0/bundle,True,0,0.03560400000424124
case-20,transfer,public-lock,3,transparency-only,probe,False,False,13104,13035,0,0,1.6652250000106505,False,False,27,2,transfer-probe,MISSING_OR_ROOT_REVOKED,n1/old-grant-publication,False,0,0.006901000006109825
case-20,transfer,public-lock,3,transparency-only,probe,True,False,13104,13035,0,0,1.6333279999685146,True,False,27,2,transfer-probe,SERVE,n1/new-owner-publication,True,0,0.007971999991696066
case-20,transfer,public-lock,3,root-only,main,True,False,37431,36724,62,0,31.595170999992206,True,False,1,8,base,SERVE,n0/bundle,True,4,25.106517000040185
case-20,transfer,public-lock,3,root-only,main,True,False,37431,36724,62,0,29.087888999981715,True,False,4,8,partition-young,SERVE,n0/bundle,True,4,22.72870900003454
case-20,transfer,public-lock,3,root-only,main,True,False,37435,36725,62,0,33.542330999978276,True,False,14,8,partition-expired,SERVE,n0/bundle,True,4,26.321666000001187
case-20,transfer,public-lock,3,root-only,main,True,False,38474,37764,62,0,30.425892000039312,True,False,27,8,recovered,SERVE,n0/bundle,True,4,23.692820999997366
case-20,transfer,public-lock,3,root-only,probe,False,False,13764,13036,1,0,12.713288999975703,False,False,27,8,transfer-probe,MISSING_DEPENDENCY,n1/old-grant-publication,False,1,8.437024999977893
case-20,transfer,public-lock,3,root-only,probe,True,False,13764,13036,1,0,11.874986999998782,True,False,27,8,transfer-probe,SERVE,n1/new-owner-publication,True,1,8.114338999973825
case-20,transfer,public-lock,3,all-namespaces,main,True,False,52256,44352,62,0,54.380626000011034,True,False,1,74,base,SERVE,n0/bundle,True,4,28.61779100004469
case-20,transfer,public-lock,3,all-namespaces,main,True,False,46921,44352,62,10,46.799537999959284,True,False,4,34,partition-young,SERVE,n0/bundle,True,4,28.948007999986203
case-20,transfer,public-lock,3,all-namespaces,main,True,False,46929,44354,62,10,45.293542000024445,True,False,14,34,partition-expired,EXPIRED,n0/bundle,False,4,28.908999000009317
case-20,transfer,public-lock,3,all-namespaces,main,True,False,53343,45403,62,0,58.455958000024566,True,False,27,74,recovered,SERVE,n0/bundle,True,4,31.84428599996636
case-20,transfer,public-lock,3,all-namespaces,probe,False,False,53373,45418,1,0,50.013864999982616,False,False,27,74,transfer-probe,MISSING_DEPENDENCY,n1/old-grant-publication,False,1,27.870196000037595
case-20,transfer,public-lock,3,all-namespaces,probe,True,False,53373,45418,1,0,51.83454399997345,True,False,27,74,transfer-probe,SERVE,n1/new-owner-publication,True,1,26.85029100001657
case-20,transfer,public-lock,3,scoped,main,True,False,42405,36724,62,0,38.50740100000394,True,False,1,30,base,SERVE,n0/bundle,True,4,25.52379500002644
case-20,transfer,public-lock,3,scoped,main,True,False,40800,36724,62,3,36.30743100001155,True,False,4,18,partition-young,SERVE,n0/bundle,True,4,25.304384999969898
case-20,transfer,public-lock,3,scoped,main,True,False,40804,36725,62,3,37.74367200003326,True,False,14,18,partition-expired,EXPIRED,n0/bundle,False,4,26.70690600001535
case-20,transfer,public-lock,3,scoped,main,True,False,43460,37767,62,0,35.55028199997423,True,False,27,30,recovered,SERVE,n0/bundle,True,4,22.191952000014226
case-20,transfer,public-lock,3,scoped,probe,False,False,13984,13036,1,0,13.600614999973004,False,False,27,12,transfer-probe,MISSING_DEPENDENCY,n1/old-grant-publication,False,1,7.6774129999535035
case-20,transfer,public-lock,3,scoped,probe,True,False,13984,13036,1,0,13.810709999972914,True,False,27,12,transfer-probe,SERVE,n1/new-owner-publication,True,1,7.903551999959291
case-20,transfer,public-lock,3,status-proof,main,True,False,18692,15618,62,0,6.757087000039519,True,False,1,10,base,SERVE,n0/bundle,True,4,0.9878859999616907
case-20,transfer,public-lock,3,status-proof,main,True,False,1897,15618,62,3,5.11719000002131,True,False,4,4,partition-young,SERVE,n0/bundle,True,4,1.1269659999584292
case-20,transfer,public-lock,3,status-proof,main,True,False,1899,15619,0,3,3.543611999987206,True,False,14,4,partition-expired,EXPIRED,n0/bundle,False,0,0.3605620000257659
case-20,transfer,public-lock,3,status-proof,main,True,False,18700,15622,62,0,7.6119340000104785,True,False,27,10,recovered,SERVE,n0/bundle,True,4,0.9892690000015136
case-20,transfer,public-lock,3,status-proof,probe,False,False,405,230,1,0,1.940009000009013,False,False,27,4,transfer-probe,INVALID_OR_MISSING_STATUS,n1/old-grant-publication,False,1,0.22279500001332053
case-20,transfer,public-lock,3,status-proof,probe,True,False,548,373,1,0,1.9681210000044302,True,False,27,4,transfer-probe,SERVE,n1/new-owner-publication,True,1,0.2242580000029193
case-21,transfer,public-lock,6,lww,main,True,False,39613,39559,0,0,5.6755589999966105,True,False,1,2,base,SERVE,n0/bundle,True,0,0.021403000005193462
case-21,transfer,public-lock,6,lww,main,True,False,39613,39559,0,0,4.335894000007556,True,False,4,2,partition-young,SERVE,n0/bundle,True,0,0.017475999982252688
case-21,transfer,public-lock,6,lww,main,True,False,39613,39559,0,0,4.718670999977803,True,False,14,2,partition-expired,SERVE,n0/bundle,True,0,0.01576400001113143
case-21,transfer,public-lock,6,lww,main,True,False,40652,40598,0,0,5.129597999996349,True,False,27,2,recovered,SERVE,n0/bundle,True,0,0.017647000049691997
case-21,transfer,public-lock,6,lww,probe,False,False,8058,7989,0,0,1.8227030000161903,False,False,27,2,transfer-probe,MISSING_OR_ROOT_REVOKED,n1/old-grant-publication,False,0,0.006159000008665316
case-21,transfer,public-lock,6,lww,probe,True,False,8058,7989,0,0,1.8947709999679319,True,False,27,2,transfer-probe,SERVE,n1/new-owner-publication,True,0,0.005647999955726846
case-21,transfer,public-lock,6,signed-index,main,True,False,39613,39559,0,0,4.720512999995208,True,False,1,2,base,SERVE,n0/bundle,True,0,0.017977000027258327
case-21,transfer,public-lock,6,signed-index,main,True,False,39613,39559,0,0,4.347530999950777,True,False,4,2,partition-young,SERVE,n0/bundle,True,0,0.016625000000658474
case-21,transfer,public-lock,6,signed-index,main,True,False,39613,39559,0,0,4.683766999960426,True,False,14,2,partition-expired,SERVE,n0/bundle,True,0,0.015463000011095573
case-21,transfer,public-lock,6,signed-index,main,True,False,40652,40598,0,0,5.972145999976419,True,False,27,2,recovered,SERVE,n0/bundle,True,0,0.019839999993109814
case-21,transfer,public-lock,6,signed-index,probe,False,False,8058,7989,0,0,1.717313999961334,False,False,27,2,transfer-probe,MISSING_OR_ROOT_REVOKED,n1/old-grant-publication,False,0,0.005878999957076303
case-21,transfer,public-lock,6,signed-index,probe,True,False,8058,7989,0,0,1.676181999982873,True,False,27,2,transfer-probe,SERVE,n1/new-owner-publication,True,0,0.006099000017911749
case-21,transfer,public-lock,6,transparency-only,main,True,False,39613,39559,0,0,4.854706000003262,True,False,1,2,base,SERVE,n0/bundle,True,0,0.03872800004955934
case-21,transfer,public-lock,6,transparency-only,main,True,False,39613,39559,0,0,7.616259999963404,True,False,4,2,partition-young,SERVE,n0/bundle,True,0,0.03554299996721966
case-21,transfer,public-lock,6,transparency-only,main,True,False,39613,39559,0,0,5.612114000030033,True,False,14,2,partition-expired,SERVE,n0/bundle,True,0,0.05415100002892359
case-21,transfer,public-lock,6,transparency-only,main,True,False,40652,40598,0,0,5.207455999993726,True,False,27,2,recovered,SERVE,n0/bundle,True,0,0.1801610000029541
case-21,transfer,public-lock,6,transparency-only,probe,False,False,8058,7989,0,0,1.5751799999748073,False,False,27,2,transfer-probe,MISSING_OR_ROOT_REVOKED,n1/old-grant-publication,False,0,0.005568000005951035
case-21,transfer,public-lock,6,transparency-only,probe,True,False,8058,7989,0,0,1.5081989999998768,True,False,27,2,transfer-probe,SERVE,n1/new-owner-publication,True,0,0.006128999984866823
case-21,transfer,public-lock,6,root-only,main,True,False,40269,39559,62,0,30.943530999991253,True,False,1,8,base,SERVE,n0/bundle,True,7,24.750271000016255
case-21,transfer,public-lock,6,root-only,main,True,False,40269,39559,62,0,30.48903700005212,True,False,4,8,partition-young,SERVE,n0/bundle,True,7,24.557391999962874
case-21,transfer,public-lock,6,root-only,main,True,False,40273,39560,62,0,31.28606600000694,True,False,14,8,partition-expired,SERVE,n0/bundle,True,7,24.374916999988727
case-21,transfer,public-lock,6,root-only,main,True,False,41312,40599,62,0,32.87349500004666,True,False,27,8,recovered,SERVE,n0/bundle,True,7,25.895243999968898
case-21,transfer,public-lock,6,root-only,probe,False,False,8721,7990,1,0,8.783676999996715,False,False,27,8,transfer-probe,MISSING_DEPENDENCY,n1/old-grant-publication,False,1,4.676005999954214
case-21,transfer,public-lock,6,root-only,probe,True,False,8721,7990,1,0,8.042251000006218,True,False,27,8,transfer-probe,SERVE,n1/new-owner-publication,True,1,4.793041000027642
case-21,transfer,public-lock,6,all-namespaces,main,True,False,52283,44334,62,0,52.22822799998994,True,False,1,74,base,SERVE,n0/bundle,True,7,27.44212299995752
case-21,transfer,public-lock,6,all-namespaces,main,True,False,46942,44334,62,10,47.22131399995533,True,False,4,34,partition-young,SERVE,n0/bundle,True,7,27.944327999989582
case-21,transfer,public-lock,6,all-namespaces,main,True,False,46950,44336,62,10,45.16930600004798,True,False,14,34,partition-expired,EXPIRED,n0/bundle,False,7,29.376323000008142
case-21,transfer,public-lock,6,all-namespaces,main,True,False,53370,45385,62,0,54.305994000003466,True,False,27,74,recovered,SERVE,n0/bundle,True,7,28.3006440000122
case-21,transfer,public-lock,6,all-namespaces,probe,False,False,53400,45400,1,0,51.144606999969255,False,False,27,74,transfer-probe,MISSING_DEPENDENCY,n1/old-grant-publication,False,1,27.92227399999092
case-21,transfer,public-lock,6,all-namespaces,probe,True,False,53400,45400,1,0,53.211578000002646,True,False,27,74,transfer-probe,SERVE,n1/new-owner-publication,True,1,30.03074700001207
case-21,transfer,public-lock,6,scoped,main,True,False,47259,39559,62,0,43.930493000004844,True,False,1,48,base,SERVE,n0/bundle,True,7,26.118730999996842
case-21,transfer,public-lock,6,scoped,main,True,False,44584,39559,62,5,37.54767800000991,True,False,4,28,partition-young,SERVE,n0/bundle,True,7,23.58924399999296
case-21,transfer,public-lock,6,scoped,main,True,False,44592,39561,62,5,39.81378800000357,True,False,14,28,partition-expired,EXPIRED,n0/bundle,False,7,24.679254999966815
case-21,transfer,public-lock,6,scoped,main,True,False,48326,40605,62,0,45.2419850000183,True,False,27,48,recovered,SERVE,n0/bundle,True,7,25.922416000014437
case-21,transfer,public-lock,6,scoped,probe,False,False,8941,7990,1,0,11.724281999988762,False,False,27,12,transfer-probe,MISSING_DEPENDENCY,n1/old-grant-publication,False,1,5.516010000008009
case-21,transfer,public-lock,6,scoped,probe,True,False,8941,7990,1,0,11.04425800002673,True,False,27,12,transfer-probe,SERVE,n1/new-owner-publication,True,1,4.826081999965481
case-21,transfer,public-lock,6,status-proof,main,True,False,19310,16107,62,0,8.926170999984606,True,False,1,16,base,SERVE,n0/bundle,True,7,1.4919349999900078
case-21,transfer,public-lock,6,status-proof,main,True,False,4674,16107,62,5,5.800046999979713,True,False,4,6,partition-young,SERVE,n0/bundle,True,7,1.4996770000266224
case-21,transfer,public-lock,6,status-proof,main,True,False,4678,16109,0,5,3.781019000030028,True,False,14,6,partition-expired,EXPIRED,n0/bundle,False,0,0.3444580000291353
case-21,transfer,public-lock,6,status-proof,main,True,False,19324,16114,62,0,8.363293999991583,True,False,27,16,recovered,SERVE,n0/bundle,True,7,1.4263559999676545
case-21,transfer,public-lock,6,status-proof,probe,False,False,405,230,1,0,1.9984680000106891,False,False,27,4,transfer-probe,INVALID_OR_MISSING_STATUS,n1/old-grant-publication,False,1,0.24795400003085888
case-21,transfer,public-lock,6,status-proof,probe,True,False,548,373,1,0,1.9302450000395766,True,False,27,4,transfer-probe,SERVE,n1/new-owner-publication,True,1,0.17862900000409354
case-22,transfer,generated,1,lww,main,True,False,65982,65928,0,0,10.219747999997253,True,False,1,2,base,SERVE,n0/bundle,True,0,0.02673000000186221
case-22,transfer,generated,1,lww,main,True,False,65982,65928,0,0,10.101229999975203,True,False,4,2,partition-young,SERVE,n0/bundle,True,0,0.022924000006696588
case-22,transfer,generated,1,lww,main,True,False,65982,65928,0,0,11.866615999963415,True,False,14,2,partition-expired,SERVE,n0/bundle,True,0,0.024536000012176373
case-22,transfer,generated,1,lww,main,True,False,67024,66970,0,0,13.099781999983406,True,False,27,2,recovered,SERVE,n0/bundle,True,0,0.02697999997280931
case-22,transfer,generated,1,lww,probe,False,False,65633,65564,0,0,4.367220999995425,False,False,27,2,transfer-probe,MISSING_OR_ROOT_REVOKED,n1/old-grant-publication,False,0,0.0237759999777154
case-22,transfer,generated,1,lww,probe,True,False,65633,65564,0,0,3.9103839999938828,True,False,27,2,transfer-probe,SERVE,n1/new-owner-publication,True,0,0.023384999963127484
case-22,transfer,generated,1,signed-index,main,True,False,65982,65928,0,0,11.137138000037794,True,False,1,2,base,SERVE,n0/bundle,True,0,0.0270809999847188
case-22,transfer,generated,1,signed-index,main,True,False,65982,65928,0,0,10.057193000022835,True,False,4,2,partition-young,SERVE,n0/bundle,True,0,0.023635999980342604
case-22,transfer,generated,1,signed-index,main,True,False,65982,65928,0,0,11.302016000001913,True,False,14,2,partition-expired,SERVE,n0/bundle,True,0,0.02285399995116677
case-22,transfer,generated,1,signed-index,main,True,False,67024,66970,0,0,12.117072999956235,True,False,27,2,recovered,SERVE,n0/bundle,True,0,0.02639900003487128
case-22,transfer,generated,1,signed-index,probe,False,False,65633,65564,0,0,3.89817600000697,False,False,27,2,transfer-probe,MISSING_OR_ROOT_REVOKED,n1/old-grant-publication,False,0,0.023174999967068288
case-22,transfer,generated,1,signed-index,probe,True,False,65633,65564,0,0,3.906008000001293,True,False,27,2,transfer-probe,SERVE,n1/new-owner-publication,True,0,0.025677999985873612
case-22,transfer,generated,1,transparency-only,main,True,False,65982,65928,0,0,11.361856999997144,True,False,1,2,base,SERVE,n0/bundle,True,0,0.06261400000084905
case-22,transfer,generated,1,transparency-only,main,True,False,65982,65928,0,0,10.18008899995948,True,False,4,2,partition-young,SERVE,n0/bundle,True,0,0.06074100002706473
case-22,transfer,generated,1,transparency-only,main,True,False,65982,65928,0,0,12.33830600000374,True,False,14,2,partition-expired,SERVE,n0/bundle,True,0,0.05380099997864818
case-22,transfer,generated,1,transparency-only,main,True,False,67024,66970,0,0,14.88093199998275,True,False,27,2,recovered,SERVE,n0/bundle,True,0,0.05754699998306023
case-22,transfer,generated,1,transparency-only,probe,False,False,65633,65564,0,0,4.8022859999719,False,False,27,2,transfer-probe,MISSING_OR_ROOT_REVOKED,n1/old-grant-publication,False,0,0.025909000044066488
case-22,transfer,generated,1,transparency-only,probe,True,False,65633,65564,0,0,3.9140099999599443,True,False,27,2,transfer-probe,SERVE,n1/new-owner-publication,True,0,0.024386999996295344
case-22,transfer,generated,1,root-only,main,True,False,66634,65928,130,0,56.42659900001945,True,False,1,8,base,SERVE,n0/bundle,True,2,43.080545999998776
case-22,transfer,generated,1,root-only,main,True,False,66634,65928,130,0,54.544766999981675,True,False,4,8,partition-young,SERVE,n0/bundle,True,2,42.61504599998034
case-22,transfer,generated,1,root-only,main,True,False,66638,65929,130,0,56.71272899996893,True,False,14,8,partition-expired,SERVE,n0/bundle,True,2,42.75787000000264
case-22,transfer,generated,1,root-only,main,True,False,67680,66971,130,0,62.70783100001154,True,False,27,8,recovered,SERVE,n0/bundle,True,2,48.010174000012285
case-22,transfer,generated,1,root-only,probe,False,False,66295,65565,1,0,57.24970699998266,False,False,27,8,transfer-probe,MISSING_DEPENDENCY,n1/old-grant-publication,False,1,46.870659000035175
case-22,transfer,generated,1,root-only,probe,True,False,66295,65565,1,0,62.495667000007415,True,False,27,8,transfer-probe,SERVE,n1/new-owner-publication,True,1,55.61775699999316
case-22,transfer,generated,1,all-namespaces,main,True,False,83347,75458,130,0,111.27948199998627,True,False,1,74,base,SERVE,n0/bundle,True,2,53.292228999964664
case-22,transfer,generated,1,all-namespaces,main,True,False,78015,75458,130,10,87.09210700004633,True,False,4,34,partition-young,SERVE,n0/bundle,True,2,58.480886000040755
case-22,transfer,generated,1,all-namespaces,main,True,False,78023,75460,130,10,81.82069499997624,True,False,14,34,partition-expired,EXPIRED,n0/bundle,False,2,55.94989699994812
case-22,transfer,generated,1,all-namespaces,main,True,False,84437,76512,130,0,93.86197300000276,True,False,27,74,recovered,SERVE,n0/bundle,True,2,53.52957500002731
case-22,transfer,generated,1,all-namespaces,probe,False,False,84467,76527,1,0,87.99349299999903,False,False,27,74,transfer-probe,MISSING_DEPENDENCY,n1/old-grant-publication,False,1,55.14699899998732
case-22,transfer,generated,1,all-namespaces,probe,True,False,84467,76527,1,0,101.84927200003813,True,False,27,74,transfer-probe,SERVE,n1/new-owner-publication,True,1,69.01775000000043
case-22,transfer,generated,1,scoped,main,True,False,71064,65928,130,0,60.73957399996743,True,False,1,18,base,SERVE,n0/bundle,True,2,42.75811799999474
case-22,transfer,generated,1,scoped,main,True,False,70526,65928,130,1,60.8108519999746,True,False,4,14,partition-young,SERVE,n0/bundle,True,2,43.65309500002468
case-22,transfer,generated,1,scoped,main,True,False,70530,65929,130,1,59.58774099997299,True,False,14,14,partition-expired,EXPIRED,n0/bundle,False,2,42.04551600003015
case-22,transfer,generated,1,scoped,main,True,False,72114,66972,130,0,64.20322600001782,True,False,27,18,recovered,SERVE,n0/bundle,True,2,43.82081700003937
case-22,transfer,generated,1,scoped,probe,False,False,66515,65565,1,0,51.83291299999837,False,False,27,12,transfer-probe,MISSING_DEPENDENCY,n1/old-grant-publication,False,1,41.17955200001688
case-22,transfer,generated,1,scoped,probe,True,False,66515,65565,1,0,53.04660799998828,True,False,27,12,transfer-probe,SERVE,n1/new-owner-publication,True,1,42.31992900002979
case-22,transfer,generated,1,status-proof,main,True,False,29305,25531,130,0,18.25385600000118,True,False,1,6,base,SERVE,n0/bundle,True,2,0.8957979999877352
case-22,transfer,generated,1,status-proof,main,True,False,2269,25531,130,1,10.764957999981561,True,False,4,4,partition-young,SERVE,n0/bundle,True,2,0.9354580000149326
case-22,transfer,generated,1,status-proof,main,True,False,2271,25532,0,1,7.69757299997309,True,False,14,4,partition-expired,EXPIRED,n0/bundle,False,0,0.588704999984202
case-22,transfer,generated,1,status-proof,main,True,False,29309,25533,130,0,16.402522000021236,True,False,27,6,recovered,SERVE,n0/bundle,True,2,0.9786329999883492
case-22,transfer,generated,1,status-proof,probe,False,False,406,231,1,0,3.2092790000319837,False,False,27,4,transfer-probe,INVALID_OR_MISSING_STATUS,n1/old-grant-publication,False,1,0.18605999997589606
case-22,transfer,generated,1,status-proof,probe,True,False,549,374,1,0,3.043058999992354,True,False,27,4,transfer-probe,SERVE,n1/new-owner-publication,True,1,0.2017539999883411
case-23,transfer,generated,3,lww,main,True,False,67839,67785,0,0,9.774768999989192,True,False,1,2,base,SERVE,n0/bundle,True,0,0.027691999946455326
case-23,transfer,generated,3,lww,main,True,False,67839,67785,0,0,9.598253000035584,True,False,4,2,partition-young,SERVE,n0/bundle,True,0,0.024227000039900304
case-23,transfer,generated,3,lww,main,True,False,67839,67785,0,0,11.204520999967826,True,False,14,2,partition-expired,SERVE,n0/bundle,True,0,0.023955999949976103
case-23,transfer,generated,3,lww,main,True,False,68878,68824,0,0,11.094064000019443,True,False,27,2,recovered,SERVE,n0/bundle,True,0,0.02666000000317581
case-23,transfer,generated,3,lww,probe,False,False,23197,23128,0,0,2.6616750000130196,False,False,27,2,transfer-probe,MISSING_OR_ROOT_REVOKED,n1/old-grant-publication,False,0,0.011087000018505933
case-23,transfer,generated,3,lww,probe,True,False,23197,23128,0,0,2.6717599999983577,True,False,27,2,transfer-probe,SERVE,n1/new-owner-publication,True,0,0.010655999972186692
case-23,transfer,generated,3,signed-index,main,True,False,67839,67785,0,0,10.340618999975959,True,False,1,2,base,SERVE,n0/bundle,True,0,0.02641999998331812
case-23,transfer,generated,3,signed-index,main,True,False,67839,67785,0,0,10.748182999975597,True,False,4,2,partition-young,SERVE,n0/bundle,True,0,0.027380999995330058
case-23,transfer,generated,3,signed-index,main,True,False,67839,67785,0,0,12.172856999995929,True,False,14,2,partition-expired,SERVE,n0/bundle,True,0,0.025397999991128017
case-23,transfer,generated,3,signed-index,main,True,False,68878,68824,0,0,11.272061999989091,True,False,27,2,recovered,SERVE,n0/bundle,True,0,0.027921999958380184
case-23,transfer,generated,3,signed-index,probe,False,False,23197,23128,0,0,2.6493369999798233,False,False,27,2,transfer-probe,MISSING_OR_ROOT_REVOKED,n1/old-grant-publication,False,0,0.010846000009223644
case-23,transfer,generated,3,signed-index,probe,True,False,23197,23128,0,0,2.6717700000062905,True,False,27,2,transfer-probe,SERVE,n1/new-owner-publication,True,0,0.011065999956372252
case-23,transfer,generated,3,transparency-only,main,True,False,67839,67785,0,0,73.38336399999434,True,False,1,2,base,SERVE,n0/bundle,True,0,0.058738000006997027
case-23,transfer,generated,3,transparency-only,main,True,False,67839,67785,0,0,10.827632999962589,True,False,4,2,partition-young,SERVE,n0/bundle,True,0,0.054852999994636775
case-23,transfer,generated,3,transparency-only,main,True,False,67839,67785,0,0,11.569689999987531,True,False,14,2,partition-expired,SERVE,n0/bundle,True,0,0.054831999989346514
case-23,transfer,generated,3,transparency-only,main,True,False,68878,68824,0,0,11.958584000012706,True,False,27,2,recovered,SERVE,n0/bundle,True,0,0.056835999998838815
case-23,transfer,generated,3,transparency-only,probe,False,False,23197,23128,0,0,2.849927999989177,False,False,27,2,transfer-probe,MISSING_OR_ROOT_REVOKED,n1/old-grant-publication,False,0,0.011257000039677223
case-23,transfer,generated,3,transparency-only,probe,True,False,23197,23128,0,0,2.9531239999869285,True,False,27,2,transfer-probe,SERVE,n1/new-owner-publication,True,0,0.012109000010696036
case-23,transfer,generated,3,root-only,main,True,False,68492,67785,130,0,57.410084999958144,True,False,1,8,base,SERVE,n0/bundle,True,4,43.96485299997721
case-23,transfer,generated,3,root-only,main,True,False,68492,67785,130,0,62.03895400000192,True,False,4,8,partition-young,SERVE,n0/bundle,True,4,47.53058400001464
case-23,transfer,generated,3,root-only,main,True,False,68496,67786,130,0,62.93123199998263,True,False,14,8,partition-expired,SERVE,n0/bundle,True,4,47.63117099997771
case-23,transfer,generated,3,root-only,main,True,False,69535,68825,130,0,60.57063100001869,True,False,27,8,recovered,SERVE,n0/bundle,True,4,45.79884300000003
case-23,transfer,generated,3,root-only,probe,False,False,23857,23129,1,0,21.54851399996005,False,False,27,8,transfer-probe,MISSING_DEPENDENCY,n1/old-grant-publication,False,1,15.264037999997981
case-23,transfer,generated,3,root-only,probe,True,False,23857,23129,1,0,21.156864999966274,True,False,27,8,transfer-probe,SERVE,n1/new-owner-publication,True,1,15.781135999986873
case-23,transfer,generated,3,all-namespaces,main,True,False,83317,75413,130,0,88.6961109999902,True,False,1,74,base,SERVE,n0/bundle,True,4,51.865482000039265
case-23,transfer,generated,3,all-namespaces,main,True,False,77982,75413,130,10,78.28993199996148,True,False,4,34,partition-young,SERVE,n0/bundle,True,4,49.84779599999456
case-23,transfer,generated,3,all-namespaces,main,True,False,77990,75415,130,10,75.1149849999706,True,False,14,34,partition-expired,EXPIRED,n0/bundle,False,4,49.98780699997951
case-23,transfer,generated,3,all-namespaces,main,True,False,84404,76464,130,0,85.45992099999467,True,False,27,74,recovered,SERVE,n0/bundle,True,4,49.24025200000415
case-23,transfer,generated,3,all-namespaces,probe,False,False,84434,76479,1,0,84.92305700002589,False,False,27,74,transfer-probe,MISSING_DEPENDENCY,n1/old-grant-publication,False,1,48.831961000018964
case-23,transfer,generated,3,all-namespaces,probe,True,False,84434,76479,1,0,83.75463400000172,True,False,27,74,transfer-probe,SERVE,n1/new-owner-publication,True,1,52.82047399998646
case-23,transfer,generated,3,scoped,main,True,False,74252,67785,130,0,69.1609529999937,True,False,1,30,base,SERVE,n0/bundle,True,4,45.15003199998091
case-23,transfer,generated,3,scoped,main,True,False,72647,67785,130,3,69.39767000000074,True,False,4,18,partition-young,SERVE,n0/bundle,True,4,48.84460099998478
case-23,transfer,generated,3,scoped,main,True,False,72651,67786,130,3,64.4350819999886,True,False,14,18,partition-expired,EXPIRED,n0/bundle,False,4,46.43924199996263
case-23,transfer,generated,3,scoped,main,True,False,75307,68828,130,0,72.19423800000868,True,False,27,30,recovered,SERVE,n0/bundle,True,4,46.52700299999424
case-23,transfer,generated,3,scoped,probe,False,False,24077,23129,1,0,23.694444999989628,False,False,27,12,transfer-probe,MISSING_DEPENDENCY,n1/old-grant-publication,False,1,14.618068000004314
case-23,transfer,generated,3,scoped,probe,True,False,24077,23129,1,0,24.273396000012326,True,False,27,12,transfer-probe,SERVE,n1/new-owner-publication,True,1,15.069185999948331
case-23,transfer,generated,3,status-proof,main,True,False,29716,25856,130,0,18.12427300001218,True,False,1,10,base,SERVE,n0/bundle,True,4,1.2335559999883117
case-23,transfer,generated,3,status-proof,main,True,False,2279,25856,130,3,11.784373000011783,True,False,4,4,partition-young,SERVE,n0/bundle,True,4,1.4058749999890097
case-23,transfer,generated,3,status-proof,main,True,False,2281,25857,0,3,7.7129559999775665,True,False,14,4,partition-expired,EXPIRED,n0/bundle,False,0,0.5050400000072841
case-23,transfer,generated,3,status-proof,main,True,False,29724,25860,130,0,16.17850599996018,True,False,27,10,recovered,SERVE,n0/bundle,True,4,1.4451449999910437
case-23,transfer,generated,3,status-proof,probe,False,False,405,230,1,0,2.9569400000468704,False,False,27,4,transfer-probe,INVALID_OR_MISSING_STATUS,n1/old-grant-publication,False,1,0.20313599998189602
case-23,transfer,generated,3,status-proof,probe,True,False,548,373,1,0,3.1881470000030276,True,False,27,4,transfer-probe,SERVE,n1/new-owner-publication,True,1,0.26788299999225273
case-24,transfer,generated,6,lww,main,True,False,70674,70620,0,0,12.852791000000252,True,False,1,2,base,SERVE,n0/bundle,True,0,0.030665999986467796
case-24,transfer,generated,6,lww,main,True,False,70674,70620,0,0,12.292317999992974,True,False,4,2,partition-young,SERVE,n0/bundle,True,0,0.025398999980552617
case-24,transfer,generated,6,lww,main,True,False,70674,70620,0,0,14.773138999998991,True,False,14,2,partition-expired,SERVE,n0/bundle,True,0,0.02666000000317581
case-24,transfer,generated,6,lww,main,True,False,71713,71659,0,0,11.57757099997525,True,False,27,2,recovered,SERVE,n0/bundle,True,0,0.027050999960920308
case-24,transfer,generated,6,lww,probe,False,False,12904,12835,0,0,2.4950939999826005,False,False,27,2,transfer-probe,MISSING_OR_ROOT_REVOKED,n1/old-grant-publication,False,0,0.007721999963905546
case-24,transfer,generated,6,lww,probe,True,False,12904,12835,0,0,2.533612999968682,True,False,27,2,transfer-probe,SERVE,n1/new-owner-publication,True,0,0.007131000018034683
case-24,transfer,generated,6,signed-index,main,True,False,70674,70620,0,0,10.183191999999508,True,False,1,2,base,SERVE,n0/bundle,True,0,0.027861999967626616
case-24,transfer,generated,6,signed-index,main,True,False,70674,70620,0,0,9.908037999991848,True,False,4,2,partition-young,SERVE,n0/bundle,True,0,0.025208000010934484
case-24,transfer,generated,6,signed-index,main,True,False,70674,70620,0,0,11.30862600001592,True,False,14,2,partition-expired,SERVE,n0/bundle,True,0,0.024706999965928844
case-24,transfer,generated,6,signed-index,main,True,False,71713,71659,0,0,12.818437000021277,True,False,27,2,recovered,SERVE,n0/bundle,True,0,0.031898000031560514
case-24,transfer,generated,6,signed-index,probe,False,False,12904,12835,0,0,2.480972999990172,False,False,27,2,transfer-probe,MISSING_OR_ROOT_REVOKED,n1/old-grant-publication,False,0,0.007561000018085906
case-24,transfer,generated,6,signed-index,probe,True,False,12904,12835,0,0,3.347517000008793,True,False,27,2,transfer-probe,SERVE,n1/new-owner-publication,True,0,0.007971999991696066
case-24,transfer,generated,6,transparency-only,main,True,False,70674,70620,0,0,11.518711999997322,True,False,1,2,base,SERVE,n0/bundle,True,0,0.05828699994481212
case-24,transfer,generated,6,transparency-only,main,True,False,70674,70620,0,0,10.10234099999252,True,False,4,2,partition-young,SERVE,n0/bundle,True,0,0.05322999999179956
case-24,transfer,generated,6,transparency-only,main,True,False,70674,70620,0,0,12.044493000018974,True,False,14,2,partition-expired,SERVE,n0/bundle,True,0,0.12662099999261045
case-24,transfer,generated,6,transparency-only,main,True,False,71713,71659,0,0,12.723835000031158,True,False,27,2,recovered,SERVE,n0/bundle,True,0,0.05849799998713934
case-24,transfer,generated,6,transparency-only,probe,False,False,12904,12835,0,0,3.4495300000116913,False,False,27,2,transfer-probe,MISSING_OR_ROOT_REVOKED,n1/old-grant-publication,False,0,0.008142000012867356
case-24,transfer,generated,6,transparency-only,probe,True,False,12904,12835,0,0,3.0689379999557787,True,False,27,2,transfer-probe,SERVE,n1/new-owner-publication,True,0,0.00858300001027601
case-24,transfer,generated,6,root-only,main,True,False,71330,70620,130,0,71.1856140000009,True,False,1,8,base,SERVE,n0/bundle,True,7,55.019458999993276
case-24,transfer,generated,6,root-only,main,True,False,71330,70620,130,0,83.3341169999926,True,False,4,8,partition-young,SERVE,n0/bundle,True,7,64.28840800003854
case-24,transfer,generated,6,root-only,main,True,False,71334,70621,130,0,80.44367899998406,True,False,14,8,partition-expired,SERVE,n0/bundle,True,7,60.94981599994753
case-24,transfer,generated,6,root-only,main,True,False,72373,71660,130,0,59.329586999979256,True,False,27,8,recovered,SERVE,n0/bundle,True,7,45.53035200001432
case-24,transfer,generated,6,root-only,probe,False,False,13567,12836,1,0,13.542618999963452,False,False,27,8,transfer-probe,MISSING_DEPENDENCY,n1/old-grant-publication,False,1,8.01779500000066
case-24,transfer,generated,6,root-only,probe,True,False,13567,12836,1,0,12.74118300000282,True,False,27,8,transfer-probe,SERVE,n1/new-owner-publication,True,1,7.9969039999809866
case-24,transfer,generated,6,all-namespaces,main,True,False,83344,75395,130,0,124.65935300002684,True,False,1,74,base,SERVE,n0/bundle,True,7,76.49383599999737
case-24,transfer,generated,6,all-namespaces,main,True,False,78003,75395,130,10,76.13995299999488,True,False,4,34,partition-young,SERVE,n0/bundle,True,7,50.36246399998845
case-24,transfer,generated,6,all-namespaces,main,True,False,78011,75397,130,10,78.72847800001637,True,False,14,34,partition-expired,EXPIRED,n0/bundle,False,7,52.275973000007525
case-24,transfer,generated,6,all-namespaces,main,True,False,84431,76446,130,0,92.94881699997859,True,False,27,74,recovered,SERVE,n0/bundle,True,7,53.47543900001028
case-24,transfer,generated,6,all-namespaces,probe,False,False,84461,76461,1,0,86.4442089999784,False,False,27,74,transfer-probe,MISSING_DEPENDENCY,n1/old-grant-publication,False,1,56.12720799996396
case-24,transfer,generated,6,all-namespaces,probe,True,False,84461,76461,1,0,94.82211499999949,True,False,27,74,transfer-probe,SERVE,n1/new-owner-publication,True,1,58.21633200002907
case-24,transfer,generated,6,scoped,main,True,False,79106,70620,130,0,74.34452199998987,True,False,1,48,base,SERVE,n0/bundle,True,7,45.658846000037556
case-24,transfer,generated,6,scoped,main,True,False,76431,70620,130,5,83.03488900003231,True,False,4,28,partition-young,SERVE,n0/bundle,True,7,59.27554599998075
case-24,transfer,generated,6,scoped,main,True,False,76439,70622,130,5,70.86771699999872,True,False,14,28,partition-expired,EXPIRED,n0/bundle,False,7,47.53751999999167
case-24,transfer,generated,6,scoped,main,True,False,80173,71666,130,0,93.72325699996509,True,False,27,48,recovered,SERVE,n0/bundle,True,7,62.07934200000409
case-24,transfer,generated,6,scoped,probe,False,False,13787,12836,1,0,20.282489000010173,False,False,27,12,transfer-probe,MISSING_DEPENDENCY,n1/old-grant-publication,False,1,10.64365600001338
case-24,transfer,generated,6,scoped,probe,True,False,13787,12836,1,0,18.54106899997987,True,False,27,12,transfer-probe,SERVE,n1/new-owner-publication,True,1,8.704647999991266
case-24,transfer,generated,6,status-proof,main,True,False,30334,26345,130,0,14.266967000025943,True,False,1,16,base,SERVE,n0/bundle,True,7,1.6766230000371252
case-24,transfer,generated,6,status-proof,main,True,False,6851,26345,130,5,12.51044399998591,True,False,4,6,partition-young,SERVE,n0/bundle,True,7,1.795942000001105
case-24,transfer,generated,6,status-proof,main,True,False,6855,26347,0,5,7.493826000029458,True,False,14,6,partition-expired,EXPIRED,n0/bundle,False,0,0.36476799999718423
case-24,transfer,generated,6,status-proof,main,True,False,30348,26352,130,0,15.326692000030562,True,False,27,16,recovered,SERVE,n0/bundle,True,7,1.6440139999644998
case-24,transfer,generated,6,status-proof,probe,False,False,405,230,1,0,2.6686350000204584,False,False,27,4,transfer-probe,INVALID_OR_MISSING_STATUS,n1/old-grant-publication,False,1,0.1701759999832575
case-24,transfer,generated,6,status-proof,probe,True,False,548,373,1,0,2.5678140000309213,True,False,27,4,transfer-probe,SERVE,n1/new-owner-publication,True,1,0.1735820000021704
case-25,equivocation,public-lock,1,lww,main,True,False,34888,34834,0,0,4.4530810000082965,True,False,1,2,base,SERVE,n0/bundle,True,0,0.017466000031163276
case-25,equivocation,public-lock,1,lww,main,True,False,34888,34834,0,0,3.0599140000049374,False,True,4,2,partition-young,SERVE,n0/bundle,True,0,0.015714000028310693
case-25,equivocation,public-lock,1,lww,main,False,True,34888,34834,0,0,2.505470000016885,False,True,14,2,partition-expired,SERVE,n0/bundle,True,0,0.013840999997682957
case-25,equivocation,public-lock,1,lww,main,False,True,35361,35307,0,0,2.843710000036026,False,True,27,2,recovered,SERVE,n0/bundle,True,0,0.015483000026961236
case-25,equivocation,public-lock,1,signed-index,main,True,False,34888,34834,0,0,4.102052000007461,True,False,1,2,base,SERVE,n0/bundle,True,0,0.016134000020429085
case-25,equivocation,public-lock,1,signed-index,main,True,False,34888,34834,0,0,3.0420279999816557,False,True,4,2,partition-young,SERVE,n0/bundle,True,0,0.013729999977840635
case-25,equivocation,public-lock,1,signed-index,main,False,True,34888,34834,0,0,2.445008999984566,False,True,14,2,partition-expired,SERVE,n0/bundle,True,0,0.01403099997787649
case-25,equivocation,public-lock,1,signed-index,main,False,True,35361,35307,0,0,2.6679750000084823,False,True,27,2,recovered,SERVE,n0/bundle,True,0,0.014983000028223614
case-25,equivocation,public-lock,1,transparency-only,main,True,False,34888,34834,0,0,4.523416999973051,True,False,1,2,base,SERVE,n0/bundle,True,0,0.037676999966151925
case-25,equivocation,public-lock,1,transparency-only,main,True,False,34888,34834,0,0,3.3607479999773204,False,True,4,2,partition-young,SERVE,n0/bundle,True,0,0.03275899996424414
case-25,equivocation,public-lock,1,transparency-only,main,False,True,34888,34834,0,0,2.674325000043609,False,True,14,2,partition-expired,SERVE,n0/bundle,True,0,0.03349100001059924
case-25,equivocation,public-lock,1,transparency-only,main,False,True,35361,35307,0,0,2.628055000002405,False,True,27,2,recovered,SERVE,n0/bundle,True,0,0.03432200003317121
case-25,equivocation,public-lock,1,root-only,main,True,False,35539,34834,62,0,26.563040000041838,True,False,1,8,base,SERVE,n0/bundle,True,2,20.764294999992217
case-25,equivocation,public-lock,1,root-only,main,True,False,35539,34834,62,0,26.502579999998943,False,True,4,8,partition-young,SERVE,n0/bundle,True,2,21.704689999978655
case-25,equivocation,public-lock,1,root-only,main,False,True,35543,34835,62,0,25.33312999997861,False,True,14,8,partition-expired,SERVE,n0/bundle,True,2,20.740359000001263
case-25,equivocation,public-lock,1,root-only,main,False,False,36016,35308,3,0,26.631923999957507,False,False,27,8,recovered,EQUIVOCATION,n0/bundle,False,2,22.300466999979562
case-25,equivocation,public-lock,1,all-namespaces,main,True,False,52238,44364,62,0,51.03700799998023,True,False,1,74,base,SERVE,n0/bundle,True,2,27.412269000024025
case-25,equivocation,public-lock,1,all-namespaces,main,True,False,46909,44364,62,10,42.35815799995635,False,True,4,34,partition-young,SERVE,n0/bundle,True,2,27.60793299995612
case-25,equivocation,public-lock,1,all-namespaces,main,False,False,46917,44366,62,10,44.475414999965324,False,False,14,34,partition-expired,EXPIRED,n0/bundle,False,2,29.64980500001957
case-25,equivocation,public-lock,1,all-namespaces,main,False,False,52759,44849,3,0,51.15860099999736,False,False,27,74,recovered,EQUIVOCATION,n0/bundle,False,2,27.093659000001935
case-25,equivocation,public-lock,1,scoped,main,True,False,39179,34834,62,0,33.297214000015174,True,False,1,18,base,SERVE,n0/bundle,True,2,22.439975999986927
case-25,equivocation,public-lock,1,scoped,main,True,False,38644,34834,62,1,30.255225999951563,False,True,4,14,partition-young,SERVE,n0/bundle,True,2,21.45249000000149
case-25,equivocation,public-lock,1,scoped,main,False,False,38648,34835,62,1,33.617115999959424,False,False,14,14,partition-expired,EXPIRED,n0/bundle,False,2,22.93525100003535
case-25,equivocation,public-lock,1,scoped,main,False,False,39660,35309,3,0,32.00347700004613,False,False,27,18,recovered,EQUIVOCATION,n0/bundle,False,2,23.75701799996932
case-25,equivocation,public-lock,1,status-proof,main,True,False,18280,15292,62,0,5.7957710000096085,True,False,1,6,base,SERVE,n0/bundle,True,2,0.6551149999722838
case-25,equivocation,public-lock,1,status-proof,main,True,False,1887,15292,62,1,3.5533470000359557,False,True,4,4,partition-young,SERVE,n0/bundle,True,2,0.6409050000115712
case-25,equivocation,public-lock,1,status-proof,main,False,False,1889,15293,0,1,3.2002560000137237,False,False,14,4,partition-expired,EXPIRED,n0/bundle,False,0,0.6130020000227887
case-25,equivocation,public-lock,1,status-proof,main,False,False,18285,15295,62,0,6.238127000017357,False,False,27,6,recovered,INVALID_OR_MISSING_STATUS,n0/bundle,False,2,0.6377400000019406
case-26,equivocation,public-lock,3,lww,main,True,False,36778,36724,0,0,4.41382200000362,True,False,1,2,base,SERVE,n0/bundle,True,0,0.0160039999741457
case-26,equivocation,public-lock,3,lww,main,True,False,36778,36724,0,0,4.16806200001929,False,True,4,2,partition-young,SERVE,n0/bundle,True,0,0.013640999952713173
case-26,equivocation,public-lock,3,lww,main,False,True,36778,36724,0,0,6.259449000026507,False,True,14,2,partition-expired,SERVE,n0/bundle,True,0,0.016614999992725643
case-26,equivocation,public-lock,3,lww,main,False,True,37249,37195,0,0,5.449300000009316,False,True,27,2,recovered,SERVE,n0/bundle,True,0,0.01600400003098912
case-26,equivocation,public-lock,3,signed-index,main,True,False,36778,36724,0,0,4.357237000021996,True,False,1,2,base,SERVE,n0/bundle,True,0,0.01659499997685998
case-26,equivocation,public-lock,3,signed-index,main,True,False,36778,36724,0,0,4.017646000022523,False,True,4,2,partition-young,SERVE,n0/bundle,True,0,0.015712999982042675
case-26,equivocation,public-lock,3,signed-index,main,False,True,36778,36724,0,0,5.541357999959473,False,True,14,2,partition-expired,SERVE,n0/bundle,True,0,0.014711999995142833
case-26,equivocation,public-lock,3,signed-index,main,False,True,37249,37195,0,0,4.6483339999667805,False,True,27,2,recovered,SERVE,n0/bundle,True,0,0.017305999961081397
case-26,equivocation,public-lock,3,transparency-only,main,True,False,36778,36724,0,0,4.96776500000351,True,False,1,2,base,SERVE,n0/bundle,True,0,0.034621999986939045
case-26,equivocation,public-lock,3,transparency-only,main,True,False,36778,36724,0,0,4.958951999981309,False,True,4,2,partition-young,SERVE,n0/bundle,True,0,0.06292500000881773
case-26,equivocation,public-lock,3,transparency-only,main,False,True,36778,36724,0,0,4.776348000007147,False,True,14,2,partition-expired,SERVE,n0/bundle,True,0,0.05461199998535449
case-26,equivocation,public-lock,3,transparency-only,main,False,True,37249,37195,0,0,5.035908000024847,False,True,27,2,recovered,SERVE,n0/bundle,True,0,0.03591400002278533
case-26,equivocation,public-lock,3,root-only,main,True,False,37431,36724,62,0,32.29414700001598,True,False,1,8,base,SERVE,n0/bundle,True,4,25.512991999960377
case-26,equivocation,public-lock,3,root-only,main,True,False,37431,36724,62,0,27.60975800003962,False,True,4,8,partition-young,SERVE,n0/bundle,True,4,21.9725750000066
case-26,equivocation,public-lock,3,root-only,main,False,True,37435,36725,62,0,28.6320349999869,False,True,14,8,partition-expired,SERVE,n0/bundle,True,4,22.027836999995998
case-26,equivocation,public-lock,3,root-only,main,False,False,37906,37196,25,0,29.081603000008727,False,False,27,8,recovered,EQUIVOCATION,n0/bundle,False,4,23.371510000004037
case-26,equivocation,public-lock,3,all-namespaces,main,True,False,52256,44352,62,0,53.79436999999143,True,False,1,74,base,SERVE,n0/bundle,True,4,29.387602999975115
case-26,equivocation,public-lock,3,all-namespaces,main,True,False,46921,44352,62,10,46.40277799995829,False,True,4,34,partition-young,SERVE,n0/bundle,True,4,30.69993799999793
case-26,equivocation,public-lock,3,all-namespaces,main,False,False,46929,44354,62,10,43.71265899999344,False,False,14,34,partition-expired,EXPIRED,n0/bundle,False,4,27.993084999991424
case-26,equivocation,public-lock,3,all-namespaces,main,False,False,52775,44835,25,0,57.67934700003252,False,False,27,74,recovered,EQUIVOCATION,n0/bundle,False,4,31.241181999973833
case-26,equivocation,public-lock,3,scoped,main,True,False,42405,36724,62,0,37.69144900002175,True,False,1,30,base,SERVE,n0/bundle,True,4,24.081096999964302
case-26,equivocation,public-lock,3,scoped,main,True,False,40800,36724,62,3,37.927002999992965,False,True,4,18,partition-young,SERVE,n0/bundle,True,4,24.731707000000824
case-26,equivocation,public-lock,3,scoped,main,False,False,40804,36725,62,3,33.80495999999766,False,False,14,18,partition-expired,EXPIRED,n0/bundle,False,4,22.78574799998978
case-26,equivocation,public-lock,3,scoped,main,False,False,42892,37199,25,0,37.117184000010184,False,False,27,30,recovered,EQUIVOCATION,n0/bundle,False,4,23.49762900001906
case-26,equivocation,public-lock,3,status-proof,main,True,False,18692,15618,62,0,6.420160999994096,True,False,1,10,base,SERVE,n0/bundle,True,4,0.9379310000099395
case-26,equivocation,public-lock,3,status-proof,main,True,False,1897,15618,62,3,4.382765999991989,False,True,4,4,partition-young,SERVE,n0/bundle,True,4,0.937289999967561
case-26,equivocation,public-lock,3,status-proof,main,False,False,1899,15619,0,3,3.7688209999942046,False,False,14,4,partition-expired,EXPIRED,n0/bundle,False,0,0.4493260000231203
case-26,equivocation,public-lock,3,status-proof,main,False,False,18701,15623,42,0,7.17271400003483,False,False,27,10,recovered,INVALID_OR_MISSING_STATUS,n0/bundle,False,4,0.8256520000031742
case-27,equivocation,public-lock,6,lww,main,True,False,39613,39559,0,0,5.177270999979555,True,False,1,2,base,SERVE,n0/bundle,True,0,0.01972000001160268
case-27,equivocation,public-lock,6,lww,main,True,False,39613,39559,0,0,3.3382429999733176,False,True,4,2,partition-young,SERVE,n0/bundle,True,0,0.01740599998356629
case-27,equivocation,public-lock,6,lww,main,False,True,39613,39559,0,0,2.678129999992507,False,True,14,2,partition-expired,SERVE,n0/bundle,True,0,0.015312999948946526
case-27,equivocation,public-lock,6,lww,main,False,True,40091,40037,0,0,3.07061099999828,False,True,27,2,recovered,SERVE,n0/bundle,True,0,0.01658499996892715
case-27,equivocation,public-lock,6,signed-index,main,True,False,39613,39559,0,0,4.6694760000036695,True,False,1,2,base,SERVE,n0/bundle,True,0,0.01765700000078141
case-27,equivocation,public-lock,6,signed-index,main,True,False,39613,39559,0,0,3.2474369999704322,False,True,4,2,partition-young,SERVE,n0/bundle,True,0,0.015533999999206571
case-27,equivocation,public-lock,6,signed-index,main,False,True,39613,39559,0,0,3.0056829999693946,False,True,14,2,partition-expired,SERVE,n0/bundle,True,0,0.01610399999663059
case-27,equivocation,public-lock,6,signed-index,main,False,True,40091,40037,0,0,2.965192000033312,False,True,27,2,recovered,SERVE,n0/bundle,True,0,0.01767600002722247
case-27,equivocation,public-lock,6,transparency-only,main,True,False,39613,39559,0,0,4.4413219999910325,True,False,1,2,base,SERVE,n0/bundle,True,0,0.03972000001795095
case-27,equivocation,public-lock,6,transparency-only,main,True,False,39613,39559,0,0,3.253986000004261,False,True,4,2,partition-young,SERVE,n0/bundle,True,0,0.033711000014591264
case-27,equivocation,public-lock,6,transparency-only,main,False,True,39613,39559,0,0,2.6034879999770055,False,True,14,2,partition-expired,SERVE,n0/bundle,True,0,0.033760999997412
case-27,equivocation,public-lock,6,transparency-only,main,False,True,40091,40037,0,0,2.8267829999890637,False,True,27,2,recovered,SERVE,n0/bundle,True,0,0.03623399999241883
case-27,equivocation,public-lock,6,root-only,main,True,False,40269,39559,62,0,30.96868000000086,True,False,1,8,base,SERVE,n0/bundle,True,7,24.53063299998348
case-27,equivocation,public-lock,6,root-only,main,True,False,40269,39559,62,0,29.418066999994608,False,True,4,8,partition-young,SERVE,n0/bundle,True,7,24.48478299999124
case-27,equivocation,public-lock,6,root-only,main,False,True,40273,39560,62,0,28.685834999976123,False,True,14,8,partition-expired,SERVE,n0/bundle,True,7,24.09040999998524
case-27,equivocation,public-lock,6,root-only,main,False,False,40751,40038,42,0,28.52181800000153,False,False,27,8,recovered,EQUIVOCATION,n0/bundle,False,7,24.254767000002175
case-27,equivocation,public-lock,6,all-namespaces,main,True,False,52283,44334,62,0,63.0735650000247,True,False,1,74,base,SERVE,n0/bundle,True,7,31.062530999975024
case-27,equivocation,public-lock,6,all-namespaces,main,True,False,46942,44334,62,10,48.125957999957336,False,True,4,34,partition-young,SERVE,n0/bundle,True,7,31.066968000004636
case-27,equivocation,public-lock,6,all-namespaces,main,False,False,46950,44336,62,10,48.18174199999703,False,False,14,34,partition-expired,EXPIRED,n0/bundle,False,7,31.294790999993438
case-27,equivocation,public-lock,6,all-namespaces,main,False,False,52809,44824,42,0,55.727506999971865,False,False,27,74,recovered,EQUIVOCATION,n0/bundle,False,7,32.13879099996575
case-27,equivocation,public-lock,6,scoped,main,True,False,47259,39559,62,0,53.186257000049864,True,False,1,48,base,SERVE,n0/bundle,True,7,34.508471999970425
case-27,equivocation,public-lock,6,scoped,main,True,False,44584,39559,62,5,45.4509819999771,False,True,4,28,partition-young,SERVE,n0/bundle,True,7,31.09742300000562
case-27,equivocation,public-lock,6,scoped,main,False,False,44592,39561,62,5,52.19915800000763,False,False,14,28,partition-expired,EXPIRED,n0/bundle,False,7,32.4446909999665
case-27,equivocation,public-lock,6,scoped,main,False,False,47765,40044,42,0,51.463699999999335,False,False,27,48,recovered,EQUIVOCATION,n0/bundle,False,7,29.466519999971297
case-27,equivocation,public-lock,6,status-proof,main,True,False,19310,16107,62,0,9.635930000001736,True,False,1,16,base,SERVE,n0/bundle,True,7,1.409701000000041
case-27,equivocation,public-lock,6,status-proof,main,True,False,4674,16107,62,5,4.8411249999844586,False,True,4,6,partition-young,SERVE,n0/bundle,True,7,1.3963910000143187
case-27,equivocation,public-lock,6,status-proof,main,False,False,4678,16109,0,5,3.0426479999619005,False,False,14,6,partition-expired,EXPIRED,n0/bundle,False,0,0.4780589999882068
case-27,equivocation,public-lock,6,status-proof,main,False,False,19325,16115,32,0,6.662025000025551,False,False,27,16,recovered,INVALID_OR_MISSING_STATUS,n0/bundle,False,7,1.2938069999677282
case-28,equivocation,generated,1,lww,main,True,False,65982,65928,0,0,10.779810999963502,True,False,1,2,base,SERVE,n0/bundle,True,0,0.026108999975349434
case-28,equivocation,generated,1,lww,main,True,False,65982,65928,0,0,7.451591999995344,False,True,4,2,partition-young,SERVE,n0/bundle,True,0,0.02344500001072447
case-28,equivocation,generated,1,lww,main,False,True,65982,65928,0,0,6.801204999987931,False,True,14,2,partition-expired,SERVE,n0/bundle,True,0,0.02320499999086678
case-28,equivocation,generated,1,lww,main,False,True,66451,66397,0,0,6.271276999996189,False,True,27,2,recovered,SERVE,n0/bundle,True,0,0.024646999975175277
case-28,equivocation,generated,1,signed-index,main,True,False,65982,65928,0,0,11.239042999989124,True,False,1,2,base,SERVE,n0/bundle,True,0,0.026630000036220736
case-28,equivocation,generated,1,signed-index,main,True,False,65982,65928,0,0,7.255608000036773,False,True,4,2,partition-young,SERVE,n0/bundle,True,0,0.03979999996772676
case-28,equivocation,generated,1,signed-index,main,False,True,65982,65928,0,0,6.414231999997355,False,True,14,2,partition-expired,SERVE,n0/bundle,True,0,0.022904999980255525
case-28,equivocation,generated,1,signed-index,main,False,True,66451,66397,0,0,6.327210999984345,False,True,27,2,recovered,SERVE,n0/bundle,True,0,0.024957999983143964
case-28,equivocation,generated,1,transparency-only,main,True,False,65982,65928,0,0,10.082642999975633,True,False,1,2,base,SERVE,n0/bundle,True,0,0.05563399997754459
case-28,equivocation,generated,1,transparency-only,main,True,False,65982,65928,0,0,7.907156999976905,False,True,4,2,partition-young,SERVE,n0/bundle,True,0,0.05271999998512911
case-28,equivocation,generated,1,transparency-only,main,False,True,65982,65928,0,0,6.539600999985851,False,True,14,2,partition-expired,SERVE,n0/bundle,True,0,0.05111699999815755
case-28,equivocation,generated,1,transparency-only,main,False,True,66451,66397,0,0,6.496946000027037,False,True,27,2,recovered,SERVE,n0/bundle,True,0,0.055583999994723854
case-28,equivocation,generated,1,root-only,main,True,False,66634,65928,130,0,63.70307600002434,True,False,1,8,base,SERVE,n0/bundle,True,2,43.94712900000286
case-28,equivocation,generated,1,root-only,main,True,False,66634,65928,130,0,50.9356949999642,False,True,4,8,partition-young,SERVE,n0/bundle,True,2,41.55971599999475
case-28,equivocation,generated,1,root-only,main,False,True,66638,65929,130,0,50.09470999999621,False,True,14,8,partition-expired,SERVE,n0/bundle,True,2,41.276870999979565
case-28,equivocation,generated,1,root-only,main,False,False,67107,66398,115,0,51.355205999982445,False,False,27,8,recovered,EQUIVOCATION,n0/bundle,False,2,42.95446499997979
case-28,equivocation,generated,1,all-namespaces,main,True,False,83347,75458,130,0,82.44815299997299,True,False,1,74,base,SERVE,n0/bundle,True,2,48.070893999977216
case-28,equivocation,generated,1,all-namespaces,main,True,False,78015,75458,130,10,73.82063100004643,False,True,4,34,partition-young,SERVE,n0/bundle,True,2,49.8573419999957
case-28,equivocation,generated,1,all-namespaces,main,False,False,78023,75460,130,10,69.28194100004248,False,False,14,34,partition-expired,EXPIRED,n0/bundle,False,2,47.83703299995068
case-28,equivocation,generated,1,all-namespaces,main,False,False,83864,75939,115,0,76.76486100001512,False,False,27,74,recovered,EQUIVOCATION,n0/bundle,False,2,48.00950199995668
case-28,equivocation,generated,1,scoped,main,True,False,71064,65928,130,0,59.400603000028696,True,False,1,18,base,SERVE,n0/bundle,True,2,41.48847900000874
case-28,equivocation,generated,1,scoped,main,True,False,70526,65928,130,1,57.276687000012316,False,True,4,14,partition-young,SERVE,n0/bundle,True,2,42.29056600001968
case-28,equivocation,generated,1,scoped,main,False,False,70530,65929,130,1,56.95508200000177,False,False,14,14,partition-expired,EXPIRED,n0/bundle,False,2,42.79276199997639
case-28,equivocation,generated,1,scoped,main,False,False,71541,66399,115,0,60.189038999965305,False,False,27,18,recovered,EQUIVOCATION,n0/bundle,False,2,46.61049699996056
case-28,equivocation,generated,1,status-proof,main,True,False,29305,25531,130,0,16.283893000036187,True,False,1,6,base,SERVE,n0/bundle,True,2,0.8642910000276061
case-28,equivocation,generated,1,status-proof,main,True,False,2269,25531,130,1,8.205728000007184,False,True,4,4,partition-young,SERVE,n0/bundle,True,2,0.9606549999716663
case-28,equivocation,generated,1,status-proof,main,False,False,2271,25532,0,1,4.778971000007459,False,False,14,4,partition-expired,EXPIRED,n0/bundle,False,0,0.5557359999670552
case-28,equivocation,generated,1,status-proof,main,False,False,29310,25534,11,0,10.917588000040723,False,False,27,6,recovered,INVALID_OR_MISSING_STATUS,n0/bundle,False,2,0.7109900000159541
case-29,equivocation,generated,3,lww,main,True,False,67839,67785,0,0,11.15531599998576,True,False,1,2,base,SERVE,n0/bundle,True,0,0.027951999982178677
case-29,equivocation,generated,3,lww,main,True,False,67839,67785,0,0,9.464712999999847,False,True,4,2,partition-young,SERVE,n0/bundle,True,0,0.02582899998060384
case-29,equivocation,generated,3,lww,main,False,True,67839,67785,0,0,9.585272999970584,False,True,14,2,partition-expired,SERVE,n0/bundle,True,0,0.02317399997764369
case-29,equivocation,generated,3,lww,main,False,True,68307,68253,0,0,10.729594999986602,False,True,27,2,recovered,SERVE,n0/bundle,True,0,0.026639999987310148
case-29,equivocation,generated,3,signed-index,main,True,False,67839,67785,0,0,10.757888000000548,True,False,1,2,base,SERVE,n0/bundle,True,0,0.025778000008358504
case-29,equivocation,generated,3,signed-index,main,True,False,67839,67785,0,0,9.256698999990931,False,True,4,2,partition-young,SERVE,n0/bundle,True,0,0.023425999984283408
case-29,equivocation,generated,3,signed-index,main,False,True,67839,67785,0,0,10.492537999994056,False,True,14,2,partition-expired,SERVE,n0/bundle,True,0,0.023164999959135457
case-29,equivocation,generated,3,signed-index,main,False,True,68307,68253,0,0,12.270043000000896,False,True,27,2,recovered,SERVE,n0/bundle,True,0,0.03261899996687134
case-29,equivocation,generated,3,transparency-only,main,True,False,67839,67785,0,0,52.6573140000437,True,False,1,2,base,SERVE,n0/bundle,True,0,0.05884899996999593
case-29,equivocation,generated,3,transparency-only,main,True,False,67839,67785,0,0,9.36578300002111,False,True,4,2,partition-young,SERVE,n0/bundle,True,0,0.057475999994949234
case-29,equivocation,generated,3,transparency-only,main,False,True,67839,67785,0,0,10.201199999983146,False,True,14,2,partition-expired,SERVE,n0/bundle,True,0,0.05233900003531744
case-29,equivocation,generated,3,transparency-only,main,False,True,68307,68253,0,0,10.271925999973064,False,True,27,2,recovered,SERVE,n0/bundle,True,0,0.056675999985600356
case-29,equivocation,generated,3,root-only,main,True,False,68492,67785,130,0,57.51664499996423,True,False,1,8,base,SERVE,n0/bundle,True,4,44.882123999968826
case-29,equivocation,generated,3,root-only,main,True,False,68492,67785,130,0,62.19125900003064,False,True,4,8,partition-young,SERVE,n0/bundle,True,4,49.48086400003149
case-29,equivocation,generated,3,root-only,main,False,True,68496,67786,130,0,59.75649599997723,False,True,14,8,partition-expired,SERVE,n0/bundle,True,4,46.234940000033475
case-29,equivocation,generated,3,root-only,main,False,False,68964,68254,129,0,55.366870999989715,False,False,27,8,recovered,EQUIVOCATION,n0/bundle,False,4,46.069361000036224
case-29,equivocation,generated,3,all-namespaces,main,True,False,83317,75413,130,0,84.09879300000966,True,False,1,74,base,SERVE,n0/bundle,True,4,48.43500999999151
case-29,equivocation,generated,3,all-namespaces,main,True,False,77982,75413,130,10,79.11845999996103,False,True,4,34,partition-young,SERVE,n0/bundle,True,4,52.462730999991436
case-29,equivocation,generated,3,all-namespaces,main,False,False,77990,75415,130,10,73.47659999999223,False,False,14,34,partition-expired,EXPIRED,n0/bundle,False,4,48.832448000041495
case-29,equivocation,generated,3,all-namespaces,main,False,False,83833,75893,129,0,82.40762799999857,False,False,27,74,recovered,EQUIVOCATION,n0/bundle,False,4,50.501900000028854
case-29,equivocation,generated,3,scoped,main,True,False,74252,67785,130,0,76.19515099997898,True,False,1,30,base,SERVE,n0/bundle,True,4,49.714185000027555
case-29,equivocation,generated,3,scoped,main,True,False,72647,67785,130,3,73.30298900001253,False,True,4,18,partition-young,SERVE,n0/bundle,True,4,47.008373999972264
case-29,equivocation,generated,3,scoped,main,False,False,72651,67786,130,3,69.1445509999653,False,False,14,18,partition-expired,EXPIRED,n0/bundle,False,4,50.423333000026105
case-29,equivocation,generated,3,scoped,main,False,False,74736,68257,129,0,67.58528599999636,False,False,27,30,recovered,EQUIVOCATION,n0/bundle,False,4,47.01459299997168
case-29,equivocation,generated,3,status-proof,main,True,False,29716,25856,130,0,12.85822699998107,True,False,1,10,base,SERVE,n0/bundle,True,4,1.2150889999702486
case-29,equivocation,generated,3,status-proof,main,True,False,2279,25856,130,3,9.012481000013395,False,True,4,4,partition-young,SERVE,n0/bundle,True,4,1.1953380000022662
case-29,equivocation,generated,3,status-proof,main,False,False,2281,25857,0,3,6.042181999987406,False,False,14,4,partition-expired,EXPIRED,n0/bundle,False,0,0.4268520000323406
case-29,equivocation,generated,3,status-proof,main,False,False,29725,25861,11,0,9.720624999999927,False,False,27,10,recovered,INVALID_OR_MISSING_STATUS,n0/bundle,False,4,0.9039700000244011
case-30,equivocation,generated,6,lww,main,True,False,70674,70620,0,0,10.394438999981048,True,False,1,2,base,SERVE,n0/bundle,True,0,0.029193999978360807
case-30,equivocation,generated,6,lww,main,True,False,70674,70620,0,0,9.115495000003193,False,True,4,2,partition-young,SERVE,n0/bundle,True,0,0.025138000012248085
case-30,equivocation,generated,6,lww,main,False,True,70674,70620,0,0,10.012964999987162,False,True,14,2,partition-expired,SERVE,n0/bundle,True,0,0.024886999995032966
case-30,equivocation,generated,6,lww,main,False,True,71142,71088,0,0,10.166686999980357,False,True,27,2,recovered,SERVE,n0/bundle,True,0,0.026178999974035833
case-30,equivocation,generated,6,signed-index,main,True,False,70674,70620,0,0,10.6013210000242,True,False,1,2,base,SERVE,n0/bundle,True,0,0.027602000045590103
case-30,equivocation,generated,6,signed-index,main,True,False,70674,70620,0,0,9.555556999998771,False,True,4,2,partition-young,SERVE,n0/bundle,True,0,0.0258489999964695
case-30,equivocation,generated,6,signed-index,main,False,True,70674,70620,0,0,10.21950699998797,False,True,14,2,partition-expired,SERVE,n0/bundle,True,0,0.026320000017676648
case-30,equivocation,generated,6,signed-index,main,False,True,71142,71088,0,0,10.538706000033926,False,True,27,2,recovered,SERVE,n0/bundle,True,0,0.028912999994190614
case-30,equivocation,generated,6,transparency-only,main,True,False,70674,70620,0,0,10.632417000010719,True,False,1,2,base,SERVE,n0/bundle,True,0,0.05970000000843356
case-30,equivocation,generated,6,transparency-only,main,True,False,70674,70620,0,0,11.235234000025685,False,True,4,2,partition-young,SERVE,n0/bundle,True,0,0.05792799998971532
case-30,equivocation,generated,6,transparency-only,main,False,True,70674,70620,0,0,10.688942999991013,False,True,14,2,partition-expired,SERVE,n0/bundle,True,0,0.08387600001924511
case-30,equivocation,generated,6,transparency-only,main,False,True,71142,71088,0,0,11.767506000012418,False,True,27,2,recovered,SERVE,n0/bundle,True,0,0.06248399995456566
case-30,equivocation,generated,6,root-only,main,True,False,71330,70620,130,0,64.323168000044,True,False,1,8,base,SERVE,n0/bundle,True,7,50.020977999963634
case-30,equivocation,generated,6,root-only,main,True,False,71330,70620,130,0,62.49853299999586,False,True,4,8,partition-young,SERVE,n0/bundle,True,7,49.47949199998902
case-30,equivocation,generated,6,root-only,main,False,True,71334,70621,130,0,61.18599799998492,False,True,14,8,partition-expired,SERVE,n0/bundle,True,7,47.5755169999843
case-30,equivocation,generated,6,root-only,main,False,False,71802,71089,129,0,57.440580999980284,False,False,27,8,recovered,EQUIVOCATION,n0/bundle,False,7,46.61729600002218
case-30,equivocation,generated,6,all-namespaces,main,True,False,83344,75395,130,0,83.63411499999529,True,False,1,74,base,SERVE,n0/bundle,True,7,48.8842770000133
case-30,equivocation,generated,6,all-namespaces,main,True,False,78003,75395,130,10,80.50867299999709,False,True,4,34,partition-young,SERVE,n0/bundle,True,7,52.32065899997451
case-30,equivocation,generated,6,all-namespaces,main,False,False,78011,75397,130,10,75.93067400000564,False,False,14,34,partition-expired,EXPIRED,n0/bundle,False,7,49.45327400002952
case-30,equivocation,generated,6,all-namespaces,main,False,False,83860,75875,129,0,82.84288499999093,False,False,27,74,recovered,EQUIVOCATION,n0/bundle,False,7,50.64020900005062
case-30,equivocation,generated,6,scoped,main,True,False,79106,70620,130,0,78.02639800001998,True,False,1,48,base,SERVE,n0/bundle,True,7,48.48941300002707
case-30,equivocation,generated,6,scoped,main,True,False,76431,70620,130,5,75.68404300002385,False,True,4,28,partition-young,SERVE,n0/bundle,True,7,51.35967299997901
case-30,equivocation,generated,6,scoped,main,False,False,76439,70622,130,5,67.69291900002372,False,False,14,28,partition-expired,EXPIRED,n0/bundle,False,7,45.3842009999903
case-30,equivocation,generated,6,scoped,main,False,False,79602,71095,129,0,72.19259199996486,False,False,27,48,recovered,EQUIVOCATION,n0/bundle,False,7,46.569824000016524
case-30,equivocation,generated,6,status-proof,main,True,False,30334,26345,130,0,13.884209000025294,True,False,1,16,base,SERVE,n0/bundle,True,7,1.6797870000004878
case-30,equivocation,generated,6,status-proof,main,True,False,6851,26345,130,5,10.706486999993103,False,True,4,6,partition-young,SERVE,n0/bundle,True,7,1.9916260000059083
case-30,equivocation,generated,6,status-proof,main,False,False,6855,26347,0,5,7.170978999965882,False,False,14,6,partition-expired,EXPIRED,n0/bundle,False,0,0.3642980000222451
case-30,equivocation,generated,6,status-proof,main,False,False,30349,26353,20,0,12.081460999979754,False,False,27,16,recovered,INVALID_OR_MISSING_STATUS,n0/bundle,False,7,1.4036919999966813
case-31,missing,public-lock,1,lww,main,True,False,34888,34834,0,0,4.508604000022842,True,False,1,2,base,SERVE,n0/bundle,True,0,0.01799699998628057
case-31,missing,public-lock,1,lww,main,False,True,35405,35343,0,0,2.3304260000145405,False,True,4,2,partition-young,SERVE,n0/missing-bundle,True,0,0.017185999979574262
case-31,missing,public-lock,1,lww,main,False,True,35405,35343,0,0,2.522795999993832,False,True,14,2,partition-expired,SERVE,n0/missing-bundle,True,0,0.014142000054562232
case-31,missing,public-lock,1,lww,main,False,True,35405,35343,0,0,2.751901000010548,False,True,27,2,recovered,SERVE,n0/missing-bundle,True,0,0.015653999980713706
case-31,missing,public-lock,1,signed-index,main,True,False,34888,34834,0,0,4.4698959999891485,True,False,1,2,base,SERVE,n0/bundle,True,0,0.02064099999188329
case-31,missing,public-lock,1,signed-index,main,False,True,35405,35343,0,0,3.364502000010816,False,True,4,2,partition-young,SERVE,n0/missing-bundle,True,0,0.017146000004686357
case-31,missing,public-lock,1,signed-index,main,False,True,35405,35343,0,0,3.4145580000313203,False,True,14,2,partition-expired,SERVE,n0/missing-bundle,True,0,0.016324999990047218
case-31,missing,public-lock,1,signed-index,main,False,True,35405,35343,0,0,3.0001339999898846,False,True,27,2,recovered,SERVE,n0/missing-bundle,True,0,0.017566999986229348
case-31,missing,public-lock,1,transparency-only,main,True,False,34888,34834,0,0,4.867164000017965,True,False,1,2,base,SERVE,n0/bundle,True,0,0.0379070000349202
case-31,missing,public-lock,1,transparency-only,main,False,False,35405,35343,0,0,2.4301369999761846,False,False,4,2,partition-young,MISSING_OR_ROOT_REVOKED,n0/missing-bundle,False,0,0.016474999995352846
case-31,missing,public-lock,1,transparency-only,main,False,False,35405,35343,0,0,2.427103000002262,False,False,14,2,partition-expired,MISSING_OR_ROOT_REVOKED,n0/missing-bundle,False,0,0.015223000048081303
case-31,missing,public-lock,1,transparency-only,main,False,False,35405,35343,0,0,3.1040999999731866,False,False,27,2,recovered,MISSING_OR_ROOT_REVOKED,n0/missing-bundle,False,0,0.017936999995527003
case-31,missing,public-lock,1,root-only,main,True,False,35539,34834,62,0,28.96183800004337,True,False,1,8,base,SERVE,n0/bundle,True,2,22.460145999957604
case-31,missing,public-lock,1,root-only,main,False,False,36056,35343,3,0,27.858317999971405,False,False,4,8,partition-young,MISSING_DEPENDENCY,n0/missing-bundle,False,2,23.77366199999642
case-31,missing,public-lock,1,root-only,main,False,False,36060,35344,3,0,27.502292999997735,False,False,14,8,partition-expired,MISSING_DEPENDENCY,n0/missing-bundle,False,2,22.73452899999029
case-31,missing,public-lock,1,root-only,main,False,False,36060,35344,3,0,28.232832000014696,False,False,27,8,recovered,MISSING_DEPENDENCY,n0/missing-bundle,False,2,23.88143400003173
case-31,missing,public-lock,1,all-namespaces,main,True,False,52238,44364,62,0,55.85026299996798,True,False,1,74,base,SERVE,n0/bundle,True,2,29.9009170000204
case-31,missing,public-lock,1,all-namespaces,main,False,False,47426,44873,3,10,47.758702999999514,False,False,4,34,partition-young,MISSING_DEPENDENCY,n0/missing-bundle,False,2,32.62060399998745
case-31,missing,public-lock,1,all-namespaces,main,False,False,47434,44875,3,10,45.718432999990455,False,False,14,34,partition-expired,MISSING_DEPENDENCY,n0/missing-bundle,False,2,28.295915999990484
case-31,missing,public-lock,1,all-namespaces,main,False,False,52803,44885,3,0,51.98402100000976,False,False,27,74,recovered,MISSING_DEPENDENCY,n0/missing-bundle,False,2,28.041114000018297
case-31,missing,public-lock,1,scoped,main,True,False,39179,34834,62,0,32.8597999999829,True,False,1,18,base,SERVE,n0/bundle,True,2,22.069556000019475
case-31,missing,public-lock,1,scoped,main,False,False,39241,35343,3,1,30.97699699998202,False,False,4,14,partition-young,MISSING_DEPENDENCY,n0/missing-bundle,False,2,21.818967999990946
case-31,missing,public-lock,1,scoped,main,False,False,39245,35344,3,1,30.218977000004088,False,False,14,14,partition-expired,MISSING_DEPENDENCY,n0/missing-bundle,False,2,22.022093000032328
case-31,missing,public-lock,1,scoped,main,False,False,39784,35345,3,0,29.755438999984563,False,False,27,18,recovered,MISSING_DEPENDENCY,n0/missing-bundle,False,2,21.81604400004744
case-31,missing,public-lock,1,status-proof,main,True,False,18280,15292,62,0,6.362972999966132,True,False,1,6,base,SERVE,n0/bundle,True,2,0.6639389999918421
case-31,missing,public-lock,1,status-proof,main,False,False,2157,555,2,1,2.395034000016949,False,False,4,4,partition-young,INVALID_OR_MISSING_STATUS,n0/missing-bundle,False,2,0.23282099999732964
case-31,missing,public-lock,1,status-proof,main,False,False,2159,556,2,1,2.2000999999818305,False,False,14,4,partition-expired,INVALID_OR_MISSING_STATUS,n0/missing-bundle,False,2,0.19994999996697516
case-31,missing,public-lock,1,status-proof,main,False,False,18616,15554,2,0,4.40009000004693,False,False,27,6,recovered,INVALID_OR_MISSING_STATUS,n0/missing-bundle,False,2,0.4942440000377246
case-32,missing,public-lock,3,lww,main,True,False,36778,36724,0,0,4.3176560000119935,True,False,1,2,base,SERVE,n0/bundle,True,0,0.01666499997554638
case-32,missing,public-lock,3,lww,main,False,True,37295,37233,0,0,2.561093999986497,False,True,4,2,partition-young,SERVE,n0/missing-bundle,True,0,0.01668499999141204
case-32,missing,public-lock,3,lww,main,False,True,37295,37233,0,0,2.4781490000123085,False,True,14,2,partition-expired,SERVE,n0/missing-bundle,True,0,0.014341999985845177
case-32,missing,public-lock,3,lww,main,False,True,37295,37233,0,0,2.4659510000333285,False,True,27,2,recovered,SERVE,n0/missing-bundle,True,0,0.034461000041119405
case-32,missing,public-lock,3,signed-index,main,True,False,36778,36724,0,0,4.392880000011701,True,False,1,2,base,SERVE,n0/bundle,True,0,0.01642500001253211
case-32,missing,public-lock,3,signed-index,main,False,True,37295,37233,0,0,2.630027999998674,False,True,4,2,partition-young,SERVE,n0/missing-bundle,True,0,0.015624000013758632
case-32,missing,public-lock,3,signed-index,main,False,True,37295,37233,0,0,2.6770179999857646,False,True,14,2,partition-expired,SERVE,n0/missing-bundle,True,0,0.014480999993793375
case-32,missing,public-lock,3,signed-index,main,False,True,37295,37233,0,0,2.9427879999843753,False,True,27,2,recovered,SERVE,n0/missing-bundle,True,0,0.01890800001547177
case-32,missing,public-lock,3,transparency-only,main,True,False,36778,36724,0,0,4.631508999977996,True,False,1,2,base,SERVE,n0/bundle,True,0,0.034541999980319815
case-32,missing,public-lock,3,transparency-only,main,False,False,37295,37233,0,0,2.287772999977733,False,False,4,2,partition-young,MISSING_OR_ROOT_REVOKED,n0/missing-bundle,False,0,0.016244999983427988
case-32,missing,public-lock,3,transparency-only,main,False,False,37295,37233,0,0,2.6965669999867714,False,False,14,2,partition-expired,MISSING_OR_ROOT_REVOKED,n0/missing-bundle,False,0,0.020920999986628885
case-32,missing,public-lock,3,transparency-only,main,False,False,37295,37233,0,0,2.7567779999913,False,False,27,2,recovered,MISSING_OR_ROOT_REVOKED,n0/missing-bundle,False,0,0.01840800001673415
case-32,missing,public-lock,3,root-only,main,True,False,37431,36724,62,0,28.27118900000869,True,False,1,8,base,SERVE,n0/bundle,True,4,22.264871000004405
case-32,missing,public-lock,3,root-only,main,False,False,37948,37233,3,0,28.373433000012938,False,False,4,8,partition-young,MISSING_DEPENDENCY,n0/missing-bundle,False,2,23.458217999973385
case-32,missing,public-lock,3,root-only,main,False,False,37952,37234,3,0,27.338475999954426,False,False,14,8,partition-expired,MISSING_DEPENDENCY,n0/missing-bundle,False,2,22.6164310000172
case-32,missing,public-lock,3,root-only,main,False,False,37952,37234,3,0,27.3627620000525,False,False,27,8,recovered,MISSING_DEPENDENCY,n0/missing-bundle,False,2,23.001480000004904
case-32,missing,public-lock,3,all-namespaces,main,True,False,52256,44352,62,0,50.68116900002906,True,False,1,74,base,SERVE,n0/bundle,True,4,26.91028199996026
case-32,missing,public-lock,3,all-namespaces,main,False,False,47438,44861,3,10,42.190584000024955,False,False,4,34,partition-young,MISSING_DEPENDENCY,n0/missing-bundle,False,2,28.45929300002581
case-32,missing,public-lock,3,all-namespaces,main,False,False,47446,44863,3,10,42.01118399998904,False,False,14,34,partition-expired,MISSING_DEPENDENCY,n0/missing-bundle,False,2,27.272596999978305
case-32,missing,public-lock,3,all-namespaces,main,False,False,52821,44873,3,0,51.14306399997304,False,False,27,74,recovered,MISSING_DEPENDENCY,n0/missing-bundle,False,2,28.093982000029882
case-32,missing,public-lock,3,scoped,main,True,False,42405,36724,62,0,35.39606000003914,True,False,1,30,base,SERVE,n0/bundle,True,4,22.178791999976966
case-32,missing,public-lock,3,scoped,main,False,False,41397,37233,3,3,32.41323200001034,False,False,4,18,partition-young,MISSING_DEPENDENCY,n0/missing-bundle,False,2,22.78779900001382
case-32,missing,public-lock,3,scoped,main,False,False,41401,37234,3,3,32.582997000019986,False,False,14,18,partition-expired,MISSING_DEPENDENCY,n0/missing-bundle,False,2,22.542189000034796
case-32,missing,public-lock,3,scoped,main,False,False,43018,37237,3,0,35.10383899998715,False,False,27,30,recovered,MISSING_DEPENDENCY,n0/missing-bundle,False,2,22.96994200003155
case-32,missing,public-lock,3,status-proof,main,True,False,18692,15618,62,0,7.285061999994014,True,False,1,10,base,SERVE,n0/bundle,True,4,0.9475859999952263
case-32,missing,public-lock,3,status-proof,main,False,False,2167,10745,2,3,3.805385000021033,False,False,4,4,partition-young,INVALID_OR_MISSING_STATUS,n0/missing-bundle,False,2,0.6471629999964534
case-32,missing,public-lock,3,status-proof,main,False,False,2169,10746,0,3,2.521353000020099,False,False,14,4,partition-expired,EXPIRED,n0/missing-bundle,False,0,0.36451800002623713
case-32,missing,public-lock,3,status-proof,main,False,False,19032,15882,2,0,5.094565999968381,False,False,27,10,recovered,INVALID_OR_MISSING_STATUS,n0/missing-bundle,False,2,0.8704800000032265
case-33,missing,public-lock,6,lww,main,True,False,39613,39559,0,0,4.366489000005913,True,False,1,2,base,SERVE,n0/bundle,True,0,0.019599000040670944
case-33,missing,public-lock,6,lww,main,False,True,40130,40068,0,0,2.442604999998821,False,True,4,2,partition-young,SERVE,n0/missing-bundle,True,0,0.01674499998216561
case-33,missing,public-lock,6,lww,main,False,True,40130,40068,0,0,2.432771000030698,False,True,14,2,partition-expired,SERVE,n0/missing-bundle,True,0,0.016625000000658474
case-33,missing,public-lock,6,lww,main,False,True,40130,40068,0,0,2.6095459999737614,False,True,27,2,recovered,SERVE,n0/missing-bundle,True,0,0.01964000000498345
case-33,missing,public-lock,6,signed-index,main,True,False,39613,39559,0,0,4.51003499995295,True,False,1,2,base,SERVE,n0/bundle,True,0,0.027020999993965233
case-33,missing,public-lock,6,signed-index,main,False,True,40130,40068,0,0,2.5464209999768173,False,True,4,2,partition-young,SERVE,n0/missing-bundle,True,0,0.017817000014019868
case-33,missing,public-lock,6,signed-index,main,False,True,40130,40068,0,0,2.5442479999924217,False,True,14,2,partition-expired,SERVE,n0/missing-bundle,True,0,0.015213000040148472
case-33,missing,public-lock,6,signed-index,main,False,True,40130,40068,0,0,2.4437470000293615,False,True,27,2,recovered,SERVE,n0/missing-bundle,True,0,0.01740599998356629
case-33,missing,public-lock,6,transparency-only,main,True,False,39613,39559,0,0,4.375832999983231,True,False,1,2,base,SERVE,n0/bundle,True,0,0.038156999949023884
case-33,missing,public-lock,6,transparency-only,main,False,False,40130,40068,0,0,2.4156549999929666,False,False,4,2,partition-young,MISSING_OR_ROOT_REVOKED,n0/missing-bundle,False,0,0.0168450000046505
case-33,missing,public-lock,6,transparency-only,main,False,False,40130,40068,0,0,2.347731999975622,False,False,14,2,partition-expired,MISSING_OR_ROOT_REVOKED,n0/missing-bundle,False,0,0.015623000024334033
case-33,missing,public-lock,6,transparency-only,main,False,False,40130,40068,0,0,2.50495900002079,False,False,27,2,recovered,MISSING_OR_ROOT_REVOKED,n0/missing-bundle,False,0,0.019710000003669848
case-33,missing,public-lock,6,root-only,main,True,False,40269,39559,62,0,30.25910000002341,True,False,1,8,base,SERVE,n0/bundle,True,7,24.292021000007935
case-33,missing,public-lock,6,root-only,main,False,False,40786,40068,3,0,29.428420999977334,False,False,4,8,partition-young,MISSING_DEPENDENCY,n0/missing-bundle,False,2,25.31793500003232
case-33,missing,public-lock,6,root-only,main,False,False,40790,40069,3,0,31.761070000015934,False,False,14,8,partition-expired,MISSING_DEPENDENCY,n0/missing-bundle,False,2,25.179196000010506
case-33,missing,public-lock,6,root-only,main,False,False,40790,40069,3,0,29.601821000028394,False,False,27,8,recovered,MISSING_DEPENDENCY,n0/missing-bundle,False,2,25.06845999999996
case-33,missing,public-lock,6,all-namespaces,main,True,False,52283,44334,62,0,54.93583099996613,True,False,1,74,base,SERVE,n0/bundle,True,7,29.584554999985357
case-33,missing,public-lock,6,all-namespaces,main,False,False,47459,44843,3,10,47.64416800003346,False,False,4,34,partition-young,MISSING_DEPENDENCY,n0/missing-bundle,False,2,31.70153000002074
case-33,missing,public-lock,6,all-namespaces,main,False,False,47467,44845,3,10,45.827545999998165,False,False,14,34,partition-expired,MISSING_DEPENDENCY,n0/missing-bundle,False,2,29.595991999997295
case-33,missing,public-lock,6,all-namespaces,main,False,False,52848,44855,3,0,52.85916600001883,False,False,27,74,recovered,MISSING_DEPENDENCY,n0/missing-bundle,False,2,29.47729300001356
case-33,missing,public-lock,6,scoped,main,True,False,47259,39559,62,0,47.29734699998289,True,False,1,48,base,SERVE,n0/bundle,True,7,27.864628000031644
case-33,missing,public-lock,6,scoped,main,False,False,45181,40068,3,5,37.56346099999064,False,False,4,28,partition-young,MISSING_DEPENDENCY,n0/missing-bundle,False,2,25.034598999980062
case-33,missing,public-lock,6,scoped,main,False,False,45189,40070,3,5,41.090447000044605,False,False,14,28,partition-expired,MISSING_DEPENDENCY,n0/missing-bundle,False,2,26.644130000022415
case-33,missing,public-lock,6,scoped,main,False,False,47884,40075,3,0,51.55362699997568,False,False,27,48,recovered,MISSING_DEPENDENCY,n0/missing-bundle,False,2,31.75090000002001
case-33,missing,public-lock,6,status-proof,main,True,False,19310,16107,62,0,9.820756000010533,True,False,1,16,base,SERVE,n0/bundle,True,7,2.2605210000392617
case-33,missing,public-lock,6,status-proof,main,False,False,4944,13364,2,5,3.440697000030468,False,False,4,6,partition-young,INVALID_OR_MISSING_STATUS,n0/missing-bundle,False,2,1.0855329999799324
case-33,missing,public-lock,6,status-proof,main,False,False,4948,13366,0,5,3.102458000000752,False,False,14,6,partition-expired,EXPIRED,n0/missing-bundle,False,0,0.3501269999901524
case-33,missing,public-lock,6,status-proof,main,False,False,19656,16374,2,0,5.93072399999528,False,False,27,16,recovered,INVALID_OR_MISSING_STATUS,n0/missing-bundle,False,2,1.3518339999905038
case-34,missing,generated,1,lww,main,True,False,65982,65928,0,0,10.719539000035638,True,False,1,2,base,SERVE,n0/bundle,True,0,0.025397999991128017
case-34,missing,generated,1,lww,main,False,True,66499,66437,0,0,3.9539590000003955,False,True,4,2,partition-young,SERVE,n0/missing-bundle,True,0,0.022804000025189453
case-34,missing,generated,1,lww,main,False,True,66499,66437,0,0,3.9649859999713044,False,True,14,2,partition-expired,SERVE,n0/missing-bundle,True,0,0.022313999977541243
case-34,missing,generated,1,lww,main,False,True,66499,66437,0,0,4.261080999981459,False,True,27,2,recovered,SERVE,n0/missing-bundle,True,0,0.024656999983108108
case-34,missing,generated,1,signed-index,main,True,False,65982,65928,0,0,10.146156000018891,True,False,1,2,base,SERVE,n0/bundle,True,0,0.027541000008568517
case-34,missing,generated,1,signed-index,main,False,True,66499,66437,0,0,3.910432999987279,False,True,4,2,partition-young,SERVE,n0/missing-bundle,True,0,0.05045599999675687
case-34,missing,generated,1,signed-index,main,False,True,66499,66437,0,0,3.9422209999884217,False,True,14,2,partition-expired,SERVE,n0/missing-bundle,True,0,0.04945399996358901
case-34,missing,generated,1,signed-index,main,False,True,66499,66437,0,0,4.691488999981175,False,True,27,2,recovered,SERVE,n0/missing-bundle,True,0,0.030164999998305575
case-34,missing,generated,1,transparency-only,main,True,False,65982,65928,0,0,10.884486999998444,True,False,1,2,base,SERVE,n0/bundle,True,0,0.09060700000418365
case-34,missing,generated,1,transparency-only,main,False,False,66499,66437,0,0,4.363474999991013,False,False,4,2,partition-young,MISSING_OR_ROOT_REVOKED,n0/missing-bundle,False,0,0.031727000020964624
case-34,missing,generated,1,transparency-only,main,False,False,66499,66437,0,0,4.27855800000998,False,False,14,2,partition-expired,MISSING_OR_ROOT_REVOKED,n0/missing-bundle,False,0,0.02361500003189576
case-34,missing,generated,1,transparency-only,main,False,False,66499,66437,0,0,4.718610000054468,False,False,27,2,recovered,MISSING_OR_ROOT_REVOKED,n0/missing-bundle,False,0,0.035373000002891786
case-34,missing,generated,1,root-only,main,True,False,66634,65928,130,0,57.490418999975645,True,False,1,8,base,SERVE,n0/bundle,True,2,43.485921999945276
case-34,missing,generated,1,root-only,main,False,False,67151,66437,3,0,48.39934500000709,False,False,4,8,partition-young,MISSING_DEPENDENCY,n0/missing-bundle,False,2,42.20840899995437
case-34,missing,generated,1,root-only,main,False,False,67155,66438,3,0,51.00063899999441,False,False,14,8,partition-expired,MISSING_DEPENDENCY,n0/missing-bundle,False,2,44.42265200003703
case-34,missing,generated,1,root-only,main,False,False,67155,66438,3,0,47.16518800000813,False,False,27,8,recovered,MISSING_DEPENDENCY,n0/missing-bundle,False,2,40.97756800001662
case-34,missing,generated,1,all-namespaces,main,True,False,83347,75458,130,0,89.67691399999467,True,False,1,74,base,SERVE,n0/bundle,True,2,47.65770899996369
case-34,missing,generated,1,all-namespaces,main,False,False,78532,75967,3,10,67.43961400002263,False,False,4,34,partition-young,MISSING_DEPENDENCY,n0/missing-bundle,False,2,47.58332600005133
case-34,missing,generated,1,all-namespaces,main,False,False,78540,75969,3,10,67.57531800002425,False,False,14,34,partition-expired,MISSING_DEPENDENCY,n0/missing-bundle,False,2,47.23735699997178
case-34,missing,generated,1,all-namespaces,main,False,False,83912,75979,3,0,78.22378099996286,False,False,27,74,recovered,MISSING_DEPENDENCY,n0/missing-bundle,False,2,50.38745699999936
case-34,missing,generated,1,scoped,main,True,False,71064,65928,130,0,65.77133399997592,True,False,1,18,base,SERVE,n0/bundle,True,2,43.33763900001486
case-34,missing,generated,1,scoped,main,False,False,71123,66437,3,1,57.213596999986294,False,False,4,14,partition-young,MISSING_DEPENDENCY,n0/missing-bundle,False,2,45.81541700002845
case-34,missing,generated,1,scoped,main,False,False,71127,66438,3,1,54.51808200001551,False,False,14,14,partition-expired,MISSING_DEPENDENCY,n0/missing-bundle,False,2,42.2931680000147
case-34,missing,generated,1,scoped,main,False,False,71669,66439,3,0,54.47195200002852,False,False,27,18,recovered,MISSING_DEPENDENCY,n0/missing-bundle,False,2,41.69559700000036
case-34,missing,generated,1,status-proof,main,True,False,29305,25531,130,0,16.35245499994653,True,False,1,6,base,SERVE,n0/bundle,True,2,0.9792439999500857
case-34,missing,generated,1,status-proof,main,False,False,2539,544,2,1,2.697648999969715,False,False,4,4,partition-young,INVALID_OR_MISSING_STATUS,n0/missing-bundle,False,2,0.1758340000037606
case-34,missing,generated,1,status-proof,main,False,False,2541,545,2,1,2.644830000008369,False,False,14,4,partition-expired,INVALID_OR_MISSING_STATUS,n0/missing-bundle,False,2,0.17977099997779078
case-34,missing,generated,1,status-proof,main,False,False,29641,25793,2,0,7.873497000048246,False,False,27,6,recovered,INVALID_OR_MISSING_STATUS,n0/missing-bundle,False,2,0.6272539999940818
case-35,missing,generated,3,lww,main,True,False,67839,67785,0,0,12.841491999949994,True,False,1,2,base,SERVE,n0/bundle,True,0,0.027751000004627713
case-35,missing,generated,3,lww,main,False,True,68356,68294,0,0,4.452429000025404,False,True,4,2,partition-young,SERVE,n0/missing-bundle,True,0,0.02731199998606826
case-35,missing,generated,3,lww,main,False,True,68356,68294,0,0,4.784939999979088,False,True,14,2,partition-expired,SERVE,n0/missing-bundle,True,0,0.024236000001565117
case-35,missing,generated,3,lww,main,False,True,68356,68294,0,0,4.0313459999765655,False,True,27,2,recovered,SERVE,n0/missing-bundle,True,0,0.025148000020180916
case-35,missing,generated,3,signed-index,main,True,False,67839,67785,0,0,10.27073500000597,True,False,1,2,base,SERVE,n0/bundle,True,0,0.025117999996382423
case-35,missing,generated,3,signed-index,main,False,True,68356,68294,0,0,4.025046999970527,False,True,4,2,partition-young,SERVE,n0/missing-bundle,True,0,0.025478999987171846
case-35,missing,generated,3,signed-index,main,False,True,68356,68294,0,0,3.928129999962948,False,True,14,2,partition-expired,SERVE,n0/missing-bundle,True,0,0.02368600002000676
case-35,missing,generated,3,signed-index,main,False,True,68356,68294,0,0,4.131185999995068,False,True,27,2,recovered,SERVE,n0/missing-bundle,True,0,0.02632900003618488
case-35,missing,generated,3,transparency-only,main,True,False,67839,67785,0,0,54.728688000011516,True,False,1,2,base,SERVE,n0/bundle,True,0,0.08270500001117398
case-35,missing,generated,3,transparency-only,main,False,False,68356,68294,0,0,3.931585999964682,False,False,4,2,partition-young,MISSING_OR_ROOT_REVOKED,n0/missing-bundle,False,0,0.026269000045431312
case-35,missing,generated,3,transparency-only,main,False,False,68356,68294,0,0,3.8782760000231065,False,False,14,2,partition-expired,MISSING_OR_ROOT_REVOKED,n0/missing-bundle,False,0,0.025147999963337497
case-35,missing,generated,3,transparency-only,main,False,False,68356,68294,0,0,5.940128000020195,False,False,27,2,recovered,MISSING_OR_ROOT_REVOKED,n0/missing-bundle,False,0,0.027751999994052312
case-35,missing,generated,3,root-only,main,True,False,68492,67785,130,0,58.68655299997272,True,False,1,8,base,SERVE,n0/bundle,True,4,44.68419500000209
case-35,missing,generated,3,root-only,main,False,False,69009,68294,3,0,50.76122799999894,False,False,4,8,partition-young,MISSING_DEPENDENCY,n0/missing-bundle,False,2,44.627838999986125
case-35,missing,generated,3,root-only,main,False,False,69013,68295,3,0,50.45718100001295,False,False,14,8,partition-expired,MISSING_DEPENDENCY,n0/missing-bundle,False,2,43.78079600002138
case-35,missing,generated,3,root-only,main,False,False,69013,68295,3,0,50.843523000025925,False,False,27,8,recovered,MISSING_DEPENDENCY,n0/missing-bundle,False,2,44.69803500001035
case-35,missing,generated,3,all-namespaces,main,True,False,83317,75413,130,0,84.82954999999492,True,False,1,74,base,SERVE,n0/bundle,True,4,49.61410199996408
case-35,missing,generated,3,all-namespaces,main,False,False,78499,75922,3,10,72.69635299996935,False,False,4,34,partition-young,MISSING_DEPENDENCY,n0/missing-bundle,False,2,51.60624100000177
case-35,missing,generated,3,all-namespaces,main,False,False,78507,75924,3,10,71.91052100000661,False,False,14,34,partition-expired,MISSING_DEPENDENCY,n0/missing-bundle,False,2,49.742014999992534
case-35,missing,generated,3,all-namespaces,main,False,False,83882,75934,3,0,79.60207500002525,False,False,27,74,recovered,MISSING_DEPENDENCY,n0/missing-bundle,False,2,49.26051000001053
case-35,missing,generated,3,scoped,main,True,False,74252,67785,130,0,64.26971400003367,True,False,1,30,base,SERVE,n0/bundle,True,4,42.57890700000644
case-35,missing,generated,3,scoped,main,False,False,73244,68294,3,3,56.453144000045086,False,False,4,18,partition-young,MISSING_DEPENDENCY,n0/missing-bundle,False,2,43.07635600002868
case-35,missing,generated,3,scoped,main,False,False,73248,68295,3,3,60.03621399997883,False,False,14,18,partition-expired,MISSING_DEPENDENCY,n0/missing-bundle,False,2,46.0765000000265
case-35,missing,generated,3,scoped,main,False,False,74865,68298,3,0,61.78360399997018,False,False,27,30,recovered,MISSING_DEPENDENCY,n0/missing-bundle,False,2,45.816709999996874
case-35,missing,generated,3,status-proof,main,True,False,29716,25856,130,0,13.170777999960137,True,False,1,10,base,SERVE,n0/bundle,True,4,1.2032399999952759
case-35,missing,generated,3,status-proof,main,False,False,2549,17637,2,3,3.574478000018644,False,False,4,4,partition-young,INVALID_OR_MISSING_STATUS,n0/missing-bundle,False,2,0.7728630000087833
case-35,missing,generated,3,status-proof,main,False,False,2551,17638,0,3,3.3134760000166352,False,False,14,4,partition-expired,EXPIRED,n0/missing-bundle,False,0,0.42691299995567533
case-35,missing,generated,3,status-proof,main,False,False,30056,26120,2,0,6.7755939999756265,False,False,27,10,recovered,INVALID_OR_MISSING_STATUS,n0/missing-bundle,False,2,0.8996130000014091
case-36,missing,generated,6,lww,main,True,False,70674,70620,0,0,10.074038000027485,True,False,1,2,base,SERVE,n0/bundle,True,0,0.026619999971444486
case-36,missing,generated,6,lww,main,False,True,71191,71129,0,0,4.0990580000084265,False,True,4,2,partition-young,SERVE,n0/missing-bundle,True,0,0.024957999983143964
case-36,missing,generated,6,lww,main,False,True,71191,71129,0,0,4.026979000002484,False,True,14,2,partition-expired,SERVE,n0/missing-bundle,True,0,0.02549900000303751
case-36,missing,generated,6,lww,main,False,True,71191,71129,0,0,4.298637999966104,False,True,27,2,recovered,SERVE,n0/missing-bundle,True,0,0.05056599997033118
case-36,missing,generated,6,signed-index,main,True,False,70674,70620,0,0,10.68185200000471,True,False,1,2,base,SERVE,n0/bundle,True,0,0.027790999979515618
case-36,missing,generated,6,signed-index,main,False,True,71191,71129,0,0,4.1543010000282266,False,True,4,2,partition-young,SERVE,n0/missing-bundle,True,0,0.025208000010934484
case-36,missing,generated,6,signed-index,main,False,True,71191,71129,0,0,4.345458999978291,False,True,14,2,partition-expired,SERVE,n0/missing-bundle,True,0,0.0271509999834052
case-36,missing,generated,6,signed-index,main,False,True,71191,71129,0,0,4.823977999990348,False,True,27,2,recovered,SERVE,n0/missing-bundle,True,0,0.02930499999820313
case-36,missing,generated,6,transparency-only,main,True,False,70674,70620,0,0,10.943485999973745,True,False,1,2,base,SERVE,n0/bundle,True,0,0.12702099996886318
case-36,missing,generated,6,transparency-only,main,False,False,71191,71129,0,0,5.617022000024008,False,False,4,2,partition-young,MISSING_OR_ROOT_REVOKED,n0/missing-bundle,False,0,0.02756099996759076
case-36,missing,generated,6,transparency-only,main,False,False,71191,71129,0,0,5.324852000001101,False,False,14,2,partition-expired,MISSING_OR_ROOT_REVOKED,n0/missing-bundle,False,0,0.026369000011072785
case-36,missing,generated,6,transparency-only,main,False,False,71191,71129,0,0,5.324532000031468,False,False,27,2,recovered,MISSING_OR_ROOT_REVOKED,n0/missing-bundle,False,0,0.028262000000722765
case-36,missing,generated,6,root-only,main,True,False,71330,70620,130,0,58.51927200001228,True,False,1,8,base,SERVE,n0/bundle,True,7,45.9877659999961
case-36,missing,generated,6,root-only,main,False,False,71847,71129,3,0,53.16046899997673,False,False,4,8,partition-young,MISSING_DEPENDENCY,n0/missing-bundle,False,2,46.28187899999148
case-36,missing,generated,6,root-only,main,False,False,71851,71130,3,0,54.88083700004154,False,False,14,8,partition-expired,MISSING_DEPENDENCY,n0/missing-bundle,False,2,47.431348999964484
case-36,missing,generated,6,root-only,main,False,False,71851,71130,3,0,53.71284900002138,False,False,27,8,recovered,MISSING_DEPENDENCY,n0/missing-bundle,False,2,46.9610110000076
case-36,missing,generated,6,all-namespaces,main,True,False,83344,75395,130,0,85.59574299999895,True,False,1,74,base,SERVE,n0/bundle,True,7,49.43787700000257
case-36,missing,generated,6,all-namespaces,main,False,False,78520,75904,3,10,74.73498100000597,False,False,4,34,partition-young,MISSING_DEPENDENCY,n0/missing-bundle,False,2,51.93109900000081
case-36,missing,generated,6,all-namespaces,main,False,False,78528,75906,3,10,73.39166000002706,False,False,14,34,partition-expired,MISSING_DEPENDENCY,n0/missing-bundle,False,2,50.91825400000971
case-36,missing,generated,6,all-namespaces,main,False,False,83909,75916,3,0,79.07656399999041,False,False,27,74,recovered,MISSING_DEPENDENCY,n0/missing-bundle,False,2,49.50593000000936
case-36,missing,generated,6,scoped,main,True,False,79106,70620,130,0,83.12529600004837,True,False,1,48,base,SERVE,n0/bundle,True,7,52.05824000000803
case-36,missing,generated,6,scoped,main,False,False,77028,71129,3,5,69.27049900002658,False,False,4,28,partition-young,MISSING_DEPENDENCY,n0/missing-bundle,False,2,49.68659100001105
case-36,missing,generated,6,scoped,main,False,False,77036,71131,3,5,71.80789700004198,False,False,14,28,partition-expired,MISSING_DEPENDENCY,n0/missing-bundle,False,2,49.61029700001518
case-36,missing,generated,6,scoped,main,False,False,79731,71136,3,0,67.55609900000081,False,False,27,48,recovered,MISSING_DEPENDENCY,n0/missing-bundle,False,2,45.05983999996488
case-36,missing,generated,6,status-proof,main,True,False,30334,26345,130,0,14.341279000007034,True,False,1,16,base,SERVE,n0/bundle,True,7,1.6603779999968538
case-36,missing,generated,6,status-proof,main,False,False,7121,22161,2,5,4.454581999993934,False,False,4,6,partition-young,INVALID_OR_MISSING_STATUS,n0/missing-bundle,False,2,1.2169010000206981
case-36,missing,generated,6,status-proof,main,False,False,7125,22163,0,5,3.785715999981676,False,False,14,6,partition-expired,EXPIRED,n0/missing-bundle,False,0,0.42892599998367587
case-36,missing,generated,6,status-proof,main,False,False,30680,26612,2,0,8.293369000000439,False,False,27,16,recovered,INVALID_OR_MISSING_STATUS,n0/missing-bundle,False,2,1.4070579999838628
case-37,malformed,public-lock,1,lww,main,True,False,34888,34834,0,0,4.081511999970644,True,False,1,2,base,SERVE,n0/bundle,True,0,0.0181469999915862
case-37,malformed,public-lock,1,lww,main,False,True,2489,2434,0,0,1.4622400000234848,False,True,4,2,partition-young,SERVE,n0/cycle-a,True,0,0.005318000035003934
case-37,malformed,public-lock,1,lww,main,False,True,2489,2434,0,0,1.7101230000093892,False,True,14,2,partition-expired,SERVE,n0/cycle-a,True,0,0.0034349999964433664
case-37,malformed,public-lock,1,lww,main,False,True,2489,2434,0,0,1.5162309999823265,False,True,27,2,recovered,SERVE,n0/cycle-a,True,0,0.00545900002180133
case-37,malformed,public-lock,1,signed-index,main,True,False,34888,34834,0,0,4.121992000023056,True,False,1,2,base,SERVE,n0/bundle,True,0,0.01741599999149912
case-37,malformed,public-lock,1,signed-index,main,False,True,2489,2434,0,0,1.5018999999938387,False,True,4,2,partition-young,SERVE,n0/cycle-a,True,0,0.00437600004943306
case-37,malformed,public-lock,1,signed-index,main,False,True,2489,2434,0,0,1.9152219999796216,False,True,14,2,partition-expired,SERVE,n0/cycle-a,True,0,0.0037460000044120534
case-37,malformed,public-lock,1,signed-index,main,False,True,2489,2434,0,0,1.7252259999622765,False,True,27,2,recovered,SERVE,n0/cycle-a,True,0,0.006089000009978918
case-37,malformed,public-lock,1,transparency-only,main,True,False,34888,34834,0,0,4.277375999947708,True,False,1,2,base,SERVE,n0/bundle,True,0,0.03764699999919685
case-37,malformed,public-lock,1,transparency-only,main,False,True,2489,2434,0,0,1.752646999989338,False,True,4,2,partition-young,SERVE,n0/cycle-a,True,0,0.0075010000273323385
case-37,malformed,public-lock,1,transparency-only,main,False,True,2489,2434,0,0,1.4222699999777433,False,True,14,2,partition-expired,SERVE,n0/cycle-a,True,0,0.004487000012431963
case-37,malformed,public-lock,1,transparency-only,main,False,True,2489,2434,0,0,1.5954099999930804,False,True,27,2,recovered,SERVE,n0/cycle-a,True,0,0.0070309999955497915
case-37,malformed,public-lock,1,root-only,main,True,False,35539,34834,62,0,27.373237000006156,True,False,1,8,base,SERVE,n0/bundle,True,2,21.52319500004296
case-37,malformed,public-lock,1,root-only,main,False,False,3140,2434,2,0,5.025921999958882,False,False,4,8,partition-young,DEPENDENCY_CYCLE,n0/cycle-a,False,1,1.9201789999669927
case-37,malformed,public-lock,1,root-only,main,False,False,3144,2435,2,0,4.572791000043708,False,False,14,8,partition-expired,DEPENDENCY_CYCLE,n0/cycle-a,False,1,1.5797870000255898
case-37,malformed,public-lock,1,root-only,main,False,False,3144,2435,2,0,5.148967000025095,False,False,27,8,recovered,DEPENDENCY_CYCLE,n0/cycle-a,False,1,2.015121999988878
case-37,malformed,public-lock,1,all-namespaces,main,True,False,52238,44364,62,0,51.65335999998888,True,False,1,74,base,SERVE,n0/bundle,True,2,27.585347000012916
case-37,malformed,public-lock,1,all-namespaces,main,False,False,47863,45317,2,10,41.61418600000388,False,False,4,34,partition-young,DEPENDENCY_CYCLE,n0/cycle-a,False,1,27.668892000008327
case-37,malformed,public-lock,1,all-namespaces,main,False,False,47871,45319,2,10,41.65460699999812,False,False,14,34,partition-expired,DEPENDENCY_CYCLE,n0/cycle-a,False,1,27.63567200003081
case-37,malformed,public-lock,1,all-namespaces,main,False,False,53240,45329,2,0,51.505769000016244,False,False,27,74,recovered,DEPENDENCY_CYCLE,n0/cycle-a,False,1,27.227517999961037
case-37,malformed,public-lock,1,scoped,main,True,False,39179,34834,62,0,33.12477100001843,True,False,1,18,base,SERVE,n0/bundle,True,2,22.27008899996008
case-37,malformed,public-lock,1,scoped,main,False,False,3330,2434,2,0,7.692495000014787,False,False,4,12,partition-young,DEPENDENCY_CYCLE,n0/cycle-a,False,1,1.7342689999964023
case-37,malformed,public-lock,1,scoped,main,False,False,3334,2435,2,0,6.8132320000131585,False,False,14,12,partition-expired,DEPENDENCY_CYCLE,n0/cycle-a,False,1,1.6262269999742784
case-37,malformed,public-lock,1,scoped,main,False,False,3334,2435,2,0,7.86492399998906,False,False,27,12,recovered,DEPENDENCY_CYCLE,n0/cycle-a,False,1,1.8534689999682996
case-37,malformed,public-lock,1,status-proof,main,True,False,18280,15292,62,0,6.79234000000406,True,False,1,6,base,SERVE,n0/bundle,True,2,0.6997330000331203
case-37,malformed,public-lock,1,status-proof,main,False,False,677,519,2,0,2.19917900000155,False,False,4,4,partition-young,CYCLE_OR_DEPTH,n0/cycle-a,False,1,0.19557500002065353
case-37,malformed,public-lock,1,status-proof,main,False,False,679,520,2,0,1.99100599996882,False,False,14,4,partition-expired,CYCLE_OR_DEPTH,n0/cycle-a,False,1,0.17606500000511005
case-37,malformed,public-lock,1,status-proof,main,False,False,679,520,2,0,2.254972999992333,False,False,27,4,recovered,CYCLE_OR_DEPTH,n0/cycle-a,False,1,0.18379599998752383
case-38,malformed,public-lock,3,lww,main,True,False,36778,36724,0,0,5.210899999951835,True,False,1,2,base,SERVE,n0/bundle,True,0,0.01682499998878484
case-38,malformed,public-lock,3,lww,main,False,True,2489,2434,0,0,1.6036530000178573,False,True,4,2,partition-young,SERVE,n0/cycle-a,True,0,0.004495999974096776
case-38,malformed,public-lock,3,lww,main,False,True,2489,2434,0,0,1.6455049999990479,False,True,14,2,partition-expired,SERVE,n0/cycle-a,True,0,0.004196000020328938
case-38,malformed,public-lock,3,lww,main,False,True,2489,2434,0,0,1.6595269999584161,False,True,27,2,recovered,SERVE,n0/cycle-a,True,0,0.00536800001782467
case-38,malformed,public-lock,3,signed-index,main,True,False,36778,36724,0,0,4.9571689999652335,True,False,1,2,base,SERVE,n0/bundle,True,0,0.018277999970450765
case-38,malformed,public-lock,3,signed-index,main,False,True,2489,2434,0,0,1.6867479999973511,False,True,4,2,partition-young,SERVE,n0/cycle-a,True,0,0.004867000029662449
case-38,malformed,public-lock,3,signed-index,main,False,True,2489,2434,0,0,1.6025120000335846,False,True,14,2,partition-expired,SERVE,n0/cycle-a,True,0,0.003825999954187864
case-38,malformed,public-lock,3,signed-index,main,False,True,2489,2434,0,0,1.7503839999903903,False,True,27,2,recovered,SERVE,n0/cycle-a,True,0,0.005878999957076303
case-38,malformed,public-lock,3,transparency-only,main,True,False,36778,36724,0,0,4.595964999964508,True,False,1,2,base,SERVE,n0/bundle,True,0,0.03547400001480128
case-38,malformed,public-lock,3,transparency-only,main,False,True,2489,2434,0,0,1.4050439999664377,False,True,4,2,partition-young,SERVE,n0/cycle-a,True,0,0.005156999975497456
case-38,malformed,public-lock,3,transparency-only,main,False,True,2489,2434,0,0,1.4479189999860864,False,True,14,2,partition-expired,SERVE,n0/cycle-a,True,0,0.004447000037544058
case-38,malformed,public-lock,3,transparency-only,main,False,True,2489,2434,0,0,1.7947400000366542,False,True,27,2,recovered,SERVE,n0/cycle-a,True,0,0.0069600000074387935
case-38,malformed,public-lock,3,root-only,main,True,False,37431,36724,62,0,29.73820599999044,True,False,1,8,base,SERVE,n0/bundle,True,4,23.584687999971266
case-38,malformed,public-lock,3,root-only,main,False,False,3142,2434,2,0,4.668804999994336,False,False,4,8,partition-young,DEPENDENCY_CYCLE,n0/cycle-a,False,1,1.6264270000192482
case-38,malformed,public-lock,3,root-only,main,False,False,3146,2435,2,0,4.746711999985109,False,False,14,8,partition-expired,DEPENDENCY_CYCLE,n0/cycle-a,False,1,1.7964829999641552
case-38,malformed,public-lock,3,root-only,main,False,False,3146,2435,2,0,4.73671699995748,False,False,27,8,recovered,DEPENDENCY_CYCLE,n0/cycle-a,False,1,1.6081300000223564
case-38,malformed,public-lock,3,all-namespaces,main,True,False,52256,44352,62,0,58.10809400003336,True,False,1,74,base,SERVE,n0/bundle,True,4,30.99514799998815
case-38,malformed,public-lock,3,all-namespaces,main,False,False,47875,45305,2,10,51.173469999980625,False,False,4,34,partition-young,DEPENDENCY_CYCLE,n0/cycle-a,False,1,35.03943399999798
case-38,malformed,public-lock,3,all-namespaces,main,False,False,47883,45307,2,10,44.97173800001519,False,False,14,34,partition-expired,DEPENDENCY_CYCLE,n0/cycle-a,False,1,29.373998999972173
case-38,malformed,public-lock,3,all-namespaces,main,False,False,53258,45317,2,0,57.863978000000316,False,False,27,74,recovered,DEPENDENCY_CYCLE,n0/cycle-a,False,1,30.050947000006545
case-38,malformed,public-lock,3,scoped,main,True,False,42405,36724,62,0,34.82663400001229,True,False,1,30,base,SERVE,n0/bundle,True,4,21.770087000049898
case-38,malformed,public-lock,3,scoped,main,False,False,3332,2434,2,0,7.046633000015845,False,False,4,12,partition-young,DEPENDENCY_CYCLE,n0/cycle-a,False,1,1.6053560000273137
case-38,malformed,public-lock,3,scoped,main,False,False,3336,2435,2,0,7.477691000019604,False,False,14,12,partition-expired,DEPENDENCY_CYCLE,n0/cycle-a,False,1,1.5870780000000195
case-38,malformed,public-lock,3,scoped,main,False,False,3336,2435,2,0,7.315417000029356,False,False,27,12,recovered,DEPENDENCY_CYCLE,n0/cycle-a,False,1,1.6255859999887434
case-38,malformed,public-lock,3,status-proof,main,True,False,18692,15618,62,0,7.8396670000415725,True,False,1,10,base,SERVE,n0/bundle,True,4,1.5265569999769468
case-38,malformed,public-lock,3,status-proof,main,False,False,677,519,2,0,2.0424530000013874,False,False,4,4,partition-young,CYCLE_OR_DEPTH,n0/cycle-a,False,1,0.17793699998946977
case-38,malformed,public-lock,3,status-proof,main,False,False,679,520,2,0,2.091747999998006,False,False,14,4,partition-expired,CYCLE_OR_DEPTH,n0/cycle-a,False,1,0.19743699999708042
case-38,malformed,public-lock,3,status-proof,main,False,False,679,520,2,0,2.483396000002358,False,False,27,4,recovered,CYCLE_OR_DEPTH,n0/cycle-a,False,1,0.18226399998866327
case-39,malformed,public-lock,6,lww,main,True,False,39613,39559,0,0,4.305758999976206,True,False,1,2,base,SERVE,n0/bundle,True,0,0.019538999993073958
case-39,malformed,public-lock,6,lww,main,False,True,2489,2434,0,0,1.544835000004241,False,True,4,2,partition-young,SERVE,n0/cycle-a,True,0,0.005667999971592508
case-39,malformed,public-lock,6,lww,main,False,True,2489,2434,0,0,1.427097999965099,False,True,14,2,partition-expired,SERVE,n0/cycle-a,True,0,0.003375000005689799
case-39,malformed,public-lock,6,lww,main,False,True,2489,2434,0,0,1.7307240000263846,False,True,27,2,recovered,SERVE,n0/cycle-a,True,0,0.004936999971505429
case-39,malformed,public-lock,6,signed-index,main,True,False,39613,39559,0,0,4.366951000008612,True,False,1,2,base,SERVE,n0/bundle,True,0,0.01922899997452987
case-39,malformed,public-lock,6,signed-index,main,False,True,2489,2434,0,0,1.4519249999693784,False,True,4,2,partition-young,SERVE,n0/cycle-a,True,0,0.004266000019015337
case-39,malformed,public-lock,6,signed-index,main,False,True,2489,2434,0,0,1.5266269999756332,False,True,14,2,partition-expired,SERVE,n0/cycle-a,True,0,0.003375999995114398
case-39,malformed,public-lock,6,signed-index,main,False,True,2489,2434,0,0,1.6621310000459744,False,True,27,2,recovered,SERVE,n0/cycle-a,True,0,0.005889000021852553
case-39,malformed,public-lock,6,transparency-only,main,True,False,39613,39559,0,0,4.680192000023453,True,False,1,2,base,SERVE,n0/bundle,True,0,0.0368860000321547
case-39,malformed,public-lock,6,transparency-only,main,False,True,2489,2434,0,0,1.4523649999773625,False,True,4,2,partition-young,SERVE,n0/cycle-a,True,0,0.006229999996776314
case-39,malformed,public-lock,6,transparency-only,main,False,True,2489,2434,0,0,1.488811000001533,False,True,14,2,partition-expired,SERVE,n0/cycle-a,True,0,0.0054079999927125755
case-39,malformed,public-lock,6,transparency-only,main,False,True,2489,2434,0,0,1.528749999977208,False,True,27,2,recovered,SERVE,n0/cycle-a,True,0,0.006169000016598147
case-39,malformed,public-lock,6,root-only,main,True,False,40269,39559,62,0,33.781621000002815,True,False,1,8,base,SERVE,n0/bundle,True,7,27.20445400001381
case-39,malformed,public-lock,6,root-only,main,False,False,3145,2434,2,0,5.011991999992915,False,False,4,8,partition-young,DEPENDENCY_CYCLE,n0/cycle-a,False,1,1.614379999978155
case-39,malformed,public-lock,6,root-only,main,False,False,3149,2435,2,0,5.239534000054391,False,False,14,8,partition-expired,DEPENDENCY_CYCLE,n0/cycle-a,False,1,1.9449469999699431
case-39,malformed,public-lock,6,root-only,main,False,False,3149,2435,2,0,5.5784840000114855,False,False,27,8,recovered,DEPENDENCY_CYCLE,n0/cycle-a,False,1,2.0933099999638216
case-39,malformed,public-lock,6,all-namespaces,main,True,False,52283,44334,62,0,52.947628000026725,True,False,1,74,base,SERVE,n0/bundle,True,7,28.02913499999704
case-39,malformed,public-lock,6,all-namespaces,main,False,False,47896,45287,2,10,45.71258199996464,False,False,4,34,partition-young,DEPENDENCY_CYCLE,n0/cycle-a,False,1,28.998854000008123
case-39,malformed,public-lock,6,all-namespaces,main,False,False,47904,45289,2,10,51.10494600000948,False,False,14,34,partition-expired,DEPENDENCY_CYCLE,n0/cycle-a,False,1,33.93631300002653
case-39,malformed,public-lock,6,all-namespaces,main,False,False,53285,45299,2,0,54.422277000014674,False,False,27,74,recovered,DEPENDENCY_CYCLE,n0/cycle-a,False,1,29.84720000000607
case-39,malformed,public-lock,6,scoped,main,True,False,47259,39559,62,0,44.92256300000008,True,False,1,48,base,SERVE,n0/bundle,True,7,25.25043299999652
case-39,malformed,public-lock,6,scoped,main,False,False,3335,2434,2,0,6.92307700001038,False,False,4,12,partition-young,DEPENDENCY_CYCLE,n0/cycle-a,False,1,1.6066069999851607
case-39,malformed,public-lock,6,scoped,main,False,False,3339,2435,2,0,7.181376000005457,False,False,14,12,partition-expired,DEPENDENCY_CYCLE,n0/cycle-a,False,1,1.6786359999514389
case-39,malformed,public-lock,6,scoped,main,False,False,3339,2435,2,0,7.935229999986859,False,False,27,12,recovered,DEPENDENCY_CYCLE,n0/cycle-a,False,1,1.824264999982006
case-39,malformed,public-lock,6,status-proof,main,True,False,19310,16107,62,0,8.039787000029719,True,False,1,16,base,SERVE,n0/bundle,True,7,1.5315450000343844
case-39,malformed,public-lock,6,status-proof,main,False,False,677,519,2,0,2.3145119999981034,False,False,4,4,partition-young,CYCLE_OR_DEPTH,n0/cycle-a,False,1,0.1843770000391487
case-39,malformed,public-lock,6,status-proof,main,False,False,679,520,2,0,1.9543509999948583,False,False,14,4,partition-expired,CYCLE_OR_DEPTH,n0/cycle-a,False,1,0.2357649999567002
case-39,malformed,public-lock,6,status-proof,main,False,False,679,520,2,0,1.9772250000187341,False,False,27,4,recovered,CYCLE_OR_DEPTH,n0/cycle-a,False,1,0.2073119999863593
case-40,malformed,generated,1,lww,main,True,False,65982,65928,0,0,12.023912000017845,True,False,1,2,base,SERVE,n0/bundle,True,0,0.025939000011021562
case-40,malformed,generated,1,lww,main,False,True,2478,2423,0,0,2.603786999998192,False,True,4,2,partition-young,SERVE,n0/cycle-a,True,0,0.0046470000256704225
case-40,malformed,generated,1,lww,main,False,True,2478,2423,0,0,2.480332000004637,False,True,14,2,partition-expired,SERVE,n0/cycle-a,True,0,0.0036459999819271616
case-40,malformed,generated,1,lww,main,False,True,2478,2423,0,0,2.515293999977075,False,True,27,2,recovered,SERVE,n0/cycle-a,True,0,0.005397999984779744
case-40,malformed,generated,1,signed-index,main,True,False,65982,65928,0,0,10.3622719999521,True,False,1,2,base,SERVE,n0/bundle,True,0,0.02995599999167098
case-40,malformed,generated,1,signed-index,main,False,True,2478,2423,0,0,2.136043999996673,False,True,4,2,partition-young,SERVE,n0/cycle-a,True,0,0.0038050000057410216
case-40,malformed,generated,1,signed-index,main,False,True,2478,2423,0,0,2.1071209999945495,False,True,14,2,partition-expired,SERVE,n0/cycle-a,True,0,0.003484999979264103
case-40,malformed,generated,1,signed-index,main,False,True,2478,2423,0,0,2.351998999984062,False,True,27,2,recovered,SERVE,n0/cycle-a,True,0,0.005348000001959008
case-40,malformed,generated,1,transparency-only,main,True,False,65982,65928,0,0,10.339286999965225,True,False,1,2,base,SERVE,n0/bundle,True,0,0.08421700005101229
case-40,malformed,generated,1,transparency-only,main,False,True,2478,2423,0,0,2.15847700002314,False,True,4,2,partition-young,SERVE,n0/cycle-a,True,0,0.005688999976882769
case-40,malformed,generated,1,transparency-only,main,False,True,2478,2423,0,0,2.417307999962759,False,True,14,2,partition-expired,SERVE,n0/cycle-a,True,0,0.005267999995339778
case-40,malformed,generated,1,transparency-only,main,False,True,2478,2423,0,0,3.52755800003024,False,True,27,2,recovered,SERVE,n0/cycle-a,True,0,0.007631000016772305
case-40,malformed,generated,1,root-only,main,True,False,66634,65928,130,0,54.62520300000051,True,False,1,8,base,SERVE,n0/bundle,True,2,42.77711500003534
case-40,malformed,generated,1,root-only,main,False,False,3130,2423,2,0,6.016291999969781,False,False,4,8,partition-young,DEPENDENCY_CYCLE,n0/cycle-a,False,1,1.6764530000159539
case-40,malformed,generated,1,root-only,main,False,False,3134,2424,2,0,6.063272999995206,False,False,14,8,partition-expired,DEPENDENCY_CYCLE,n0/cycle-a,False,1,1.6304740000236961
case-40,malformed,generated,1,root-only,main,False,False,3134,2424,2,0,5.970693999984178,False,False,27,8,recovered,DEPENDENCY_CYCLE,n0/cycle-a,False,1,1.6720759999770962
case-40,malformed,generated,1,all-namespaces,main,True,False,83347,75458,130,0,88.26335700001664,True,False,1,74,base,SERVE,n0/bundle,True,2,51.587205999965136
case-40,malformed,generated,1,all-namespaces,main,False,False,78969,76411,2,10,79.17240299997275,False,False,4,34,partition-young,DEPENDENCY_CYCLE,n0/cycle-a,False,1,54.18263100000331
case-40,malformed,generated,1,all-namespaces,main,False,False,78977,76413,2,10,72.22519700002294,False,False,14,34,partition-expired,DEPENDENCY_CYCLE,n0/cycle-a,False,1,51.506544999995185
case-40,malformed,generated,1,all-namespaces,main,False,False,84349,76423,2,0,81.505849999985,False,False,27,74,recovered,DEPENDENCY_CYCLE,n0/cycle-a,False,1,52.51445100003593
case-40,malformed,generated,1,scoped,main,True,False,71064,65928,130,0,63.94149400000515,True,False,1,18,base,SERVE,n0/bundle,True,2,44.22579000004134
case-40,malformed,generated,1,scoped,main,False,False,3320,2423,2,0,10.04441200001338,False,False,4,12,partition-young,DEPENDENCY_CYCLE,n0/cycle-a,False,1,1.5913049999767281
case-40,malformed,generated,1,scoped,main,False,False,3324,2424,2,0,9.514185000000452,False,False,14,12,partition-expired,DEPENDENCY_CYCLE,n0/cycle-a,False,1,1.846008000029542
case-40,malformed,generated,1,scoped,main,False,False,3324,2424,2,0,10.07391699999971,False,False,27,12,recovered,DEPENDENCY_CYCLE,n0/cycle-a,False,1,1.922202000002926
case-40,malformed,generated,1,status-proof,main,True,False,29305,25531,130,0,15.95950199998697,True,False,1,6,base,SERVE,n0/bundle,True,2,1.0598350000350365
case-40,malformed,generated,1,status-proof,main,False,False,677,519,2,0,3.0378900000300746,False,False,4,4,partition-young,CYCLE_OR_DEPTH,n0/cycle-a,False,1,0.18129300002556192
case-40,malformed,generated,1,status-proof,main,False,False,679,520,2,0,2.6699169999915284,False,False,14,4,partition-expired,CYCLE_OR_DEPTH,n0/cycle-a,False,1,0.17948999999362059
case-40,malformed,generated,1,status-proof,main,False,False,679,520,2,0,3.5007870000072216,False,False,27,4,recovered,CYCLE_OR_DEPTH,n0/cycle-a,False,1,0.18347600001789033
case-41,malformed,generated,3,lww,main,True,False,67839,67785,0,0,11.054381999997531,True,False,1,2,base,SERVE,n0/bundle,True,0,0.030234999996991974
case-41,malformed,generated,3,lww,main,False,True,2478,2423,0,0,2.516225000022132,False,True,4,2,partition-young,SERVE,n0/cycle-a,True,0,0.005267999995339778
case-41,malformed,generated,3,lww,main,False,True,2478,2423,0,0,2.390948000027038,False,True,14,2,partition-expired,SERVE,n0/cycle-a,True,0,0.0034449999475327786
case-41,malformed,generated,3,lww,main,False,True,2478,2423,0,0,2.6696670000205813,False,True,27,2,recovered,SERVE,n0/cycle-a,True,0,0.00487800002701988
case-41,malformed,generated,3,signed-index,main,True,False,67839,67785,0,0,10.027298000011342,True,False,1,2,base,SERVE,n0/bundle,True,0,0.02659000000448941
case-41,malformed,generated,3,signed-index,main,False,True,2478,2423,0,0,3.262478999999985,False,True,4,2,partition-young,SERVE,n0/cycle-a,True,0,0.005136999959631794
case-41,malformed,generated,3,signed-index,main,False,True,2478,2423,0,0,2.45263099998283,False,True,14,2,partition-expired,SERVE,n0/cycle-a,True,0,0.0035450000268610893
case-41,malformed,generated,3,signed-index,main,False,True,2478,2423,0,0,2.5343739999925674,False,True,27,2,recovered,SERVE,n0/cycle-a,True,0,0.005658000020503096
case-41,malformed,generated,3,transparency-only,main,True,False,67839,67785,0,0,55.857206999974096,True,False,1,2,base,SERVE,n0/bundle,True,0,0.06084200003897422
case-41,malformed,generated,3,transparency-only,main,False,True,2478,2423,0,0,2.2386389999837775,False,True,4,2,partition-young,SERVE,n0/cycle-a,True,0,0.006019000011292519
case-41,malformed,generated,3,transparency-only,main,False,True,2478,2423,0,0,2.607702999966932,False,True,14,2,partition-expired,SERVE,n0/cycle-a,True,0,0.004996999962258997
case-41,malformed,generated,3,transparency-only,main,False,True,2478,2423,0,0,4.230355000004238,False,True,27,2,recovered,SERVE,n0/cycle-a,True,0,0.007811999978457607
case-41,malformed,generated,3,root-only,main,True,False,68492,67785,130,0,58.60232800000631,True,False,1,8,base,SERVE,n0/bundle,True,4,46.03240699998423
case-41,malformed,generated,3,root-only,main,False,False,3131,2423,2,0,6.228971000041383,False,False,4,8,partition-young,DEPENDENCY_CYCLE,n0/cycle-a,False,1,1.634189000014885
case-41,malformed,generated,3,root-only,main,False,False,3135,2424,2,0,7.091720000005353,False,False,14,8,partition-expired,DEPENDENCY_CYCLE,n0/cycle-a,False,1,2.2008110000228953
case-41,malformed,generated,3,root-only,main,False,False,3135,2424,2,0,7.129676000033669,False,False,27,8,recovered,DEPENDENCY_CYCLE,n0/cycle-a,False,1,1.8778150000002825
case-41,malformed,generated,3,all-namespaces,main,True,False,83317,75413,130,0,90.65502300001071,True,False,1,74,base,SERVE,n0/bundle,True,4,52.13281400000369
case-41,malformed,generated,3,all-namespaces,main,False,False,78936,76366,2,10,69.85618999999588,False,False,4,34,partition-young,DEPENDENCY_CYCLE,n0/cycle-a,False,1,49.476057999982004
case-41,malformed,generated,3,all-namespaces,main,False,False,78944,76368,2,10,82.48480999998264,False,False,14,34,partition-expired,DEPENDENCY_CYCLE,n0/cycle-a,False,1,61.127567999960775
case-41,malformed,generated,3,all-namespaces,main,False,False,84319,76378,2,0,85.57042299997875,False,False,27,74,recovered,DEPENDENCY_CYCLE,n0/cycle-a,False,1,55.612390000021605
case-41,malformed,generated,3,scoped,main,True,False,74252,67785,130,0,64.75076899999976,True,False,1,30,base,SERVE,n0/bundle,True,4,42.88136599996051
case-41,malformed,generated,3,scoped,main,False,False,3321,2423,2,0,9.186440999997103,False,False,4,12,partition-young,DEPENDENCY_CYCLE,n0/cycle-a,False,1,1.6033819999847765
case-41,malformed,generated,3,scoped,main,False,False,3325,2424,2,0,9.439873000019361,False,False,14,12,partition-expired,DEPENDENCY_CYCLE,n0/cycle-a,False,1,1.5741980000143485
case-41,malformed,generated,3,scoped,main,False,False,3325,2424,2,0,10.441178999997192,False,False,27,12,recovered,DEPENDENCY_CYCLE,n0/cycle-a,False,1,1.7160120000312418
case-41,malformed,generated,3,status-proof,main,True,False,29716,25856,130,0,12.93489300002193,True,False,1,10,base,SERVE,n0/bundle,True,4,1.195477999999639
case-41,malformed,generated,3,status-proof,main,False,False,677,519,2,0,2.9752070000199637,False,False,4,4,partition-young,CYCLE_OR_DEPTH,n0/cycle-a,False,1,0.17947000003459834
case-41,malformed,generated,3,status-proof,main,False,False,679,520,2,0,2.653022000004057,False,False,14,4,partition-expired,CYCLE_OR_DEPTH,n0/cycle-a,False,1,0.17566500002885732
case-41,malformed,generated,3,status-proof,main,False,False,679,520,2,0,3.22607399999697,False,False,27,4,recovered,CYCLE_OR_DEPTH,n0/cycle-a,False,1,0.183435999986159
case-42,malformed,generated,6,lww,main,True,False,70674,70620,0,0,10.425015999999232,True,False,1,2,base,SERVE,n0/bundle,True,0,0.028682999982265756
case-42,malformed,generated,6,lww,main,False,True,2478,2423,0,0,2.3014729999886185,False,True,4,2,partition-young,SERVE,n0/cycle-a,True,0,0.004036000007090479
case-42,malformed,generated,6,lww,main,False,True,2478,2423,0,0,2.1468410000125004,False,True,14,2,partition-expired,SERVE,n0/cycle-a,True,0,0.0033349999739584746
case-42,malformed,generated,6,lww,main,False,True,2478,2423,0,0,2.4646489999895493,False,True,27,2,recovered,SERVE,n0/cycle-a,True,0,0.005087999966235657
case-42,malformed,generated,6,signed-index,main,True,False,70674,70620,0,0,10.612027999968632,True,False,1,2,base,SERVE,n0/bundle,True,0,0.02797199999804434
case-42,malformed,generated,6,signed-index,main,False,True,2478,2423,0,0,2.410648000022775,False,True,4,2,partition-young,SERVE,n0/cycle-a,True,0,0.004276000026948168
case-42,malformed,generated,6,signed-index,main,False,True,2478,2423,0,0,2.8696269999954893,False,True,14,2,partition-expired,SERVE,n0/cycle-a,True,0,0.003986000024269742
case-42,malformed,generated,6,signed-index,main,False,True,2478,2423,0,0,2.865781999958017,False,True,27,2,recovered,SERVE,n0/cycle-a,True,0,0.006069000050956674
case-42,malformed,generated,6,transparency-only,main,True,False,70674,70620,0,0,10.535290999996505,True,False,1,2,base,SERVE,n0/bundle,True,0,0.05898899996736873
case-42,malformed,generated,6,transparency-only,main,False,True,2478,2423,0,0,2.405209000016839,False,True,4,2,partition-young,SERVE,n0/cycle-a,True,0,0.006539999958476983
case-42,malformed,generated,6,transparency-only,main,False,True,2478,2423,0,0,2.4744739999960075,False,True,14,2,partition-expired,SERVE,n0/cycle-a,True,0,0.00501699992128124
case-42,malformed,generated,6,transparency-only,main,False,True,2478,2423,0,0,2.584107999950902,False,True,27,2,recovered,SERVE,n0/cycle-a,True,0,0.006869999992886733
case-42,malformed,generated,6,root-only,main,True,False,71330,70620,130,0,59.62381100005132,True,False,1,8,base,SERVE,n0/bundle,True,7,46.651682999936384
case-42,malformed,generated,6,root-only,main,False,False,3134,2423,2,0,5.864743999950406,False,False,4,8,partition-young,DEPENDENCY_CYCLE,n0/cycle-a,False,1,1.624073000016324
case-42,malformed,generated,6,root-only,main,False,False,3138,2424,2,0,5.657992999999806,False,False,14,8,partition-expired,DEPENDENCY_CYCLE,n0/cycle-a,False,1,1.5803370000639916
case-42,malformed,generated,6,root-only,main,False,False,3138,2424,2,0,6.159637999985534,False,False,27,8,recovered,DEPENDENCY_CYCLE,n0/cycle-a,False,1,1.6459270000268589
case-42,malformed,generated,6,all-namespaces,main,True,False,83344,75395,130,0,92.94449599997279,True,False,1,74,base,SERVE,n0/bundle,True,7,53.52931199990962
case-42,malformed,generated,6,all-namespaces,main,False,False,78957,76348,2,10,76.50272799992308,False,False,4,34,partition-young,DEPENDENCY_CYCLE,n0/cycle-a,False,1,55.35834300007991
case-42,malformed,generated,6,all-namespaces,main,False,False,78965,76350,2,10,77.09799300005216,False,False,14,34,partition-expired,DEPENDENCY_CYCLE,n0/cycle-a,False,1,54.854053999974894
case-42,malformed,generated,6,all-namespaces,main,False,False,84346,76360,2,0,80.91086900003575,False,False,27,74,recovered,DEPENDENCY_CYCLE,n0/cycle-a,False,1,50.035584999932325
case-42,malformed,generated,6,scoped,main,True,False,79106,70620,130,0,92.89223700000093,True,False,1,48,base,SERVE,n0/bundle,True,7,54.26992599996083
case-42,malformed,generated,6,scoped,main,False,False,3324,2423,2,0,9.459201999902689,False,False,4,12,partition-young,DEPENDENCY_CYCLE,n0/cycle-a,False,1,1.6169930000842214
case-42,malformed,generated,6,scoped,main,False,False,3328,2424,2,0,10.191223999981958,False,False,14,12,partition-expired,DEPENDENCY_CYCLE,n0/cycle-a,False,1,1.728010000078939
case-42,malformed,generated,6,scoped,main,False,False,3328,2424,2,0,9.778091999919525,False,False,27,12,recovered,DEPENDENCY_CYCLE,n0/cycle-a,False,1,1.6665480000028765
case-42,malformed,generated,6,status-proof,main,True,False,30334,26345,130,0,16.75032299999657,True,False,1,16,base,SERVE,n0/bundle,True,7,1.9104049999896233
case-42,malformed,generated,6,status-proof,main,False,False,677,519,2,0,2.824991000011323,False,False,4,4,partition-young,CYCLE_OR_DEPTH,n0/cycle-a,False,1,0.17838899998423585
case-42,malformed,generated,6,status-proof,main,False,False,679,520,2,0,2.5736630000210425,False,False,14,4,partition-expired,CYCLE_OR_DEPTH,n0/cycle-a,False,1,0.17863899995518295
case-42,malformed,generated,6,status-proof,main,False,False,679,520,2,0,3.246644999990167,False,False,27,4,recovered,CYCLE_OR_DEPTH,n0/cycle-a,False,1,0.21970000000237633
case-43,rollback,public-lock,1,lww,main,True,False,34888,34834,0,0,4.07604299994091,True,False,1,2,base,SERVE,n0/bundle,True,0,0.0169850000020233
case-43,rollback,public-lock,1,lww,main,True,False,34888,34834,0,0,3.5656149999567788,False,True,4,2,partition-young,SERVE,n0/bundle,True,0,0.015403000020342006
case-43,rollback,public-lock,1,lww,main,False,True,34888,34834,0,0,3.3093389999976353,False,True,14,2,partition-expired,SERVE,n0/bundle,True,0,0.013971000043966342
case-43,rollback,public-lock,1,lww,main,False,True,35145,35091,0,0,3.550391999965541,False,True,27,2,recovered,SERVE,n0/bundle,True,0,0.01652500009186042
case-43,rollback,public-lock,1,lww,probe,True,False,35145,35091,0,0,3.6952000000383123,False,True,2,2,pin-before-rollback,SERVE,n0/bundle,True,0,0.0177570000232663
case-43,rollback,public-lock,1,signed-index,main,True,False,34888,34834,0,0,4.239819999952488,True,False,1,2,base,SERVE,n0/bundle,True,0,0.017697000089356152
case-43,rollback,public-lock,1,signed-index,main,True,False,34888,34834,0,0,3.69007300002977,False,True,4,2,partition-young,SERVE,n0/bundle,True,0,0.015502999985983479
case-43,rollback,public-lock,1,signed-index,main,False,True,34888,34834,0,0,3.4213280000585655,False,True,14,2,partition-expired,SERVE,n0/bundle,True,0,0.01420199998847238
case-43,rollback,public-lock,1,signed-index,main,False,True,35145,35091,0,0,3.4530550000226867,False,True,27,2,recovered,SERVE,n0/bundle,True,0,0.016134000020429085
case-43,rollback,public-lock,1,signed-index,probe,True,False,35145,35091,0,0,3.838706000010461,False,True,2,2,pin-before-rollback,SERVE,n0/bundle,True,0,0.019629999997050618
case-43,rollback,public-lock,1,transparency-only,main,True,False,34888,34834,0,0,4.29553300000407,True,False,1,2,base,SERVE,n0/bundle,True,0,0.038327999959619774
case-43,rollback,public-lock,1,transparency-only,main,True,False,34888,34834,0,0,3.5535670000399477,False,True,4,2,partition-young,SERVE,n0/bundle,True,0,0.03233799998270115
case-43,rollback,public-lock,1,transparency-only,main,False,True,34888,34834,0,0,3.425293000077545,False,True,14,2,partition-expired,SERVE,n0/bundle,True,0,0.03206900009899982
case-43,rollback,public-lock,1,transparency-only,main,False,True,35145,35091,0,0,3.456561000007241,False,True,27,2,recovered,SERVE,n0/bundle,True,0,0.032798999995975464
case-43,rollback,public-lock,1,transparency-only,probe,True,False,35145,35091,0,0,3.806656999927327,False,True,2,2,pin-before-rollback,SERVE,n0/bundle,True,0,0.03616399999373243
case-43,rollback,public-lock,1,root-only,main,True,False,35539,34834,62,0,28.213171000061266,True,False,1,8,base,SERVE,n0/bundle,True,2,21.876386999906572
case-43,rollback,public-lock,1,root-only,main,True,False,35539,34834,0,0,6.151376000048003,False,False,4,8,partition-young,ROLLBACK,n0/bundle,False,0,1.1619690000088667
case-43,rollback,public-lock,1,root-only,main,False,False,35543,34835,0,0,6.208751000031043,False,False,14,8,partition-expired,ROLLBACK,n0/bundle,False,0,1.2416980000580224
case-43,rollback,public-lock,1,root-only,main,False,False,35800,35092,3,0,27.226776999896174,False,False,27,8,recovered,REVOKED,n0/bundle,False,2,22.448487000019668
case-43,rollback,public-lock,1,root-only,probe,True,False,35796,35091,3,0,27.97901799999636,False,False,2,8,pin-before-rollback,REVOKED,n0/bundle,False,2,23.231404999933147
case-43,rollback,public-lock,1,all-namespaces,main,True,False,52238,44364,62,0,52.14232599996649,True,False,1,74,base,SERVE,n0/bundle,True,2,28.351398999916455
case-43,rollback,public-lock,1,all-namespaces,main,True,False,46909,44364,0,10,15.852492000021812,False,False,4,34,partition-young,ROLLBACK,n0/bundle,False,0,1.189038999996228
case-43,rollback,public-lock,1,all-namespaces,main,False,False,46917,44366,0,10,17.557518999979038,False,False,14,34,partition-expired,ROLLBACK,n0/bundle,False,0,1.2038009999741917
case-43,rollback,public-lock,1,all-namespaces,main,False,False,52543,44633,3,0,110.69063100001131,False,False,27,74,recovered,REVOKED,n0/bundle,False,2,27.490303000035965
case-43,rollback,public-lock,1,all-namespaces,probe,True,False,52495,44621,3,0,50.62747700003456,False,False,2,74,pin-before-rollback,REVOKED,n0/bundle,False,2,28.49480500003665
case-43,rollback,public-lock,1,scoped,main,True,False,39179,34834,62,0,35.3485370000044,True,False,1,18,base,SERVE,n0/bundle,True,2,25.313948999951208
case-43,rollback,public-lock,1,scoped,main,True,False,38644,34834,0,1,9.158500000012282,False,False,4,14,partition-young,ROLLBACK,n0/bundle,False,0,1.1327339999525066
case-43,rollback,public-lock,1,scoped,main,False,False,38648,34835,0,1,9.117599000092014,False,False,14,14,partition-expired,ROLLBACK,n0/bundle,False,0,1.3977730000078736
case-43,rollback,public-lock,1,scoped,main,False,False,39444,35093,3,0,32.022993999930804,False,False,27,18,recovered,REVOKED,n0/bundle,False,2,22.297869999988507
case-43,rollback,public-lock,1,scoped,probe,True,False,39436,35091,3,0,32.614704000025085,False,False,2,18,pin-before-rollback,REVOKED,n0/bundle,False,2,22.613105000004907
case-43,rollback,public-lock,1,status-proof,main,True,False,18280,15292,62,0,11.077267000018765,True,False,1,6,base,SERVE,n0/bundle,True,2,0.7444000000305095
case-43,rollback,public-lock,1,status-proof,main,True,False,1887,15293,62,1,4.178298000056202,False,False,4,4,partition-young,INVALID_OR_MISSING_STATUS,n0/bundle,False,2,0.6462819999342173
case-43,rollback,public-lock,1,status-proof,main,False,False,1889,15294,0,1,3.5330759999396832,False,False,14,4,partition-expired,EXPIRED,n0/bundle,False,0,0.47099800008254533
case-43,rollback,public-lock,1,status-proof,main,False,False,18285,15295,62,0,5.681377999962933,False,False,27,6,recovered,INVALID_OR_MISSING_STATUS,n0/bundle,False,2,0.5712590000257478
case-43,rollback,public-lock,1,status-proof,probe,True,False,18281,15293,62,0,5.983893999996326,False,False,2,6,pin-before-rollback,INVALID_OR_MISSING_STATUS,n0/bundle,False,2,0.70349800000713
case-44,rollback,public-lock,3,lww,main,True,False,36778,36724,0,0,5.416278999973656,True,False,1,2,base,SERVE,n0/bundle,True,0,0.01724599997032783
case-44,rollback,public-lock,3,lww,main,True,False,36778,36724,0,0,4.183183999998619,False,True,4,2,partition-young,SERVE,n0/bundle,True,0,0.015602999951624952
case-44,rollback,public-lock,3,lww,main,False,True,36778,36724,0,0,4.008972000065114,False,True,14,2,partition-expired,SERVE,n0/bundle,True,0,0.014721999946232245
case-44,rollback,public-lock,3,lww,main,False,True,37033,36979,0,0,4.918601000099443,False,True,27,2,recovered,SERVE,n0/bundle,True,0,0.019430000065767672
case-44,rollback,public-lock,3,lww,probe,True,False,37033,36979,0,0,4.209874000025593,False,True,2,2,pin-before-rollback,SERVE,n0/bundle,True,0,0.016635000065434724
case-44,rollback,public-lock,3,signed-index,main,True,False,36778,36724,0,0,5.004610000014509,True,False,1,2,base,SERVE,n0/bundle,True,0,0.01898799996524758
case-44,rollback,public-lock,3,signed-index,main,True,False,36778,36724,0,0,4.404989000022397,False,True,4,2,partition-young,SERVE,n0/bundle,True,0,0.01732600003379048
case-44,rollback,public-lock,3,signed-index,main,False,True,36778,36724,0,0,4.4645169999739664,False,True,14,2,partition-expired,SERVE,n0/bundle,True,0,0.01586400003361632
case-44,rollback,public-lock,3,signed-index,main,False,True,37033,36979,0,0,4.218576999960533,False,True,27,2,recovered,SERVE,n0/bundle,True,0,0.01685600000200793
case-44,rollback,public-lock,3,signed-index,probe,True,False,37033,36979,0,0,4.603225999971983,False,True,2,2,pin-before-rollback,SERVE,n0/bundle,True,0,0.026370000000497384
case-44,rollback,public-lock,3,transparency-only,main,True,False,36778,36724,0,0,4.832662000012533,True,False,1,2,base,SERVE,n0/bundle,True,0,0.0665009999920585
case-44,rollback,public-lock,3,transparency-only,main,True,False,36778,36724,0,0,3.9602079999667694,False,True,4,2,partition-young,SERVE,n0/bundle,True,0,0.03373999993527832
case-44,rollback,public-lock,3,transparency-only,main,False,True,36778,36724,0,0,3.9495429999760745,False,True,14,2,partition-expired,SERVE,n0/bundle,True,0,0.03299899992725841
case-44,rollback,public-lock,3,transparency-only,main,False,True,37033,36979,0,0,5.359023999972123,False,True,27,2,recovered,SERVE,n0/bundle,True,0,0.03490300002795266
case-44,rollback,public-lock,3,transparency-only,probe,True,False,37033,36979,0,0,4.15429099996345,False,True,2,2,pin-before-rollback,SERVE,n0/bundle,True,0,0.03638499993030564
case-44,rollback,public-lock,3,root-only,main,True,False,37431,36724,62,0,30.001512000012553,True,False,1,8,base,SERVE,n0/bundle,True,4,21.873992999985603
case-44,rollback,public-lock,3,root-only,main,True,False,37431,36724,0,0,6.229843999904006,False,False,4,8,partition-young,ROLLBACK,n0/bundle,False,0,1.136410000071919
case-44,rollback,public-lock,3,root-only,main,False,False,37435,36725,0,0,6.8405819999952655,False,False,14,8,partition-expired,ROLLBACK,n0/bundle,False,0,1.2067149999666071
case-44,rollback,public-lock,3,root-only,main,False,False,37690,36980,25,0,30.121822999944925,False,False,27,8,recovered,REVOKED,n0/bundle,False,4,24.047151999980088
case-44,rollback,public-lock,3,root-only,probe,True,False,37686,36979,25,0,29.639096999972026,False,False,2,8,pin-before-rollback,REVOKED,n0/bundle,False,4,24.41252300002361
case-44,rollback,public-lock,3,all-namespaces,main,True,False,52256,44352,62,0,61.31388699998297,True,False,1,74,base,SERVE,n0/bundle,True,4,37.616579999962596
case-44,rollback,public-lock,3,all-namespaces,main,True,False,46921,44352,0,10,17.392929999914486,False,False,4,34,partition-young,ROLLBACK,n0/bundle,False,0,1.2657039999339759
case-44,rollback,public-lock,3,all-namespaces,main,False,False,46929,44354,0,10,17.40082200001325,False,False,14,34,partition-expired,ROLLBACK,n0/bundle,False,0,1.4919049999662093
case-44,rollback,public-lock,3,all-namespaces,main,False,False,52559,44619,25,0,51.479769000025044,False,False,27,74,recovered,REVOKED,n0/bundle,False,4,28.36822500000835
case-44,rollback,public-lock,3,all-namespaces,probe,True,False,52511,44607,25,0,51.33794599998964,False,False,2,74,pin-before-rollback,REVOKED,n0/bundle,False,4,28.549427000029937
case-44,rollback,public-lock,3,scoped,main,True,False,42405,36724,62,0,37.50036500002807,True,False,1,30,base,SERVE,n0/bundle,True,4,23.597706000032304
case-44,rollback,public-lock,3,scoped,main,True,False,40800,36724,0,3,11.879795000027116,False,False,4,18,partition-young,ROLLBACK,n0/bundle,False,0,1.1960299999600466
case-44,rollback,public-lock,3,scoped,main,False,False,40804,36725,0,3,11.599143000012191,False,False,14,18,partition-expired,ROLLBACK,n0/bundle,False,0,1.1638619999985167
case-44,rollback,public-lock,3,scoped,main,False,False,42676,36983,25,0,39.26934699995854,False,False,27,30,recovered,REVOKED,n0/bundle,False,4,24.910440999974526
case-44,rollback,public-lock,3,scoped,probe,True,False,42660,36979,25,0,37.45494700001473,False,False,2,30,pin-before-rollback,REVOKED,n0/bundle,False,4,23.90547000004517
case-44,rollback,public-lock,3,status-proof,main,True,False,18692,15618,62,0,7.478742999978749,True,False,1,10,base,SERVE,n0/bundle,True,4,1.0521330000301532
case-44,rollback,public-lock,3,status-proof,main,True,False,1897,15619,42,3,4.39350099998137,False,False,4,4,partition-young,INVALID_OR_MISSING_STATUS,n0/bundle,False,4,1.0577120000334617
case-44,rollback,public-lock,3,status-proof,main,False,False,1899,15620,0,3,3.1409659999326323,False,False,14,4,partition-expired,EXPIRED,n0/bundle,False,0,0.4532920000883678
case-44,rollback,public-lock,3,status-proof,main,False,False,18701,15623,42,0,5.83574100005535,False,False,27,10,recovered,INVALID_OR_MISSING_STATUS,n0/bundle,False,4,0.9210459999167142
case-44,rollback,public-lock,3,status-proof,probe,True,False,18693,15619,42,0,5.789722000031361,False,False,2,10,pin-before-rollback,INVALID_OR_MISSING_STATUS,n0/bundle,False,4,0.9868450000567464
case-45,rollback,public-lock,6,lww,main,True,False,39613,39559,0,0,4.595967000000201,True,False,1,2,base,SERVE,n0/bundle,True,0,0.02030099994954071
case-45,rollback,public-lock,6,lww,main,True,False,39613,39559,0,0,4.419981000069129,False,True,4,2,partition-young,SERVE,n0/bundle,True,0,0.03818799996224698
case-45,rollback,public-lock,6,lww,main,False,True,39613,39559,0,0,4.51439300002221,False,True,14,2,partition-expired,SERVE,n0/bundle,True,0,0.01691599993591808
case-45,rollback,public-lock,6,lww,main,False,True,39875,39821,0,0,4.137746000083098,False,True,27,2,recovered,SERVE,n0/bundle,True,0,0.018619000002217945
case-45,rollback,public-lock,6,lww,probe,True,False,39875,39821,0,0,4.462484999976368,False,True,2,2,pin-before-rollback,SERVE,n0/bundle,True,0,0.02105100008975569
case-45,rollback,public-lock,6,signed-index,main,True,False,39613,39559,0,0,4.378499000040392,True,False,1,2,base,SERVE,n0/bundle,True,0,0.017265999986193492
case-45,rollback,public-lock,6,signed-index,main,True,False,39613,39559,0,0,5.3558800000246265,False,True,4,2,partition-young,SERVE,n0/bundle,True,0,0.020091000010324933
case-45,rollback,public-lock,6,signed-index,main,False,True,39613,39559,0,0,4.284697999992204,False,True,14,2,partition-expired,SERVE,n0/bundle,True,0,0.016474000062771665
case-45,rollback,public-lock,6,signed-index,main,False,True,39875,39821,0,0,4.649255999993329,False,True,27,2,recovered,SERVE,n0/bundle,True,0,0.01864800003659184
case-45,rollback,public-lock,6,signed-index,probe,True,False,39875,39821,0,0,4.082474000028924,False,True,2,2,pin-before-rollback,SERVE,n0/bundle,True,0,0.0186680000524575
case-45,rollback,public-lock,6,transparency-only,main,True,False,39613,39559,0,0,4.417666999984249,True,False,1,2,base,SERVE,n0/bundle,True,0,0.03997000010258489
case-45,rollback,public-lock,6,transparency-only,main,True,False,39613,39559,0,0,4.19307899994692,False,True,4,2,partition-young,SERVE,n0/bundle,True,0,0.03630499998052983
case-45,rollback,public-lock,6,transparency-only,main,False,True,39613,39559,0,0,4.098908000059964,False,True,14,2,partition-expired,SERVE,n0/bundle,True,0,0.03436200006490253
case-45,rollback,public-lock,6,transparency-only,main,False,True,39875,39821,0,0,4.482505000055426,False,True,27,2,recovered,SERVE,n0/bundle,True,0,0.04166299993357825
case-45,rollback,public-lock,6,transparency-only,probe,True,False,39875,39821,0,0,4.281562999949529,False,True,2,2,pin-before-rollback,SERVE,n0/bundle,True,0,0.03740599993307114
case-45,rollback,public-lock,6,root-only,main,True,False,40269,39559,62,0,36.29628400005913,True,False,1,8,base,SERVE,n0/bundle,True,7,27.854272000013225
case-45,rollback,public-lock,6,root-only,main,True,False,40269,39559,0,0,6.9898070000817825,False,False,4,8,partition-young,ROLLBACK,n0/bundle,False,0,1.1706109999067849
case-45,rollback,public-lock,6,root-only,main,False,False,40273,39560,0,0,6.678688999954829,False,False,14,8,partition-expired,ROLLBACK,n0/bundle,False,0,1.1601550000932548
case-45,rollback,public-lock,6,root-only,main,False,False,40535,39822,42,0,33.20135700005267,False,False,27,8,recovered,REVOKED,n0/bundle,False,7,26.559993999967446
case-45,rollback,public-lock,6,root-only,probe,True,False,40531,39821,42,0,52.44516300001578,False,False,2,8,pin-before-rollback,REVOKED,n0/bundle,False,7,42.58827099999962
case-45,rollback,public-lock,6,all-namespaces,main,True,False,52283,44334,62,0,59.40154999996139,True,False,1,74,base,SERVE,n0/bundle,True,7,30.261794000011832
case-45,rollback,public-lock,6,all-namespaces,main,True,False,46942,44334,0,10,17.93113999997331,False,False,4,34,partition-young,ROLLBACK,n0/bundle,False,0,1.1500399999704314
case-45,rollback,public-lock,6,all-namespaces,main,False,False,46950,44336,0,10,17.007441000032486,False,False,14,34,partition-expired,ROLLBACK,n0/bundle,False,0,1.4612779999652048
case-45,rollback,public-lock,6,all-namespaces,main,False,False,52593,44608,42,0,67.2049300000026,False,False,27,74,recovered,REVOKED,n0/bundle,False,7,35.92774899993856
case-45,rollback,public-lock,6,all-namespaces,probe,True,False,52545,44596,42,0,57.29129400003785,False,False,2,74,pin-before-rollback,REVOKED,n0/bundle,False,7,29.363472
case-45,rollback,public-lock,6,scoped,main,True,False,47259,39559,62,0,43.13360100002228,True,False,1,48,base,SERVE,n0/bundle,True,7,24.938333999898532
case-45,rollback,public-lock,6,scoped,main,True,False,44584,39559,0,5,16.612224999903447,False,False,4,28,partition-young,ROLLBACK,n0/bundle,False,0,1.1627899999666624
case-45,rollback,public-lock,6,scoped,main,False,False,44592,39561,0,5,15.384178000090287,False,False,14,28,partition-expired,ROLLBACK,n0/bundle,False,0,1.1429499999167092
case-45,rollback,public-lock,6,scoped,main,False,False,47549,39828,42,0,55.502371999978095,False,False,27,48,recovered,REVOKED,n0/bundle,False,7,35.293304999981956
case-45,rollback,public-lock,6,scoped,probe,True,False,47521,39821,42,0,45.974871000112216,False,False,2,48,pin-before-rollback,REVOKED,n0/bundle,False,7,26.087493000090944
case-45,rollback,public-lock,6,status-proof,main,True,False,19310,16107,62,0,8.974163999937446,True,False,1,16,base,SERVE,n0/bundle,True,7,1.7594669999425605
case-45,rollback,public-lock,6,status-proof,main,True,False,4674,16108,32,5,4.758509999987837,False,False,4,6,partition-young,INVALID_OR_MISSING_STATUS,n0/bundle,False,7,1.3862760000620256
case-45,rollback,public-lock,6,status-proof,main,False,False,4678,16110,0,5,3.8676189999478083,False,False,14,6,partition-expired,EXPIRED,n0/bundle,False,0,0.34765299994887755
case-45,rollback,public-lock,6,status-proof,main,False,False,19325,16115,32,0,7.243158000051153,False,False,27,16,recovered,INVALID_OR_MISSING_STATUS,n0/bundle,False,7,1.433117000033235
case-45,rollback,public-lock,6,status-proof,probe,True,False,19311,16108,32,0,7.22691400005715,False,False,2,16,pin-before-rollback,INVALID_OR_MISSING_STATUS,n0/bundle,False,7,1.2765309999167584
case-46,rollback,generated,1,lww,main,True,False,65982,65928,0,0,10.546298999997816,True,False,1,2,base,SERVE,n0/bundle,True,0,0.02732099994773307
case-46,rollback,generated,1,lww,main,True,False,65982,65928,0,0,7.433855000044787,False,True,4,2,partition-young,SERVE,n0/bundle,True,0,0.02717100005611428
case-46,rollback,generated,1,lww,main,False,True,65982,65928,0,0,6.344567000041934,False,True,14,2,partition-expired,SERVE,n0/bundle,True,0,0.024446999987048912
case-46,rollback,generated,1,lww,main,False,True,66235,66181,0,0,6.546510000021044,False,True,27,2,recovered,SERVE,n0/bundle,True,0,0.025708999942253286
case-46,rollback,generated,1,lww,probe,True,False,66235,66181,0,0,7.622169000001122,False,True,2,2,pin-before-rollback,SERVE,n0/bundle,True,0,0.026178999974035833
case-46,rollback,generated,1,signed-index,main,True,False,65982,65928,0,0,10.649533999981031,True,False,1,2,base,SERVE,n0/bundle,True,0,0.029003000008742674
case-46,rollback,generated,1,signed-index,main,True,False,65982,65928,0,0,7.8804969999737295,False,True,4,2,partition-young,SERVE,n0/bundle,True,0,0.02608900001632719
case-46,rollback,generated,1,signed-index,main,False,True,65982,65928,0,0,6.211706999920352,False,True,14,2,partition-expired,SERVE,n0/bundle,True,0,0.02624999990530341
case-46,rollback,generated,1,signed-index,main,False,True,66235,66181,0,0,6.51943000002575,False,True,27,2,recovered,SERVE,n0/bundle,True,0,0.026178999974035833
case-46,rollback,generated,1,signed-index,probe,True,False,66235,66181,0,0,7.750261999944996,False,True,2,2,pin-before-rollback,SERVE,n0/bundle,True,0,0.02574899997398461
case-46,rollback,generated,1,transparency-only,main,True,False,65982,65928,0,0,10.322292000068956,True,False,1,2,base,SERVE,n0/bundle,True,0,0.08105200004138169
case-46,rollback,generated,1,transparency-only,main,True,False,65982,65928,0,0,7.961129000022993,False,True,4,2,partition-young,SERVE,n0/bundle,True,0,0.05818700003601407
case-46,rollback,generated,1,transparency-only,main,False,True,65982,65928,0,0,6.188210999994226,False,True,14,2,partition-expired,SERVE,n0/bundle,True,0,0.052038999911019346
case-46,rollback,generated,1,transparency-only,main,False,True,66235,66181,0,0,7.862971000008656,False,True,27,2,recovered,SERVE,n0/bundle,True,0,0.05513300004622579
case-46,rollback,generated,1,transparency-only,probe,True,False,66235,66181,0,0,8.209712000052605,False,True,2,2,pin-before-rollback,SERVE,n0/bundle,True,0,0.05925900006786833
case-46,rollback,generated,1,root-only,main,True,False,66634,65928,130,0,58.18171400005667,True,False,1,8,base,SERVE,n0/bundle,True,2,45.83633799995823
case-46,rollback,generated,1,root-only,main,True,False,66634,65928,0,0,9.392653000077189,False,False,4,8,partition-young,ROLLBACK,n0/bundle,False,0,1.2173610000445478
case-46,rollback,generated,1,root-only,main,False,False,66638,65929,0,0,8.548753000013676,False,False,14,8,partition-expired,ROLLBACK,n0/bundle,False,0,1.1557090000451353
case-46,rollback,generated,1,root-only,main,False,False,66891,66182,115,0,51.43519299997479,False,False,27,8,recovered,REVOKED,n0/bundle,False,2,43.31171999990602
case-46,rollback,generated,1,root-only,probe,True,False,66887,66181,115,0,51.22689899997113,False,False,2,8,pin-before-rollback,REVOKED,n0/bundle,False,2,43.41591699994751
case-46,rollback,generated,1,all-namespaces,main,True,False,83347,75458,130,0,85.21491999999853,True,False,1,74,base,SERVE,n0/bundle,True,2,48.67625200006387
case-46,rollback,generated,1,all-namespaces,main,True,False,78015,75458,0,10,25.082249999968553,False,False,4,34,partition-young,ROLLBACK,n0/bundle,False,0,1.1396349999586164
case-46,rollback,generated,1,all-namespaces,main,False,False,78023,75460,0,10,26.052700999912304,False,False,14,34,partition-expired,ROLLBACK,n0/bundle,False,0,1.282479999986208
case-46,rollback,generated,1,all-namespaces,main,False,False,83648,75723,115,0,87.09136400000261,False,False,27,74,recovered,REVOKED,n0/bundle,False,2,55.770106000068154
case-46,rollback,generated,1,all-namespaces,probe,True,False,83600,75711,115,0,85.19652299992231,False,False,2,74,pin-before-rollback,REVOKED,n0/bundle,False,2,53.86632099998678
case-46,rollback,generated,1,scoped,main,True,False,71064,65928,130,0,61.81971900002736,True,False,1,18,base,SERVE,n0/bundle,True,2,42.67705500001284
case-46,rollback,generated,1,scoped,main,True,False,70526,65928,0,1,14.814161000003878,False,False,4,14,partition-young,ROLLBACK,n0/bundle,False,0,1.262679999967986
case-46,rollback,generated,1,scoped,main,False,False,70530,65929,0,1,14.30595599993012,False,False,14,14,partition-expired,ROLLBACK,n0/bundle,False,0,1.1569010000584967
case-46,rollback,generated,1,scoped,main,False,False,71325,66183,115,0,57.15149399998154,False,False,27,18,recovered,REVOKED,n0/bundle,False,2,43.66002400001889
case-46,rollback,generated,1,scoped,probe,True,False,71317,66181,115,0,83.30234799996106,False,False,2,18,pin-before-rollback,REVOKED,n0/bundle,False,2,67.40143199999693
case-46,rollback,generated,1,status-proof,main,True,False,29305,25531,130,0,13.730669999972633,True,False,1,6,base,SERVE,n0/bundle,True,2,0.8843909999995958
case-46,rollback,generated,1,status-proof,main,True,False,2269,25532,11,1,5.219483000018954,False,False,4,4,partition-young,INVALID_OR_MISSING_STATUS,n0/bundle,False,2,0.6822060000786223
case-46,rollback,generated,1,status-proof,main,False,False,2271,25533,0,1,4.629356000009466,False,False,14,4,partition-expired,EXPIRED,n0/bundle,False,0,0.5263420000574115
case-46,rollback,generated,1,status-proof,main,False,False,29310,25534,11,0,10.037163000106375,False,False,27,6,recovered,INVALID_OR_MISSING_STATUS,n0/bundle,False,2,0.771149999991394
case-46,rollback,generated,1,status-proof,probe,True,False,29306,25532,11,0,9.298881000063375,False,False,2,6,pin-before-rollback,INVALID_OR_MISSING_STATUS,n0/bundle,False,2,0.6069029999480335
case-47,rollback,generated,3,lww,main,True,False,67839,67785,0,0,10.500460000002931,True,False,1,2,base,SERVE,n0/bundle,True,0,0.027620999958344328
case-47,rollback,generated,3,lww,main,True,False,67839,67785,0,0,9.692103000020325,False,True,4,2,partition-young,SERVE,n0/bundle,True,0,0.026018999960797373
case-47,rollback,generated,3,lww,main,False,True,67839,67785,0,0,9.193092000032266,False,True,14,2,partition-expired,SERVE,n0/bundle,True,0,0.02361500003189576
case-47,rollback,generated,3,lww,main,False,True,68091,68037,0,0,9.800397000049088,False,True,27,2,recovered,SERVE,n0/bundle,True,0,0.027670999998008483
case-47,rollback,generated,3,lww,probe,True,False,68091,68037,0,0,9.141885999952137,False,True,2,2,pin-before-rollback,SERVE,n0/bundle,True,0,0.028944000064257125
case-47,rollback,generated,3,signed-index,main,True,False,67839,67785,0,0,12.565597000048001,True,False,1,2,base,SERVE,n0/bundle,True,0,0.02632999996876606
case-47,rollback,generated,3,signed-index,main,True,False,67839,67785,0,0,9.59983400002784,False,True,4,2,partition-young,SERVE,n0/bundle,True,0,0.02600900006655138
case-47,rollback,generated,3,signed-index,main,False,True,67839,67785,0,0,9.415337000064028,False,True,14,2,partition-expired,SERVE,n0/bundle,True,0,0.02458599999499711
case-47,rollback,generated,3,signed-index,main,False,True,68091,68037,0,0,9.595018000027267,False,True,27,2,recovered,SERVE,n0/bundle,True,0,0.02789100005884393
case-47,rollback,generated,3,signed-index,probe,True,False,68091,68037,0,0,9.76139699992018,False,True,2,2,pin-before-rollback,SERVE,n0/bundle,True,0,0.029104000077495584
case-47,rollback,generated,3,transparency-only,main,True,False,67839,67785,0,0,10.620790999951168,True,False,1,2,base,SERVE,n0/bundle,True,0,0.06209299999682116
case-47,rollback,generated,3,transparency-only,main,True,False,67839,67785,0,0,9.588577999920744,False,True,4,2,partition-young,SERVE,n0/bundle,True,0,0.057075999961853086
case-47,rollback,generated,3,transparency-only,main,False,True,67839,67785,0,0,9.519243999989158,False,True,14,2,partition-expired,SERVE,n0/bundle,True,0,0.08420599999681144
case-47,rollback,generated,3,transparency-only,main,False,True,68091,68037,0,0,9.75298500009103,False,True,27,2,recovered,SERVE,n0/bundle,True,0,0.05778700005976134
case-47,rollback,generated,3,transparency-only,probe,True,False,68091,68037,0,0,9.33307299999342,False,True,2,2,pin-before-rollback,SERVE,n0/bundle,True,0,0.058318000014878635
case-47,rollback,generated,3,root-only,main,True,False,68492,67785,130,0,55.63034600004357,True,False,1,8,base,SERVE,n0/bundle,True,4,42.86757199997737
case-47,rollback,generated,3,root-only,main,True,False,68492,67785,0,0,9.933246000059626,False,False,4,8,partition-young,ROLLBACK,n0/bundle,False,0,1.1522940000077142
case-47,rollback,generated,3,root-only,main,False,False,68496,67786,0,0,10.186547999978757,False,False,14,8,partition-expired,ROLLBACK,n0/bundle,False,0,1.137512000013885
case-47,rollback,generated,3,root-only,main,False,False,68748,68038,129,0,54.91921600003025,False,False,27,8,recovered,REVOKED,n0/bundle,False,4,44.83417100004772
case-47,rollback,generated,3,root-only,probe,True,False,68744,68037,129,0,54.80130800003735,False,False,2,8,pin-before-rollback,REVOKED,n0/bundle,False,4,44.37217600002441
case-47,rollback,generated,3,all-namespaces,main,True,False,83317,75413,130,0,85.81192899998769,True,False,1,74,base,SERVE,n0/bundle,True,4,49.178116999996746
case-47,rollback,generated,3,all-namespaces,main,True,False,77982,75413,0,10,25.524735999965742,False,False,4,34,partition-young,ROLLBACK,n0/bundle,False,0,1.2958300000036616
case-47,rollback,generated,3,all-namespaces,main,False,False,77990,75415,0,10,24.357769999937773,False,False,14,34,partition-expired,ROLLBACK,n0/bundle,False,0,1.1924550000230738
case-47,rollback,generated,3,all-namespaces,main,False,False,83617,75677,129,0,80.06077599998207,False,False,27,74,recovered,REVOKED,n0/bundle,False,4,47.85877200004052
case-47,rollback,generated,3,all-namespaces,probe,True,False,83569,75665,129,0,80.8295320000525,False,False,2,74,pin-before-rollback,REVOKED,n0/bundle,False,4,48.6994359999926
case-47,rollback,generated,3,scoped,main,True,False,74252,67785,130,0,66.60556899998937,True,False,1,30,base,SERVE,n0/bundle,True,4,43.443597999953454
case-47,rollback,generated,3,scoped,main,True,False,72647,67785,0,3,17.992373000083717,False,False,4,18,partition-young,ROLLBACK,n0/bundle,False,0,1.204511999958413
case-47,rollback,generated,3,scoped,main,False,False,72651,67786,0,3,18.108947999962766,False,False,14,18,partition-expired,ROLLBACK,n0/bundle,False,0,1.2217279999049424
case-47,rollback,generated,3,scoped,main,False,False,74520,68041,129,0,70.66547900001297,False,False,27,30,recovered,REVOKED,n0/bundle,False,4,49.10467700005938
case-47,rollback,generated,3,scoped,probe,True,False,74504,68037,129,0,65.32516200002192,False,False,2,30,pin-before-rollback,REVOKED,n0/bundle,False,4,45.28903499999615
case-47,rollback,generated,3,status-proof,main,True,False,29716,25856,130,0,15.835957999911443,True,False,1,10,base,SERVE,n0/bundle,True,4,1.2890900000002148
case-47,rollback,generated,3,status-proof,main,True,False,2279,25857,11,3,6.806570999970063,False,False,4,4,partition-young,INVALID_OR_MISSING_STATUS,n0/bundle,False,4,1.083259999973052
case-47,rollback,generated,3,status-proof,main,False,False,2281,25858,0,3,6.004064000080689,False,False,14,4,partition-expired,EXPIRED,n0/bundle,False,0,0.4104670000515398
case-47,rollback,generated,3,status-proof,main,False,False,29725,25861,11,0,9.545092000053046,False,False,27,10,recovered,INVALID_OR_MISSING_STATUS,n0/bundle,False,4,0.9090170000263242
case-47,rollback,generated,3,status-proof,probe,True,False,29717,25857,11,0,9.987538000018503,False,False,2,10,pin-before-rollback,INVALID_OR_MISSING_STATUS,n0/bundle,False,4,0.9929039999860834
case-48,rollback,generated,6,lww,main,True,False,70674,70620,0,0,11.587265000002844,True,False,1,2,base,SERVE,n0/bundle,True,0,0.02688999995825725
case-48,rollback,generated,6,lww,main,True,False,70674,70620,0,0,10.147048000021641,False,True,4,2,partition-young,SERVE,n0/bundle,True,0,0.028191999945192947
case-48,rollback,generated,6,lww,main,False,True,70674,70620,0,0,9.067074000085995,False,True,14,2,partition-expired,SERVE,n0/bundle,True,0,0.02526800005853147
case-48,rollback,generated,6,lww,main,False,True,70926,70872,0,0,11.068935000025704,False,True,27,2,recovered,SERVE,n0/bundle,True,0,0.02664999999524298
case-48,rollback,generated,6,lww,probe,True,False,70926,70872,0,0,10.567020000053162,False,True,2,2,pin-before-rollback,SERVE,n0/bundle,True,0,0.02682000001641427
case-48,rollback,generated,6,signed-index,main,True,False,70674,70620,0,0,10.69455200001812,True,False,1,2,base,SERVE,n0/bundle,True,0,0.028042000053574156
case-48,rollback,generated,6,signed-index,main,True,False,70674,70620,0,0,9.885244999964016,False,True,4,2,partition-young,SERVE,n0/bundle,True,0,0.027781999961007386
case-48,rollback,generated,6,signed-index,main,False,True,70674,70620,0,0,10.733860999948774,False,True,14,2,partition-expired,SERVE,n0/bundle,True,0,0.027511999974194623
case-48,rollback,generated,6,signed-index,main,False,True,70926,70872,0,0,13.280653000038,False,True,27,2,recovered,SERVE,n0/bundle,True,0,0.029745000006187183
case-48,rollback,generated,6,signed-index,probe,True,False,70926,70872,0,0,11.024999000028401,False,True,2,2,pin-before-rollback,SERVE,n0/bundle,True,0,0.11112700008197862
case-48,rollback,generated,6,transparency-only,main,True,False,70674,70620,0,0,11.544350000008308,True,False,1,2,base,SERVE,n0/bundle,True,0,0.05972000008114264
case-48,rollback,generated,6,transparency-only,main,True,False,70674,70620,0,0,9.347535000074458,False,True,4,2,partition-young,SERVE,n0/bundle,True,0,0.0575369999751274
case-48,rollback,generated,6,transparency-only,main,False,True,70674,70620,0,0,9.311140000022533,False,True,14,2,partition-expired,SERVE,n0/bundle,True,0,0.056254000014632766
case-48,rollback,generated,6,transparency-only,main,False,True,70926,70872,0,0,11.351160000003802,False,True,27,2,recovered,SERVE,n0/bundle,True,0,0.057876999903783144
case-48,rollback,generated,6,transparency-only,probe,True,False,70926,70872,0,0,9.18954799999483,False,True,2,2,pin-before-rollback,SERVE,n0/bundle,True,0,0.05828799999108014
case-48,rollback,generated,6,root-only,main,True,False,71330,70620,130,0,62.12021300007109,True,False,1,8,base,SERVE,n0/bundle,True,7,49.155654999935905
case-48,rollback,generated,6,root-only,main,True,False,71330,70620,0,0,10.240138999961346,False,False,4,8,partition-young,ROLLBACK,n0/bundle,False,0,1.2098700000251483
case-48,rollback,generated,6,root-only,main,False,False,71334,70621,0,0,10.577076000004126,False,False,14,8,partition-expired,ROLLBACK,n0/bundle,False,0,1.2821489999623736
case-48,rollback,generated,6,root-only,main,False,False,71586,70873,129,0,63.893544999928054,False,False,27,8,recovered,REVOKED,n0/bundle,False,7,54.444166000052974
case-48,rollback,generated,6,root-only,probe,True,False,71582,70872,129,0,64.20870599993123,False,False,2,8,pin-before-rollback,REVOKED,n0/bundle,False,7,53.05018499996095
case-48,rollback,generated,6,all-namespaces,main,True,False,83344,75395,130,0,85.80640999991829,True,False,1,74,base,SERVE,n0/bundle,True,7,47.45931100001144
case-48,rollback,generated,6,all-namespaces,main,True,False,78003,75395,0,10,23.569715000007818,False,False,4,34,partition-young,ROLLBACK,n0/bundle,False,0,1.137631999995392
case-48,rollback,generated,6,all-namespaces,main,False,False,78011,75397,0,10,23.494470999935402,False,False,14,34,partition-expired,ROLLBACK,n0/bundle,False,0,1.1292689999891081
case-48,rollback,generated,6,all-namespaces,main,False,False,83644,75659,129,0,81.33860800001003,False,False,27,74,recovered,REVOKED,n0/bundle,False,7,49.00042999997822
case-48,rollback,generated,6,all-namespaces,probe,True,False,83596,75647,129,0,78.73793499993553,False,False,2,74,pin-before-rollback,REVOKED,n0/bundle,False,7,47.88321800003814
case-48,rollback,generated,6,scoped,main,True,False,79106,70620,130,0,75.282948999984,True,False,1,48,base,SERVE,n0/bundle,True,7,45.800092000035875
case-48,rollback,generated,6,scoped,main,True,False,76431,70620,0,5,23.668517000032807,False,False,4,28,partition-young,ROLLBACK,n0/bundle,False,0,1.7283810000208177
case-48,rollback,generated,6,scoped,main,False,False,76439,70622,0,5,23.162205000062386,False,False,14,28,partition-expired,ROLLBACK,n0/bundle,False,0,1.1424290000832116
case-48,rollback,generated,6,scoped,main,False,False,79386,70879,129,0,73.1072739999945,False,False,27,48,recovered,REVOKED,n0/bundle,False,7,46.28573200000119
case-48,rollback,generated,6,scoped,probe,True,False,79358,70872,129,0,73.4471550000535,False,False,2,48,pin-before-rollback,REVOKED,n0/bundle,False,7,46.09899100000803
case-48,rollback,generated,6,status-proof,main,True,False,30334,26345,130,0,14.387641999974221,True,False,1,16,base,SERVE,n0/bundle,True,7,1.834900999938327
case-48,rollback,generated,6,status-proof,main,True,False,6851,26346,20,5,7.987158999981148,False,False,4,6,partition-young,INVALID_OR_MISSING_STATUS,n0/bundle,False,7,1.5447250000306667
case-48,rollback,generated,6,status-proof,main,False,False,6855,26348,0,5,6.644568999945477,False,False,14,6,partition-expired,EXPIRED,n0/bundle,False,0,0.38602099994022865
case-48,rollback,generated,6,status-proof,main,False,False,30349,26353,20,0,11.464349999982915,False,False,27,16,recovered,INVALID_OR_MISSING_STATUS,n0/bundle,False,7,1.4540980000674608
case-48,rollback,generated,6,status-proof,probe,True,False,30335,26346,20,0,13.84729700009757,False,False,2,16,pin-before-rollback,INVALID_OR_MISSING_STATUS,n0/bundle,False,7,1.4511339999216943
